"","variable","median","rhat","ess_bulk"
"1","mu_pr[1]",-1.09814055,1.00794309735987,548.240196115588
"2","mu_pr[2]",-2.4665415,1.00298888970813,1176.61768396923
"3","mu_pr[3]",-1.3983662,1.00899362316548,571.098881715909
"4","mu_pr[4]",-0.0913794275,1.00235063334982,1349.12642049876
"5","mu_pr[5]",0.027962169,1.00187911342436,1680.87956715004
"6","sigma[1]",0.66054058,1.00358733144795,694.875233422158
"7","sigma[2]",0.184687285,1.00167060847877,4004.29080670002
"8","sigma[3]",0.446429225,1.00642471213437,548.128300501696
"9","sigma[4]",0.54358249,1.00185869451584,1572.79688735112
"10","sigma[5]",0.444411115,1.00361667865767,741.836948319272
"11","tau_pr[1]",0.35297288,1.00137107786518,6345.50177056705
"12","tau_pr[2]",0.135464115,1.00007288884396,7122.05035837764
"13","tau_pr[3]",-0.21969657,1.00081316622869,10095.4523798194
"14","tau_pr[4]",0.97723778,1.0030178613741,1689.12170544402
"15","tau_pr[5]",1.35911185,1.00148832037211,3353.59167385734
"16","tau_pr[6]",0.489501435,1.00232497988395,4163.53219846388
"17","tau_pr[7]",-0.25600586,1.00053690941299,7687.5944117384
"18","tau_pr[8]",0.3311386,1.00049001604532,7122.1781375776
"19","tau_pr[9]",0.067503062,1.0003571503372,8206.11367676632
"20","tau_pr[10]",0.0648083695,1.00001749064015,8324.26060598972
"21","tau_pr[11]",-0.254400315,1.00029665425771,8663.4154073406
"22","tau_pr[12]",0.0858686115,1.00052203366098,10016.7803793203
"23","tau_pr[13]",0.033637894,1.00116532114392,7181.74319628548
"24","tau_pr[14]",0.1626413,1.0008960561088,7752.67526213906
"25","tau_pr[15]",-0.578350235,1.0016404147674,10090.0104735619
"26","tau_pr[16]",0.058070923,1.00001357163715,7977.94606325074
"27","tau_pr[17]",-0.75095458,1.00088923886015,7960.79621674699
"28","tau_pr[18]",-0.686387055,1.00033560628926,7226.95020243749
"29","tau_pr[19]",-0.450635995,1.00003429346511,8228.60998173062
"30","tau_pr[20]",-0.24489267,1.00012894073523,7050.92131394781
"31","tau_pr[21]",0.15308263,1.00122047606105,2546.77769019037
"32","tau_pr[22]",-0.473694935,1.00072347015065,8430.54108903388
"33","tau_pr[23]",-0.48188034,1.00071932543091,9119.43612308127
"34","tau_pr[24]",-0.83658336,1.00081527441725,7186.49379185445
"35","tau_pr[25]",0.370389575,1.00092251761394,2689.47740536332
"36","tau_pr[26]",-0.374071175,1.0004055444257,8488.10713706146
"37","tau_pr[27]",-0.768949365,1.00014286426827,6496.87771531175
"38","tau_pr[28]",0.349852355,1.00124938615692,4401.58832128428
"39","tau_pr[29]",-0.13293426,1.00167936765519,7967.56868440282
"40","tau_pr[30]",0.569210735,1.00138754169338,3649.89165267982
"41","tau_pr[31]",-0.927891665,1.00043690891526,6377.73544454684
"42","tau_pr[32]",0.0162890425,0.999848711581368,9280.87066966841
"43","tau_pr[33]",-0.78639907,1.00049772382506,6886.06927753476
"44","tau_pr[34]",1.75450585,1.00006545305185,4711.67320509683
"45","tau_pr[35]",-1.06272245,1.002067997201,5745.82135491938
"46","tau_pr[36]",-0.441450935,1.00033092621209,8071.9038854684
"47","tau_pr[37]",-0.58169713,1.00059589811763,6601.54109762627
"48","tau_pr[38]",-0.00096097471,1.00012947793868,7888.1849562159
"49","tau_pr[39]",1.05153335,0.999922171406353,5109.98582858074
"50","tau_pr[40]",-0.737299325,1.00091510175213,7111.27823643643
"51","tau_pr[41]",-0.516226995,1.00054905366477,7238.44832495911
"52","tau_pr[42]",-0.202454145,1.00061353316272,8675.25174075484
"53","tau_pr[43]",-0.058824387,0.999962837866316,8421.39560894536
"54","tau_pr[44]",-0.93926205,1.00102232432488,5133.53229809338
"55","tau_pr[45]",-0.7074545,1.00051386056004,4208.86661456503
"56","tau_pr[46]",-0.91788275,1.00061998116307,5342.47403593814
"57","tau_pr[47]",-0.4509656,1.00082737990301,7729.93803477417
"58","tau_pr[48]",-0.799891465,1.00037791827617,5258.25852794646
"59","tau_pr[49]",-0.839913405,1.00105944052473,6016.65489582249
"60","tau_pr[50]",0.543650655,1.00012697428501,5225.95979422771
"61","tau_pr[51]",0.993205705,1.00191497578641,6060.68158306886
"62","tau_pr[52]",-0.296564935,1.00060256895925,7682.65233812005
"63","tau_pr[53]",-0.00640995535,1.00034418939065,8393.61806917533
"64","tau_pr[54]",0.648895365,1.00143889411624,6498.61335613319
"65","tau_pr[55]",-0.820585225,1.00037626858945,6087.03998432758
"66","tau_pr[56]",0.284058005,1.00093898342286,7271.54217401157
"67","tau_pr[57]",-0.70283751,1.00016959457231,8108.99877325531
"68","tau_pr[58]",0.7960764,1.00153717932515,5658.27537697404
"69","tau_pr[59]",0.744637355,1.000786030755,3830.71074082889
"70","tau_pr[60]",-0.12951364,1.00038897171625,8614.32053053906
"71","tau_pr[61]",0.40629658,1.00018961680877,8400.93716375092
"72","tau_pr[62]",0.53131103,1.00090037739622,5438.78253979343
"73","tau_pr[63]",0.39309502,1.0016658311944,2683.39047693098
"74","tau_pr[64]",0.118112635,1.00240467449449,2571.08060697121
"75","tau_pr[65]",-0.50402882,1.00089141608881,7545.80649216324
"76","tau_pr[66]",-0.35776991,1.00031303996412,7570.74025753561
"77","tau_pr[67]",0.24605124,1.00090780508859,3973.73719205197
"78","tau_pr[68]",0.5375837,1.00124540251424,5652.28426125326
"79","tau_pr[69]",0.72146868,1.00139169664636,3707.03150831456
"80","tau_pr[70]",0.402594885,1.00217795083901,1916.97229565023
"81","tau_pr[71]",0.847522395,1.00136231678193,2711.94283461082
"82","tau_pr[72]",0.053620645,1.00177734231762,8775.7347798754
"83","tau_pr[73]",-0.078976673,1.00068702137532,7319.26532464446
"84","tau_pr[74]",-0.30868813,1.00122303727522,7914.6453998161
"85","tau_pr[75]",0.782612235,1.00173631600589,3614.82396143252
"86","tau_pr[76]",-0.380938,1.0012413034963,6596.3446929888
"87","tau_pr[77]",-0.219896595,1.00272010869568,1785.45899904736
"88","tau_pr[78]",-0.46442106,1.00160169582762,2872.87109270181
"89","tau_pr[79]",-0.817457145,1.0004090576947,5035.81229065594
"90","tau_pr[80]",-0.2760381,1.00087347317501,8189.17866116134
"91","tau_pr[81]",-0.81207637,1.00060467341589,4682.23580221203
"92","tau_pr[82]",-0.0433750505,1.00038807373912,8530.44691016282
"93","tau_pr[83]",0.41117341,1.00043509363846,5804.14971857964
"94","tau_pr[84]",0.364317165,1.00174461387237,6435.87516678242
"95","tau_pr[85]",0.37131228,1.00134304421162,6089.50040624217
"96","tau_pr[86]",-0.413565065,1.00006261767792,7053.55154259837
"97","tau_pr[87]",-0.287514845,1.00046364656861,8921.08431504123
"98","tau_pr[88]",0.26159664,1.00125683198429,7464.47586582295
"99","tau_pr[89]",-0.33604924,1.0005090737251,9193.66350737689
"100","tau_pr[90]",0.0234519475,1.00064375225906,7993.72385882201
"101","tau_pr[91]",-0.758807365,1.00027630486245,5756.04270247018
"102","tau_pr[92]",-0.818758945,1.00122733415689,4803.21714094616
"103","tau_pr[93]",-0.567317725,1.00051689105363,8086.5462771464
"104","tau_pr[94]",0.762644505,1.00108656738146,6168.20249565103
"105","tau_pr[95]",2.11250495,1.00108846647708,3602.84129914621
"106","tau_pr[96]",-0.0167965115,1.00045770352423,8151.45434223923
"107","tau_pr[97]",0.06895149,1.00098051310097,5372.81508352412
"108","tau_pr[98]",1.9623092,1.00126735147518,3400.3771473288
"109","tau_pr[99]",-0.71484875,1.00081374240588,5883.82552453665
"110","tau_pr[100]",0.26543433,1.00073442913057,8238.64106249911
"111","tau_pr[101]",0.64691167,1.00117367910878,6777.34864200233
"112","tau_pr[102]",-0.528609235,1.00159694172903,6895.53687911096
"113","tau_pr[103]",1.64144215,1.00077270084094,3496.9199743636
"114","tau_pr[104]",-0.149675865,1.00006913076635,9762.51223821265
"115","tau_pr[105]",0.47393032,1.00073613360109,8192.30752310759
"116","tau_pr[106]",-1.016918,1.00212576730663,4110.57951387505
"117","tau_pr[107]",0.194266145,1.00022858134129,6878.55847365988
"118","tau_pr[108]",0.749612935,1.0006225400046,3761.1738248131
"119","tau_pr[109]",1.05637125,1.00094170084212,3429.64735844569
"120","tau_pr[110]",0.00564263685,1.00159401935499,9012.08488915482
"121","tau_pr[111]",-0.347269965,1.00054764694836,7244.76484658059
"122","tau_pr[112]",0.276402405,1.00002007888983,10820.0638648955
"123","tau_pr[113]",1.18712395,0.999936478407457,4922.1760847819
"124","tau_pr[114]",0.00126273175,1.00069549972323,7414.41179267066
"125","tau_pr[115]",-0.13644272,1.00035003041997,9450.05632420772
"126","tau_pr[116]",-0.09231995,1.00018803182748,9749.17316985749
"127","tau_pr[117]",-0.082697259,1.00037464262765,8731.3635563169
"128","tau_pr[118]",-0.61255398,1.00034598884472,5962.32244605885
"129","tau_pr[119]",-0.296859645,0.999876185644193,8604.1046889965
"130","tau_pr[120]",0.497376905,1.00100999089926,2882.45423955134
"131","tau_pr[121]",-1.342464,1.00125552868551,4865.19028122025
"132","tau_pr[122]",-0.733923575,1.00205665479886,5298.06772252278
"133","tau_pr[123]",-0.574562215,1.00070158781781,10133.1608599636
"134","tau_pr[124]",0.65770052,1.00183496086237,3744.00365153258
"135","tau_pr[125]",0.209626325,1.00078131648815,6963.4828751652
"136","tau_pr[126]",-0.867721235,1.00134819511151,4733.14339069728
"137","tau_pr[127]",0.92143029,1.00109024650041,5654.15843677357
"138","tau_pr[128]",-0.69791048,1.00095993994447,6506.55785642191
"139","tau_pr[129]",-0.0069911278,0.999900597281678,9043.66194190175
"140","tau_pr[130]",-0.36318818,0.999917442533339,7065.95098487972
"141","tau_pr[131]",-0.445333365,1.00119873813179,5398.64443950881
"142","tau_pr[132]",0.611725775,1.00092759302645,6565.57742875149
"143","tau_pr[133]",-0.000708863765,1.00051566169746,7739.63340387819
"144","tau_pr[134]",-0.597027675,1.00059734403293,7395.59736189894
"145","tau_pr[135]",-0.187364735,1.00023575764229,9548.7171639994
"146","tau_pr[136]",0.56465382,1.00144649264984,5429.99599720585
"147","tau_pr[137]",0.25927602,1.00070266195935,7076.34256244829
"148","tau_pr[138]",-0.96420063,1.00095338477601,5473.38499334341
"149","tau_pr[139]",-0.750759735,1.00081163423402,5730.87807648636
"150","tau_pr[140]",-0.8685311,1.00168541162278,7977.11229668448
"151","tau_pr[141]",0.447910515,1.00246016116819,3175.16402313968
"152","tau_pr[142]",-0.4054247,1.00180416006887,6892.47253312876
"153","tau_pr[143]",0.74213026,1.00100622610192,2962.52545373791
"154","tau_pr[144]",0.444418115,1.00064846932497,5173.2717052554
"155","tau_pr[145]",-0.65086847,1.00067002354481,7902.01557251787
"156","tau_pr[146]",0.95072316,1.00106725006427,4133.59552399305
"157","tau_pr[147]",0.051859051,0.999795243690824,7485.88479043822
"158","tau_pr[148]",0.413026195,1.000767859881,8302.89931946446
"159","tau_pr[149]",1.2600636,1.00071338248385,3055.2332658441
"160","tau_pr[150]",-0.1905771,1.00154366226347,8065.60934379234
"161","tau_pr[151]",0.39104179,1.00028095786633,7650.15689691533
"162","tau_pr[152]",0.15658423,1.00196416869679,1774.05287764936
"163","tau_pr[153]",0.60836678,1.00230063347837,5853.89661426543
"164","tau_pr[154]",-0.17556673,1.00054453744456,8714.03791657539
"165","tau_pr[155]",-0.443558535,1.00038082170407,7602.00558108232
"166","tau_pr[156]",-0.305477905,1.00051505545073,11297.2127648546
"167","tau_pr[157]",0.37050943,1.00073196457865,3717.93410097079
"168","tau_pr[158]",-0.223291785,0.999777075736362,7834.55706140625
"169","tau_pr[159]",1.40278195,1.00070236402492,3163.7491916916
"170","tau_pr[160]",0.298839025,1.00108368571472,7825.6279677446
"171","tau_pr[161]",0.220077035,1.0005827048812,7405.16952319125
"172","tau_pr[162]",-0.012515411,1.00017946457919,7941.31692145744
"173","tau_pr[163]",-0.489487985,1.00014314116495,5958.11283637751
"174","tau_pr[164]",-0.22939361,1.00057177070471,8154.6657771665
"175","tau_pr[165]",-0.24257929,1.00054912102581,7508.80572386476
"176","tau_pr[166]",-0.77859824,1.00105502035886,5022.42147414763
"177","tau_pr[167]",-0.32608984,1.0011125057797,9992.18942470958
"178","tau_pr[168]",-0.74522676,1.00052762627009,4468.85610804318
"179","tau_pr[169]",0.645133455,1.00033008218764,6234.5966204187
"180","tau_pr[170]",-0.42070255,1.00144097863238,6275.12734297479
"181","tau_pr[171]",1.71047375,1.00052745191807,4071.22557428034
"182","tau_pr[172]",-0.43400647,1.00033841364062,7003.68892530158
"183","tau_pr[173]",-1.28676545,1.00066960894405,3415.54035899057
"184","tau_pr[174]",0.72002194,1.00129782871562,4791.54300322651
"185","tau_pr[175]",-0.73023276,1.00046984784743,6652.99344290019
"186","tau_pr[176]",-0.083385236,1.00054453788432,6923.03624686283
"187","tau_pr[177]",0.226221405,1.00031683309737,7413.74850163901
"188","tau_pr[178]",-0.086943379,1.00028989443462,8332.74823870745
"189","tau_pr[179]",0.7948678,1.00157678435812,4755.82874352157
"190","tau_pr[180]",-0.872240245,1.00060230271482,5417.03888836207
"191","tau_pr[181]",0.0463070805,1.00159149232781,7524.90317831306
"192","m_in_pr[1]",-0.0162222675,1.00050833910611,14074.606559764
"193","m_in_pr[2]",-0.0032814857,1.00066191826913,15718.7576770698
"194","m_in_pr[3]",-0.036479717,0.999854840492544,15230.7803501021
"195","m_in_pr[4]",-0.046550937,1.00067837619406,13030.7726589111
"196","m_in_pr[5]",0.045253822,1.00123698522952,14239.2187314567
"197","m_in_pr[6]",-0.0265057815,0.999806432481442,13231.4488755432
"198","m_in_pr[7]",-0.0090328325,1.00072845695248,16223.3798328981
"199","m_in_pr[8]",0.0069638498,1.00047826149719,12718.2394129048
"200","m_in_pr[9]",0.030873238,1.0001405307033,14272.0588160181
"201","m_in_pr[10]",0.00940509575,1.00023192440594,13651.018038165
"202","m_in_pr[11]",-0.0307573995,1.00068206511623,14623.5951863029
"203","m_in_pr[12]",0.0135123035,1.00039883011756,13865.0362072588
"204","m_in_pr[13]",0.026622169,1.00011422953153,13159.5272932101
"205","m_in_pr[14]",0.0130632895,1.00066779093808,14616.7600295546
"206","m_in_pr[15]",-0.048920847,1.00131715643806,14806.1100114561
"207","m_in_pr[16]",-0.00521160315,1.0002071094113,15532.0776144148
"208","m_in_pr[17]",-0.055477168,1.00110526100665,14657.9531445173
"209","m_in_pr[18]",-0.0391145815,0.999717265317349,13892.4033805464
"210","m_in_pr[19]",-0.00298916595,1.00137238757531,14646.1162429352
"211","m_in_pr[20]",-0.012861435,1.00045084245861,12978.4406590602
"212","m_in_pr[21]",-0.00850820635,1.0002982687314,13464.4184070117
"213","m_in_pr[22]",-0.0192985035,0.999804882481663,15536.8619332576
"214","m_in_pr[23]",-0.0553949025,1.00001149220419,14038.2283504947
"215","m_in_pr[24]",-0.0622328285,0.999858439706028,12592.1692833866
"216","m_in_pr[25]",0.0209178825,0.999949580168071,14572.3613210646
"217","m_in_pr[26]",-0.02461962,1.00014517704504,14981.651921516
"218","m_in_pr[27]",-0.0621325855,1.00001062416442,15599.0019861555
"219","m_in_pr[28]",-0.0255319,1.00070573727088,13835.5338564634
"220","m_in_pr[29]",0.00122816225,1.00025469947982,13557.4354129827
"221","m_in_pr[30]",-0.044799211,1.00073626156967,12752.9847356692
"222","m_in_pr[31]",-0.0756166665,1.00080521388606,13645.6551026249
"223","m_in_pr[32]",-0.0246607315,1.00073270819292,15018.2110403303
"224","m_in_pr[33]",-0.083209396,1.00026531464626,14112.6996790363
"225","m_in_pr[34]",0.118265475,1.00246134730086,12085.5442464439
"226","m_in_pr[35]",-0.0622246815,1.00018449631199,12723.8974447442
"227","m_in_pr[36]",-0.028478989,1.00044656828239,13731.0013070342
"228","m_in_pr[37]",-0.022363627,1.00027828432907,14419.4394575267
"229","m_in_pr[38]",-0.00075209276,0.999929109690582,14163.0881343015
"230","m_in_pr[39]",0.059286819,0.999958725202753,13992.966198874
"231","m_in_pr[40]",-0.036534474,1.00065595135272,13180.3077860081
"232","m_in_pr[41]",-0.057658644,1.00079908140496,13636.8568200122
"233","m_in_pr[42]",-0.036381995,1.00044616646912,12818.2825511076
"234","m_in_pr[43]",-0.0080199431,1.00075323195931,16241.066786876
"235","m_in_pr[44]",-0.046649719,1.00011045074633,12984.857646613
"236","m_in_pr[45]",-0.032821604,1.00086966734184,12629.6152207197
"237","m_in_pr[46]",-0.052449678,1.00044830199616,14710.2409957422
"238","m_in_pr[47]",0.0085598239,1.00053398563624,15579.9040452255
"239","m_in_pr[48]",-0.043558195,1.00019532394538,13338.6253089927
"240","m_in_pr[49]",-0.052479396,0.999852473159443,12410.4324256222
"241","m_in_pr[50]",0.050119314,1.00046535332014,12458.3334607051
"242","m_in_pr[51]",0.0808289735,1.00055510168531,14486.9549117001
"243","m_in_pr[52]",-0.0204303905,1.00156342943344,14055.2186833824
"244","m_in_pr[53]",-0.014872367,1.001210312193,13232.2321992397
"245","m_in_pr[54]",0.0317620665,1.00082974424732,14305.10081402
"246","m_in_pr[55]",-0.053543921,1.00037396621166,14024.7169341861
"247","m_in_pr[56]",-0.00106580836,1.00003820563969,12615.028113254
"248","m_in_pr[57]",-0.0379838625,1.00093238415034,12552.7702889846
"249","m_in_pr[58]",0.067401903,1.00086811421942,12366.1438065416
"250","m_in_pr[59]",-0.0067175518,1.00063722411547,16188.2894554332
"251","m_in_pr[60]",-0.012840154,1.00044993690032,14621.1875892324
"252","m_in_pr[61]",0.0513273375,1.00049278729825,13672.1574130038
"253","m_in_pr[62]",0.038526428,1.00103950777968,13778.6736252373
"254","m_in_pr[63]",0.0287652955,1.00082010633274,14303.639218132
"255","m_in_pr[64]",0.0076827921,1.00040502202714,13954.6220373726
"256","m_in_pr[65]",-0.0188951545,1.00065626851443,14551.058369731
"257","m_in_pr[66]",-0.018959892,1.0008554863331,14156.6537654747
"258","m_in_pr[67]",-0.039522884,1.00104555175051,14095.459965923
"259","m_in_pr[68]",0.0035553539,1.00005848190201,13647.5495664845
"260","m_in_pr[69]",0.021718208,1.00036682231856,14160.3935799385
"261","m_in_pr[70]",-0.033914509,1.00036821617775,15542.5519784457
"262","m_in_pr[71]",-0.04712948,1.00181926778381,12345.2360952488
"263","m_in_pr[72]",-0.0020065455,1.00109606816859,13879.5072417047
"264","m_in_pr[73]",0.012870892,0.999939158290066,13088.1497978878
"265","m_in_pr[74]",-0.011197315,1.0000393793958,14386.5675202388
"266","m_in_pr[75]",0.0240904115,0.999946333855441,15021.8902178911
"267","m_in_pr[76]",0.0123890985,1.0012862423199,12601.7434020913
"268","m_in_pr[77]",-0.0409971865,1.00116887592806,14953.1412470913
"269","m_in_pr[78]",-0.0363401795,1.00081701209992,13297.7629607142
"270","m_in_pr[79]",-0.052952995,1.00027435532078,12695.9946438777
"271","m_in_pr[80]",-0.00889593305,1.00081597971716,13406.7632677986
"272","m_in_pr[81]",-0.0608067425,1.00013072448841,15511.6539010407
"273","m_in_pr[82]",-0.0104683455,1.00015862361972,14824.996470457
"274","m_in_pr[83]",0.0147561485,1.00044229764852,14136.0387203593
"275","m_in_pr[84]",0.043422278,1.00005065456741,14011.0461270054
"276","m_in_pr[85]",-0.00093123528,1.00021886071874,13800.3604454017
"277","m_in_pr[86]",-0.026607527,1.00117171006993,15142.9136570978
"278","m_in_pr[87]",-0.0101893627,1.00049313605699,14407.0765453921
"279","m_in_pr[88]",0.020234682,1.00122278134727,13690.6544062036
"280","m_in_pr[89]",-0.0248299365,1.00053233701755,14520.1870124245
"281","m_in_pr[90]",0.0191824295,1.00105304507509,14968.4981888153
"282","m_in_pr[91]",-0.040601079,1.00052986936129,15471.2223697642
"283","m_in_pr[92]",-0.045574665,1.00026395836997,13895.4925169074
"284","m_in_pr[93]",-0.0223450515,1.00037600342728,15409.9976834375
"285","m_in_pr[94]",0.0724598295,1.0004681666826,12754.1036613913
"286","m_in_pr[95]",0.256671635,1.00068053847216,8129.09611218488
"287","m_in_pr[96]",-0.0059272871,1.00052565840987,15161.5015438913
"288","m_in_pr[97]",-0.03021744,1.00067355002232,14808.2955759671
"289","m_in_pr[98]",0.12043436,1.00060595127917,10379.005376653
"290","m_in_pr[99]",-0.043089333,1.00039448647765,13630.9733439812
"291","m_in_pr[100]",0.00517495365,1.00027037646631,15128.6343434231
"292","m_in_pr[101]",0.056143658,1.00099042030606,13753.2124302849
"293","m_in_pr[102]",-0.0481163205,1.00048906372037,15351.4980303175
"294","m_in_pr[103]",0.10632294,1.00130972129577,13035.6523606411
"295","m_in_pr[104]",-0.0046071477,1.00205067560627,15395.0249941147
"296","m_in_pr[105]",0.0274608895,1.00034716806672,13754.0883212636
"297","m_in_pr[106]",-0.0634645145,1.00079194835451,14321.4845771951
"298","m_in_pr[107]",0.028733281,1.00164567905846,15562.3084153921
"299","m_in_pr[108]",-0.0362504945,1.00051204351686,14311.5036070317
"300","m_in_pr[109]",0.0551017785,0.999973286126732,12177.3253987426
"301","m_in_pr[110]",-0.0409713005,1.00219782485667,15097.3019805481
"302","m_in_pr[111]",-0.0145526265,1.00075306291355,14170.5582043707
"303","m_in_pr[112]",0.0276193775,1.00106012860577,15389.17173744
"304","m_in_pr[113]",0.042597264,1.00023059015473,14795.6870369813
"305","m_in_pr[114]",0.00172201355,1.00028686313158,14058.674538904
"306","m_in_pr[115]",-0.0173641595,1.0008379419822,13334.7059714618
"307","m_in_pr[116]",-0.0051473778,1.00111783651463,13926.2389009739
"308","m_in_pr[117]",-0.0010535375,1.00044927764788,15668.4226962093
"309","m_in_pr[118]",-0.04617012,0.999875336875125,13686.4488603223
"310","m_in_pr[119]",-0.0271680055,1.00130432134428,12848.4884952639
"311","m_in_pr[120]",-0.021360097,1.00203563449882,14868.8022583764
"312","m_in_pr[121]",-0.12137144,1.00030538641239,13569.6144999297
"313","m_in_pr[122]",-0.047206379,1.00101218751642,14213.868505294
"314","m_in_pr[123]",-0.0381195755,1.0013255728037,14632.3039880797
"315","m_in_pr[124]",0.0038679928,1.0001856465596,15892.1025968802
"316","m_in_pr[125]",0.03270745,1.00100133950673,13381.8045300297
"317","m_in_pr[126]",-0.045092751,1.00096622619538,13590.7749565084
"318","m_in_pr[127]",0.0803185605,1.0005561835845,12949.7312368573
"319","m_in_pr[128]",-0.0379059825,1.00049155649006,14852.283594709
"320","m_in_pr[129]",0.015926437,1.00132093410181,13569.0539231075
"321","m_in_pr[130]",-0.0085073122,1.00035609258143,15726.8699827416
"322","m_in_pr[131]",-0.0170511355,1.00239218186304,14949.9685286933
"323","m_in_pr[132]",0.0249141735,1.00141355880255,15718.042254729
"324","m_in_pr[133]",0.00423173615,1.00112227977826,14245.3948614827
"325","m_in_pr[134]",-0.0185277395,1.00289073753342,14309.1677547364
"326","m_in_pr[135]",0.0173334435,1.00009837410081,14621.0726371067
"327","m_in_pr[136]",-0.0093560673,1.00012769847614,12674.3317429573
"328","m_in_pr[137]",-0.015298149,1.0004362143319,13796.4049650582
"329","m_in_pr[138]",-0.06394779,1.00028200582732,13520.1676118284
"330","m_in_pr[139]",-0.029904311,1.00053859707775,13543.8910404091
"331","m_in_pr[140]",-0.0600788105,1.00080815145373,14513.3443612087
"332","m_in_pr[141]",0.00111182303,1.00033808744947,13337.6504797996
"333","m_in_pr[142]",-0.017548927,1.00112990053499,14523.0115366847
"334","m_in_pr[143]",0.0367325435,1.00001852574227,14106.2675269449
"335","m_in_pr[144]",0.0183569765,1.0002893868813,14984.7874010373
"336","m_in_pr[145]",-0.049180565,1.00133639072724,13523.5172432073
"337","m_in_pr[146]",0.096911287,1.00065720029002,13081.0680058077
"338","m_in_pr[147]",-0.0099007635,1.00102224873472,13418.0918305919
"339","m_in_pr[148]",0.026244997,1.00070179569031,13878.1653805683
"340","m_in_pr[149]",0.098676452,1.00047812643665,13050.9482441371
"341","m_in_pr[150]",0.00250131045,1.00097040148658,15219.7046686842
"342","m_in_pr[151]",0.10306579,1.00085234206426,14130.4205525912
"343","m_in_pr[152]",-0.064691284,1.00056439508318,12653.426999408
"344","m_in_pr[153]",0.051044077,1.00023383619589,15712.1020170082
"345","m_in_pr[154]",-0.00064186897,1.0028569277399,13905.7144461168
"346","m_in_pr[155]",-0.0419601605,1.00017621067094,14418.1284014929
"347","m_in_pr[156]",-0.012530091,1.00005997078563,14320.6723122308
"348","m_in_pr[157]",-0.027535538,1.00038581933831,13979.8914560446
"349","m_in_pr[158]",0.000907783405,0.99999442824515,13877.9143016257
"350","m_in_pr[159]",0.08019062,1.00024422018776,13926.5886494574
"351","m_in_pr[160]",0.035606844,1.00058798829986,13136.8300819802
"352","m_in_pr[161]",0.0268730515,1.00117851310526,14880.0335282762
"353","m_in_pr[162]",0.014523432,1.00093766189221,14530.6632051751
"354","m_in_pr[163]",-0.010387062,1.00073467055922,13181.7748896747
"355","m_in_pr[164]",-0.0399975495,1.00091442394897,13537.2249991586
"356","m_in_pr[165]",-0.00753554225,1.00060861254644,13928.4893601601
"357","m_in_pr[166]",-0.047944186,1.00191247266654,14031.6371344926
"358","m_in_pr[167]",-0.0055085813,1.00091856012029,15287.3722389117
"359","m_in_pr[168]",-0.0190294955,1.0004304267135,14856.0565268769
"360","m_in_pr[169]",0.12595458,1.00096175643503,14040.978452683
"361","m_in_pr[170]",-0.0082349319,1.00028221332069,14532.0051011732
"362","m_in_pr[171]",0.199084785,1.00068971007424,9400.2594268191
"363","m_in_pr[172]",-0.0174454125,1.00038746493732,14385.4719025516
"364","m_in_pr[173]",-0.084390916,1.00060517355519,13033.7368310868
"365","m_in_pr[174]",0.0407711275,1.000714682788,13433.5254483753
"366","m_in_pr[175]",-0.0519629395,1.0003295424468,14651.4996901927
"367","m_in_pr[176]",0.0056764952,1.00000133571018,15016.7273153493
"368","m_in_pr[177]",0.0132007605,1.0004850633305,13350.4141104988
"369","m_in_pr[178]",0.019572878,1.00047283273563,14617.2815842383
"370","m_in_pr[179]",0.0205413295,1.00060211510492,15400.1393223579
"371","m_in_pr[180]",-0.0491759245,1.00016649724614,13570.0078917339
"372","m_in_pr[181]",-0.001243048,1.0010299516381,13162.5281040033
"373","m_out_pr[1]",0.0263186065,1.00064573736914,5060.37280597988
"374","m_out_pr[2]",-0.209273505,1.00081563985213,8607.10209634025
"375","m_out_pr[3]",-0.13109738,1.00079400761041,10784.1608559084
"376","m_out_pr[4]",1.01655425,1.00097660322597,3466.03807638582
"377","m_out_pr[5]",0.94728213,1.00136548316883,2928.35159628303
"378","m_out_pr[6]",0.0063883864,1.00243096266412,3107.01987654134
"379","m_out_pr[7]",-0.3566004,1.0002432133805,9673.04596872679
"380","m_out_pr[8]",-0.101848885,1.00046595423053,6242.28176314643
"381","m_out_pr[9]",-0.15176126,1.00038796000233,9380.44737848519
"382","m_out_pr[10]",-0.0195871825,1.00017955517202,10241.5008106226
"383","m_out_pr[11]",-0.12862942,1.00001652265953,10660.8912157218
"384","m_out_pr[12]",0.0273277505,1.00040964877866,11125.041979243
"385","m_out_pr[13]",0.0228254125,0.999798795506694,12089.127236438
"386","m_out_pr[14]",-0.061918361,1.00073008263499,10822.5535930684
"387","m_out_pr[15]",-0.343123365,1.00139988370111,7480.68269277485
"388","m_out_pr[16]",-0.108130995,1.00072357375053,10935.7521293478
"389","m_out_pr[17]",-0.51743679,1.00128076662469,6471.42914687253
"390","m_out_pr[18]",-0.392063505,0.999977337916491,7085.97089168637
"391","m_out_pr[19]",-0.374777295,1.00008517435973,8925.12802891914
"392","m_out_pr[20]",-0.29482671,1.00008402910011,10143.3579433411
"393","m_out_pr[21]",0.726260985,1.00053941918474,5532.06170580447
"394","m_out_pr[22]",-0.338269305,0.999814605600327,9457.6766505554
"395","m_out_pr[23]",-0.25215802,1.00079150484066,11832.2091448086
"396","m_out_pr[24]",-0.459134925,1.00013118963076,6953.6089941512
"397","m_out_pr[25]",0.52574239,1.00029312591621,5072.85428303288
"398","m_out_pr[26]",-0.391213435,1.00085736068767,9718.12772473548
"399","m_out_pr[27]",-0.451173405,1.00010968416225,5570.99097405535
"400","m_out_pr[28]",0.17322241,1.00130639423124,9390.86312736445
"401","m_out_pr[29]",-0.29480207,1.0005146322089,9419.77422379793
"402","m_out_pr[30]",0.193407505,1.0022620600881,3420.63970993264
"403","m_out_pr[31]",-0.47671579,1.00004916929965,5671.67067373724
"404","m_out_pr[32]",0.0416110215,1.00086381564102,11773.1887165737
"405","m_out_pr[33]",-0.52307336,1.00016534513712,5904.88571853653
"406","m_out_pr[34]",0.90697044,1.00083496908427,2942.23841685613
"407","m_out_pr[35]",-0.516388235,1.00089581840801,4118.72100942979
"408","m_out_pr[36]",-0.37226289,1.00057337683886,8834.84953628534
"409","m_out_pr[37]",-0.364538925,1.00014514545963,8390.36848388558
"410","m_out_pr[38]",0.1771174,1.00014214839769,9343.55768657255
"411","m_out_pr[39]",0.44645717,1.00115418856444,4218.00709371291
"412","m_out_pr[40]",-0.38903258,1.00019397205074,7489.81775295698
"413","m_out_pr[41]",-0.15133347,1.0003349702784,9797.51659750999
"414","m_out_pr[42]",-0.10797719,1.00057035802029,10740.9279724313
"415","m_out_pr[43]",-0.099903113,1.00260594841438,10537.7528733971
"416","m_out_pr[44]",-0.61106924,1.00096724417182,4036.96059399019
"417","m_out_pr[45]",-0.490992715,1.00016614935165,6543.03517121184
"418","m_out_pr[46]",-0.58104082,1.00069987017753,4634.6048081636
"419","m_out_pr[47]",-0.267513,1.00093448648219,8594.28834536596
"420","m_out_pr[48]",-0.58363832,1.00095886290402,6726.37398450418
"421","m_out_pr[49]",-0.52592652,1.00099699259627,6105.81717839289
"422","m_out_pr[50]",0.34178773,1.00071021565643,6904.31319843225
"423","m_out_pr[51]",0.171304325,1.00081141681131,3299.53704067286
"424","m_out_pr[52]",-0.20160782,1.00066273558485,10525.1216242027
"425","m_out_pr[53]",-0.084768602,1.00026484141153,10544.5205482635
"426","m_out_pr[54]",0.28835469,1.00014362802685,8117.57149706861
"427","m_out_pr[55]",-0.36188236,1.00171352711492,6149.17685891262
"428","m_out_pr[56]",0.0573307715,1.00074595425951,8177.27500941653
"429","m_out_pr[57]",-0.43222976,1.00098015333406,7143.09367619319
"430","m_out_pr[58]",0.14988523,1.00060839951702,3707.64254844567
"431","m_out_pr[59]",0.39718436,1.00059776946545,3883.04239502033
"432","m_out_pr[60]",-0.241719335,1.00152291030346,11549.2056880696
"433","m_out_pr[61]",0.00965186195,1.00058763054876,10869.0122176927
"434","m_out_pr[62]",0.408045885,0.999852851258542,5508.84937030037
"435","m_out_pr[63]",0.77653595,1.00083149226083,5795.9641317213
"436","m_out_pr[64]",0.75641009,1.00023236915463,6805.54928578961
"437","m_out_pr[65]",-0.306044815,1.0004668399115,10309.4060156169
"438","m_out_pr[66]",-0.33905324,1.00020286521044,11532.9918167425
"439","m_out_pr[67]",0.157929645,1.00035123086759,5851.23904031521
"440","m_out_pr[68]",0.3681936,1.00087820992312,6358.09727429698
"441","m_out_pr[69]",0.48588827,1.00058790621314,5161.3457107007
"442","m_out_pr[70]",0.672990335,1.00194370408888,4439.64997504239
"443","m_out_pr[71]",0.461762305,1.00110563628841,3435.75358554491
"444","m_out_pr[72]",0.0454620035,1.00093758971951,11420.7192687018
"445","m_out_pr[73]",-0.16258737,1.0006568534207,10206.5291273398
"446","m_out_pr[74]",-0.145787735,0.999884396615248,11134.2794105015
"447","m_out_pr[75]",0.56922853,1.00029542863015,6235.33443698555
"448","m_out_pr[76]",-0.28731515,1.00077397489809,9045.50596585424
"449","m_out_pr[77]",0.97228631,1.00018211263543,5651.15933131929
"450","m_out_pr[78]",1.0316656,1.00022246458731,3526.63126634287
"451","m_out_pr[79]",-0.497048225,1.00078037380023,4849.82336822144
"452","m_out_pr[80]",-0.19107368,1.00014986151152,10381.6658929148
"453","m_out_pr[81]",-0.53583297,1.00095115111494,5904.46083116983
"454","m_out_pr[82]",-0.0670787215,1.00351801967213,11034.7145894162
"455","m_out_pr[83]",0.43592086,0.999771364373676,8541.34740791134
"456","m_out_pr[84]",-0.028856367,1.00113088371063,6372.99878590119
"457","m_out_pr[85]",-0.00290516015,1.00068133909432,6670.26396899385
"458","m_out_pr[86]",-0.298501045,1.00105893775602,9027.8235511934
"459","m_out_pr[87]",-0.26188182,1.0006031697477,9377.6728524557
"460","m_out_pr[88]",-0.0450223695,1.00083226556628,9831.46508048692
"461","m_out_pr[89]",-0.27582135,1.00048038038,11020.3169091134
"462","m_out_pr[90]",0.0015774145,1.00069581140581,11152.4564632847
"463","m_out_pr[91]",-0.566794895,1.00062220897114,6282.17849778892
"464","m_out_pr[92]",-0.49080969,1.00067497819505,5085.54512680464
"465","m_out_pr[93]",-0.37403125,1.00045719916378,7183.35164146876
"466","m_out_pr[94]",0.337038615,1.00067526220103,5365.88428396373
"467","m_out_pr[95]",1.1760217,1.00161542743168,2704.62538081919
"468","m_out_pr[96]",-0.059256814,1.000722436381,11066.9385148699
"469","m_out_pr[97]",0.269045485,1.0001248813992,10144.4855094648
"470","m_out_pr[98]",1.46506315,1.00188247854509,2902.45415932459
"471","m_out_pr[99]",-0.530478915,1.00048624823419,7189.50142140863
"472","m_out_pr[100]",0.11477174,1.00097206184452,10054.1054120184
"473","m_out_pr[101]",0.175155825,1.00068620863493,7559.99490833427
"474","m_out_pr[102]",-0.209573005,0.99997274125519,8980.93793647872
"475","m_out_pr[103]",1.07784195,1.00125594637284,2947.81757893499
"476","m_out_pr[104]",-0.137656575,1.00025736305176,11101.6186330677
"477","m_out_pr[105]",0.13293955,1.001073127935,7469.25216515242
"478","m_out_pr[106]",-0.590451775,1.00084759475917,4084.2309829258
"479","m_out_pr[107]",-0.26364581,1.00178731048717,5836.55557477614
"480","m_out_pr[108]",0.35930821,1.00047446686093,3909.81284584487
"481","m_out_pr[109]",1.1882418,1.0008152632811,3180.23343094695
"482","m_out_pr[110]",-0.12319868,1.00027087167944,9667.7647662897
"483","m_out_pr[111]",-0.197028545,1.00088894842287,8545.08078767357
"484","m_out_pr[112]",0.135288435,1.00050422292113,12381.1508729142
"485","m_out_pr[113]",0.905359185,1.00077028759483,3334.24717427199
"486","m_out_pr[114]",-0.0362743305,1.00063771853844,10530.7274451708
"487","m_out_pr[115]",-0.174843655,1.00060841663838,10777.5266955476
"488","m_out_pr[116]",-0.14711904,1.0007225133134,10377.7933907902
"489","m_out_pr[117]",-0.181224115,1.00098387555123,9933.18065457882
"490","m_out_pr[118]",-0.466301355,1.00047523397694,7585.26755217465
"491","m_out_pr[119]",-0.29744042,1.000307663327,11253.2686203075
"492","m_out_pr[120]",0.386535805,1.0009006352751,5772.98162525012
"493","m_out_pr[121]",-0.56194637,1.00170902838119,2924.8981813248
"494","m_out_pr[122]",-0.513126185,1.00159482001788,5822.6699918745
"495","m_out_pr[123]",-0.291782525,1.00042857263894,9209.5424265971
"496","m_out_pr[124]",0.28913113,1.00087135987271,4197.4197594513
"497","m_out_pr[125]",0.108023415,1.00097710126837,10896.3945007957
"498","m_out_pr[126]",-0.64257441,1.00080886391728,5410.41669109272
"499","m_out_pr[127]",0.559428215,1.00041248919666,4348.94053788261
"500","m_out_pr[128]",-0.48044672,1.00066706244808,6825.01397256384
"501","m_out_pr[129]",-0.0871252655,1.00001952905329,10946.8424119974
"502","m_out_pr[130]",-0.181613295,1.00052476607532,10131.9686293849
"503","m_out_pr[131]",-0.46274446,1.00042059447709,6648.80782428599
"504","m_out_pr[132]",0.16025674,1.00089013558051,6943.64799665661
"505","m_out_pr[133]",0.14432003,0.999999429471736,10571.5535156199
"506","m_out_pr[134]",-0.440828695,1.00056338728952,7393.27911795376
"507","m_out_pr[135]",-0.20507641,1.00001337200787,10247.0264676888
"508","m_out_pr[136]",0.093183093,1.00038787080474,4769.50742050135
"509","m_out_pr[137]",0.23422312,1.00103039981849,9150.54722390281
"510","m_out_pr[138]",-0.5119198,1.00067173457255,4692.52577796346
"511","m_out_pr[139]",-0.46082638,1.00111965813443,6143.75819820162
"512","m_out_pr[140]",-0.469469185,1.00097087673387,5027.92785877899
"513","m_out_pr[141]",0.556590305,1.00088631393573,5786.73440010744
"514","m_out_pr[142]",0.266288105,1.00046882198661,6198.16332016505
"515","m_out_pr[143]",0.685304265,1.00208915491221,4026.84710508644
"516","m_out_pr[144]",0.557504115,1.00006299865259,6089.04651287144
"517","m_out_pr[145]",-0.492090915,1.00085592411853,6904.96327123242
"518","m_out_pr[146]",0.37824705,1.00075311652557,3272.98798796855
"519","m_out_pr[147]",0.116101325,1.00033087307143,11887.9623845699
"520","m_out_pr[148]",-0.0407830145,1.00087846429825,6405.82142227422
"521","m_out_pr[149]",0.85875142,1.00095287022051,3174.26302436355
"522","m_out_pr[150]",-0.18411744,1.00024797646065,11001.3989731148
"523","m_out_pr[151]",-0.20173792,1.00103464933541,8420.42613035404
"524","m_out_pr[152]",1.0837267,1.00136548397365,4218.06282574921
"525","m_out_pr[153]",0.10372466,1.00079101258765,5136.5044987271
"526","m_out_pr[154]",-0.19062947,1.00047927557648,10869.9027472909
"527","m_out_pr[155]",-0.27934819,1.00032615227452,9919.97241490415
"528","m_out_pr[156]",-0.20309502,1.00085733527332,12068.2219325587
"529","m_out_pr[157]",0.48776712,1.00155820499096,6561.12478222375
"530","m_out_pr[158]",-0.20836467,1.00021960771689,11041.649720824
"531","m_out_pr[159]",0.68198071,1.00224461828226,2724.47178692593
"532","m_out_pr[160]",0.0690932745,1.00036564393774,7601.64027777585
"533","m_out_pr[161]",-0.22831427,0.999942328341221,8083.52990709408
"534","m_out_pr[162]",-0.24181493,1.0013334787208,10129.7352826662
"535","m_out_pr[163]",-0.49475724,0.999984918390128,9542.64220310791
"536","m_out_pr[164]",-0.0265682135,1.00084785503916,11045.9651531021
"537","m_out_pr[165]",-0.295960695,1.00073758342949,9683.96277785687
"538","m_out_pr[166]",-0.441959975,1.00056043460457,5201.1100172888
"539","m_out_pr[167]",-0.257476615,0.999755058976193,10567.3021600479
"540","m_out_pr[168]",-0.57449616,1.00040824532187,5530.19863191523
"541","m_out_pr[169]",0.203629595,1.00077345569457,6333.26951997851
"542","m_out_pr[170]",-0.172103,1.00092989265576,9154.99265542947
"543","m_out_pr[171]",1.0038474,1.00117433142936,3164.63507185524
"544","m_out_pr[172]",-0.362411805,1.00013331743315,10035.4462411309
"545","m_out_pr[173]",-0.73394209,1.00125468469651,3057.30484443563
"546","m_out_pr[174]",0.26426858,1.00067945145551,4820.45128733557
"547","m_out_pr[175]",-0.418261525,1.00055563796924,7436.16316031277
"548","m_out_pr[176]",-0.38307451,1.00159427265994,9480.90681065638
"549","m_out_pr[177]",0.0244667885,1.00036254297463,10371.8973654368
"550","m_out_pr[178]",-0.21993238,1.0012606537395,10925.7286598136
"551","m_out_pr[179]",0.449414315,1.00091006813648,3375.83286042897
"552","m_out_pr[180]",-0.50495265,1.00114992974839,4563.0951949373
"553","m_out_pr[181]",-0.12310225,1.0008027548486,10757.0471842339
"554","bias_pr[1]",-1.4364168,1.00047606483537,8668.01061244456
"555","bias_pr[2]",0.119153175,1.00037155662355,7171.69736975466
"556","bias_pr[3]",0.0137663545,1.00007538196035,5830.78107544618
"557","bias_pr[4]",-2.96804255,1.00029723877725,7923.30363935726
"558","bias_pr[5]",-1.65463245,1.00055968755296,7917.66945974639
"559","bias_pr[6]",-1.51923805,1.00027253958117,7731.36132938842
"560","bias_pr[7]",1.19496525,1.00029338331453,6692.13944170273
"561","bias_pr[8]",-0.76511819,1.00010827639988,7943.24102793848
"562","bias_pr[9]",1.0334558,1.00079759107376,6116.82802383096
"563","bias_pr[10]",1.157067,1.00025086573658,5431.91663838954
"564","bias_pr[11]",1.14055245,1.00011768029832,6166.80875423518
"565","bias_pr[12]",1.5881544,1.00045955400236,4055.90395069915
"566","bias_pr[13]",1.2810986,1.00021293405409,6557.26204549671
"567","bias_pr[14]",0.685120425,1.00023080444441,6515.51889563846
"568","bias_pr[15]",1.9896813,1.0000925778744,3128.23210976085
"569","bias_pr[16]",1.7137972,1.00024607788054,5773.64137538659
"570","bias_pr[17]",0.063621415,1.00020484035886,5940.14996440904
"571","bias_pr[18]",0.253407725,0.99982478509692,5617.21036951757
"572","bias_pr[19]",0.334509265,0.999950830237983,6724.80300558799
"573","bias_pr[20]",-0.160139645,1.00070384978106,5871.77778905001
"574","bias_pr[21]",-1.1451138,1.00129146044689,7623.09578664709
"575","bias_pr[22]",0.14637438,1.00112980875555,7207.35282693335
"576","bias_pr[23]",-0.19842645,1.00024081276213,5092.55940273013
"577","bias_pr[24]",0.097188749,1.0002485653989,6717.68460954151
"578","bias_pr[25]",-0.30459835,0.999801099816267,9965.46133012428
"579","bias_pr[26]",0.141070715,1.00024447777897,4361.26298461274
"580","bias_pr[27]",-0.23077632,1.00017665151627,6849.28199094154
"581","bias_pr[28]",0.0151579235,1.00009057989358,6764.83276162523
"582","bias_pr[29]",-0.151136655,1.00043784695104,8161.43446505024
"583","bias_pr[30]",-0.448570395,1.00008553418687,6486.64313954291
"584","bias_pr[31]",-0.51484441,1.00024950838,4839.34007825874
"585","bias_pr[32]",1.1723079,1.00048699756193,4550.69788523129
"586","bias_pr[33]",0.205528345,0.999926243623493,6139.64729189727
"587","bias_pr[34]",1.43625605,1.00027354864203,6085.6236592821
"588","bias_pr[35]",0.32756412,1.00082026876919,5318.40517680452
"589","bias_pr[36]",0.052707862,1.00028473517593,6289.39443618772
"590","bias_pr[37]",0.5529767,1.00044757790147,5763.88171802576
"591","bias_pr[38]",0.353789425,1.00055634519234,5602.926766321
"592","bias_pr[39]",-0.83965768,0.999989945579621,7294.47130283049
"593","bias_pr[40]",-0.15544356,1.00033488627352,5587.48150192252
"594","bias_pr[41]",0.96800601,1.00058761689849,5612.95409607879
"595","bias_pr[42]",-0.010087503,1.00062105295665,6528.21308018288
"596","bias_pr[43]",0.041270979,1.00060163083773,6846.96088384379
"597","bias_pr[44]",0.106455445,1.00107506103773,5721.40432316655
"598","bias_pr[45]",0.60515881,1.00008927291331,5087.6470357364
"599","bias_pr[46]",0.61687242,1.00095059976326,5904.29896463195
"600","bias_pr[47]",0.551349055,1.00083139957431,6314.35241698256
"601","bias_pr[48]",0.61332601,1.00106233870902,5005.41703305778
"602","bias_pr[49]",0.34772707,1.00054834759109,6127.33891821169
"603","bias_pr[50]",0.133370545,1.00074565527497,6488.8789826672
"604","bias_pr[51]",-0.620412125,0.999811063473497,6126.32010275502
"605","bias_pr[52]",-0.51144205,1.00006126636755,5884.05176574324
"606","bias_pr[53]",-0.63036344,1.00128939093688,7192.9627585488
"607","bias_pr[54]",-0.075650202,1.00025954152027,6438.31072825566
"608","bias_pr[55]",0.43367114,1.00022254524912,5373.67113528221
"609","bias_pr[56]",-0.19166622,1.00185215440603,7657.30027612414
"610","bias_pr[57]",-0.27879362,0.999883730708858,7328.36165449425
"611","bias_pr[58]",0.481238115,1.00039606151226,7062.31396429285
"612","bias_pr[59]",-1.21027615,0.999921667515436,7870.73860651987
"613","bias_pr[60]",0.87975421,1.00005024286154,4913.06727790038
"614","bias_pr[61]",-1.771575,1.00052938289101,4811.21375985781
"615","bias_pr[62]",-0.46404004,1.00034641417006,4810.04438675898
"616","bias_pr[63]",0.063821695,1.0006273328047,7599.95385339933
"617","bias_pr[64]",-0.75136225,1.00033422884313,7658.08346470333
"618","bias_pr[65]",1.4250926,1.00006564295576,5680.11672749083
"619","bias_pr[66]",0.044512797,1.00025872567438,5965.20740259018
"620","bias_pr[67]",-0.29356,0.999753991408359,7475.62329994813
"621","bias_pr[68]",1.78107225,1.00044369448893,5965.19071712547
"622","bias_pr[69]",-1.28065315,1.00032795711859,8307.37335577239
"623","bias_pr[70]",-0.52909365,1.00009346433754,8487.41077427751
"624","bias_pr[71]",-1.3894444,1.00017007568919,8794.92165316285
"625","bias_pr[72]",0.42171411,1.00006411206708,7216.5732177865
"626","bias_pr[73]",-0.455177695,1.00032777327632,6381.52032473858
"627","bias_pr[74]",0.854412915,1.00048926357265,7352.09725760524
"628","bias_pr[75]",-0.142230475,1.00094713764861,5126.55957730901
"629","bias_pr[76]",1.440195,1.00122421265701,4991.46846709661
"630","bias_pr[77]",-1.2394682,1.00024498496032,7927.22583723524
"631","bias_pr[78]",-1.1303889,0.999846300178274,3929.20358637212
"632","bias_pr[79]",0.388423045,1.00066228849112,5696.08797242403
"633","bias_pr[80]",-0.231719965,1.00047492575037,5614.95436508192
"634","bias_pr[81]",-1.5264005,1.00060397060699,6102.71074375143
"635","bias_pr[82]",1.27433215,0.999736138247068,7242.34551296188
"636","bias_pr[83]",-1.4261367,1.00033833505836,6018.15289195354
"637","bias_pr[84]",-0.22662922,1.00041307214916,6260.27931053276
"638","bias_pr[85]",-0.383504095,1.00030936789712,6500.87881972724
"639","bias_pr[86]",0.389468965,1.00070867377203,6496.86894616334
"640","bias_pr[87]",0.357227485,1.000317348311,7393.20808438649
"641","bias_pr[88]",0.72300048,1.00074154487135,6431.28083139861
"642","bias_pr[89]",0.599610725,1.0003789435966,3825.04039793716
"643","bias_pr[90]",0.067935124,1.00039830940016,6425.39786047643
"644","bias_pr[91]",-1.20887205,1.00079680133483,5343.93426540273
"645","bias_pr[92]",0.11085343,1.00085536269424,5134.07502878326
"646","bias_pr[93]",0.183833435,1.00050859956021,7076.0191460283
"647","bias_pr[94]",0.97329219,1.00029854000206,7280.16794549203
"648","bias_pr[95]",-0.91055879,1.00013164145899,5456.12108755583
"649","bias_pr[96]",0.86895083,1.00086288331781,6312.25083352687
"650","bias_pr[97]",-0.63768387,1.0003898651127,7981.52003230288
"651","bias_pr[98]",-0.506938115,1.00046391441055,5465.98608507683
"652","bias_pr[99]",1.26195735,1.00049791388924,5293.97493873656
"653","bias_pr[100]",0.653655295,1.00015289159661,7718.62265653188
"654","bias_pr[101]",0.37431098,1.0015843486839,6522.72800076061
"655","bias_pr[102]",1.1091906,1.00075622030534,5848.73009543209
"656","bias_pr[103]",0.99641337,1.00006447580021,8597.36289698265
"657","bias_pr[104]",0.455122285,1.00064842263145,3692.89483348869
"658","bias_pr[105]",-0.962292925,1.00007095012706,8256.61042200925
"659","bias_pr[106]",-0.437850865,1.00055334497006,5942.21814764787
"660","bias_pr[107]",-0.344963655,1.00025452476987,6916.80804718298
"661","bias_pr[108]",-0.72304352,1.00056040798629,7434.81821096219
"662","bias_pr[109]",0.66608919,1.00012406994241,5084.86914993291
"663","bias_pr[110]",-1.0993854,1.0003256566412,7640.32007603427
"664","bias_pr[111]",1.75611705,1.00012485697093,5199.01024590206
"665","bias_pr[112]",2.0155707,1.0005701977555,3261.8001398373
"666","bias_pr[113]",0.20664609,1.00095199281716,4502.69940496692
"667","bias_pr[114]",-1.1914076,1.00031139945997,5761.5945658507
"668","bias_pr[115]",0.0696320435,0.99980622885129,4280.17988743599
"669","bias_pr[116]",0.17981818,1.00004206007828,8062.25864518568
"670","bias_pr[117]",-0.48883419,0.999836909687496,7206.93501207682
"671","bias_pr[118]",0.317451495,1.0007180073154,6196.31792711442
"672","bias_pr[119]",0.23691058,1.00012131790095,6605.86204868463
"673","bias_pr[120]",-1.0659324,1.00011830080072,5899.5973828975
"674","bias_pr[121]",0.554228225,1.00014793159125,5133.73770723758
"675","bias_pr[122]",1.2359566,1.00076235296651,5964.62574842969
"676","bias_pr[123]",1.01400285,1.00042978463584,3650.26453456108
"677","bias_pr[124]",-1.4535716,1.00084167164822,7785.23570395395
"678","bias_pr[125]",1.08568765,1.00018551643794,7842.63419104661
"679","bias_pr[126]",0.73587591,1.00110777658457,5479.47739066937
"680","bias_pr[127]",-2.30476885,1.00019377732085,5875.16154306737
"681","bias_pr[128]",-1.9323076,1.0001280522724,4818.3371162932
"682","bias_pr[129]",0.775056605,1.00009030011929,5117.20507320149
"683","bias_pr[130]",0.733477565,0.999845247317279,6532.33062908977
"684","bias_pr[131]",0.772455085,1.00022608944165,7130.93124018673
"685","bias_pr[132]",0.404915625,1.00093304999271,7374.94992380848
"686","bias_pr[133]",0.631561985,1.00030439819454,7470.18424591082
"687","bias_pr[134]",-0.110806775,1.00080627933388,7011.79967290364
"688","bias_pr[135]",-0.043595405,1.00098403044465,6545.76699357153
"689","bias_pr[136]",-0.29088007,1.00010059006698,6947.31853246284
"690","bias_pr[137]",-0.0688345185,1.00042329278928,7114.8380003776
"691","bias_pr[138]",-0.2043152,1.00184375283446,4706.84518516824
"692","bias_pr[139]",0.139642455,1.00019149241535,4889.60507875777
"693","bias_pr[140]",0.588062525,1.00178596278199,4700.14783816792
"694","bias_pr[141]",-0.479198155,1.00030135851991,6430.03892102026
"695","bias_pr[142]",-0.520015345,1.00041641579096,7843.4959323038
"696","bias_pr[143]",0.241638695,1.00048195919988,5055.83816316215
"697","bias_pr[144]",-0.432596565,1.00053150368346,6972.18910938495
"698","bias_pr[145]",-0.841756635,1.0013430428461,5450.33515939262
"699","bias_pr[146]",-2.02312305,0.99989680408771,6089.33199566377
"700","bias_pr[147]",0.454555445,1.00055352348168,6588.24713037609
"701","bias_pr[148]",-0.0749673605,1.00041681009431,8107.20122993449
"702","bias_pr[149]",-0.551362335,1.00021751851034,7757.08725455773
"703","bias_pr[150]",-0.137613035,1.00011217950771,5849.34851971465
"704","bias_pr[151]",0.841760345,1.00108273240953,6340.27149417917
"705","bias_pr[152]",-1.5587471,0.99972312820386,8188.12917629781
"706","bias_pr[153]",-0.7075033,1.00072691331822,6523.44154694527
"707","bias_pr[154]",0.78731256,1.00049764758959,6596.0077255952
"708","bias_pr[155]",0.627016215,1.0003318559987,3871.69156647498
"709","bias_pr[156]",1.55884315,1.00022008438928,3501.72610534037
"710","bias_pr[157]",-1.44868835,1.00026408383408,8464.18988103886
"711","bias_pr[158]",1.62419865,1.00048351999865,5054.96648038798
"712","bias_pr[159]",-1.4107836,1.00038941713175,7659.29288577404
"713","bias_pr[160]",0.15204142,0.999911539630162,9545.10876555142
"714","bias_pr[161]",-0.673101235,1.00046574462741,6002.30914180799
"715","bias_pr[162]",0.349014905,1.00077650728038,7972.80828294743
"716","bias_pr[163]",-0.640448715,0.999804371441091,6175.82527409163
"717","bias_pr[164]",-0.38159291,0.999816170677631,6236.69452924425
"718","bias_pr[165]",0.052985731,1.00058688827223,6501.84107429992
"719","bias_pr[166]",0.23317024,1.0000972284733,4798.89887263125
"720","bias_pr[167]",0.61793493,0.999959052852421,4045.88577425306
"721","bias_pr[168]",0.604060445,1.00086293254557,5935.91761333062
"722","bias_pr[169]",0.470034515,1.00009268924024,5025.30956264101
"723","bias_pr[170]",1.43374725,1.00168537612344,5403.14266992902
"724","bias_pr[171]",1.1439621,1.00039802587299,5534.32426917146
"725","bias_pr[172]",-1.0268339,0.999973737643744,6624.52960589501
"726","bias_pr[173]",-0.0505820425,1.00032466405498,5337.71379426102
"727","bias_pr[174]",-1.00450525,1.00087818338231,7926.17128937835
"728","bias_pr[175]",0.809107225,1.00040878062801,5392.91417329762
"729","bias_pr[176]",0.217211665,0.999909288932533,7553.13514725498
"730","bias_pr[177]",-0.550673445,1.00074545994543,6355.80182242939
"731","bias_pr[178]",0.252003155,1.00059170291281,7040.35603034887
"732","bias_pr[179]",-0.918686235,1.00086408853164,10614.4194611064
"733","bias_pr[180]",0.242494125,1.00025023309714,5500.33877928053
"734","bias_pr[181]",-0.28179203,1.0009637479761,5939.16289110184
"735","lambda_pr[1]",0.592702025,1.0009958900763,7717.32854736894
"736","lambda_pr[2]",0.953231825,1.00064054930757,8269.35839477807
"737","lambda_pr[3]",-0.054744978,1.0011566012635,12460.7528046103
"738","lambda_pr[4]",-0.298367305,1.00017318539289,4847.8724952952
"739","lambda_pr[5]",-0.21890374,1.00052752330369,5240.16940117666
"740","lambda_pr[6]",0.58217271,1.00054263284359,8267.87031895528
"741","lambda_pr[7]",-0.331526585,1.00025282560572,11122.6080415553
"742","lambda_pr[8]",0.413126365,0.999775661785268,10349.8951388281
"743","lambda_pr[9]",-0.0120431965,1.00086198834748,11231.5978495345
"744","lambda_pr[10]",-0.47539575,1.00122304881225,9459.7926283283
"745","lambda_pr[11]",-0.013959642,1.00092138891596,10961.7837029492
"746","lambda_pr[12]",-0.030232197,1.00043212639353,12617.4610970454
"747","lambda_pr[13]",0.0287881735,0.999925963871568,11145.1890427528
"748","lambda_pr[14]",0.0508684025,1.00012687826042,11767.7221093608
"749","lambda_pr[15]",-0.0554024015,1.00064254493807,13805.5085799969
"750","lambda_pr[16]",-0.30156461,1.00059672293061,9770.115578104
"751","lambda_pr[17]",-0.372351795,1.00064402744756,10128.5616295665
"752","lambda_pr[18]",-0.40416797,1.00065765643223,10628.658887306
"753","lambda_pr[19]",-0.34868964,1.00104389538101,11623.0724055407
"754","lambda_pr[20]",-0.214226895,1.00008457295051,10655.1591859134
"755","lambda_pr[21]",0.485871275,0.999893709563879,6869.63887969938
"756","lambda_pr[22]",-0.109424305,0.99979160366788,12937.5744011658
"757","lambda_pr[23]",-0.12790747,1.00031603652553,11306.2942910775
"758","lambda_pr[24]",-0.309274075,1.00044985410187,10568.9917181149
"759","lambda_pr[25]",0.950745925,1.00026319431092,8992.67126162801
"760","lambda_pr[26]",0.028514242,1.00049687602768,12405.6087018331
"761","lambda_pr[27]",-0.00761943835,1.00120802730099,12895.8176603937
"762","lambda_pr[28]",0.033034805,1.00066788949051,9477.5405838763
"763","lambda_pr[29]",0.183544175,1.00022144077088,10776.1979129319
"764","lambda_pr[30]",1.02210065,1.00032524262552,7793.12391752047
"765","lambda_pr[31]",-0.37228498,1.00007308591352,10411.1901851908
"766","lambda_pr[32]",-0.124928665,1.00014219722752,11813.2851413246
"767","lambda_pr[33]",-0.436999145,1.00052370369894,10343.9047974245
"768","lambda_pr[34]",-0.9179556,0.999987087305671,7555.56391635269
"769","lambda_pr[35]",-0.31945859,1.00068431543401,9438.03382377045
"770","lambda_pr[36]",-0.195777445,1.00055039232733,12062.0112134897
"771","lambda_pr[37]",-0.29185753,1.0002519138859,8924.12608833394
"772","lambda_pr[38]",-0.26731424,1.00098019515483,9248.2418911942
"773","lambda_pr[39]",-0.12836659,1.00124108641209,6198.31352578481
"774","lambda_pr[40]",-0.419374605,1.00039122519912,8936.57222384415
"775","lambda_pr[41]",-0.307512015,1.00060508682139,10746.8596616055
"776","lambda_pr[42]",-0.18480672,1.00105415606207,10505.6157516416
"777","lambda_pr[43]",-0.32745468,1.00025968341957,10730.9346128746
"778","lambda_pr[44]",-0.334387235,1.00015255534447,9931.58918991389
"779","lambda_pr[45]",-0.32077609,1.00207304412907,11478.2313221495
"780","lambda_pr[46]",-0.121453375,1.0009024399554,10261.7094251352
"781","lambda_pr[47]",-0.28686321,1.00068678315401,12159.7255532838
"782","lambda_pr[48]",-0.36755637,1.00108944142244,9456.48275433678
"783","lambda_pr[49]",-0.281815065,1.00083040424618,10673.4027779454
"784","lambda_pr[50]",0.15797823,1.00144021295649,9704.87535812925
"785","lambda_pr[51]",0.993725115,1.00083396970311,8430.17860413936
"786","lambda_pr[52]",-0.39763482,1.00050347181552,12363.7828588663
"787","lambda_pr[53]",0.18881046,0.999962595309699,11996.3686241984
"788","lambda_pr[54]",-0.40644785,1.00018413044585,8291.99818960427
"789","lambda_pr[55]",-0.29263195,1.00009482907582,9887.96950420444
"790","lambda_pr[56]",0.37451597,1.00046075540709,11168.9821869292
"791","lambda_pr[57]",-0.3140404,1.00040753379483,11167.2041322706
"792","lambda_pr[58]",1.3122912,1.00045902217265,7577.55569005074
"793","lambda_pr[59]",0.25890261,1.0000174615369,8771.74238940501
"794","lambda_pr[60]",-0.062743391,1.00035994626616,13042.5161700693
"795","lambda_pr[61]",7.29148745e-05,0.999993802439864,10913.445425513
"796","lambda_pr[62]",0.39377055,1.00087178882419,6540.85747493005
"797","lambda_pr[63]",0.40479652,1.00024814790291,9533.15780077448
"798","lambda_pr[64]",0.36909274,1.00055099047263,8737.32971161288
"799","lambda_pr[65]",-0.435834595,1.00051781514077,8998.00942399424
"800","lambda_pr[66]",-0.13201398,0.999706774597864,11875.7539161134
"801","lambda_pr[67]",0.95870086,1.00030366557984,6598.21241203272
"802","lambda_pr[68]",-0.42060227,1.00018119701552,8634.87948846973
"803","lambda_pr[69]",0.454182265,1.00018066302638,8634.54412751365
"804","lambda_pr[70]",0.205630545,1.00036156348136,7594.25745743158
"805","lambda_pr[71]",0.19606133,1.00072053819685,6575.30544448113
"806","lambda_pr[72]",-0.11748177,0.999976721947448,11015.3031012123
"807","lambda_pr[73]",0.21363775,1.00303723628303,11546.1065331694
"808","lambda_pr[74]",0.0173851845,1.00014098285374,12140.4522129168
"809","lambda_pr[75]",-0.708825,1.00103000393685,5905.28627423674
"810","lambda_pr[76]",-0.501464785,1.00031462283729,7792.22905138081
"811","lambda_pr[77]",0.629444875,1.00031296188988,9333.57845507915
"812","lambda_pr[78]",0.12722682,1.00074464286924,9564.12783886904
"813","lambda_pr[79]",-0.438948615,1.00123243892489,9837.04392991256
"814","lambda_pr[80]",-0.06523926,1.00021493099807,12132.6485778782
"815","lambda_pr[81]",-0.0270513205,1.00224439056901,14051.4751808115
"816","lambda_pr[82]",-0.234699425,1.00005302036226,10842.7061821669
"817","lambda_pr[83]",0.62990924,0.999836498484122,10399.1404267447
"818","lambda_pr[84]",0.915016795,1.00100570044306,7410.62492090348
"819","lambda_pr[85]",0.699439585,1.00060194161705,9431.52459831304
"820","lambda_pr[86]",-0.0563471965,1.00044664961108,11227.5692657078
"821","lambda_pr[87]",0.0552961475,1.00078184388068,14153.9980093194
"822","lambda_pr[88]",-0.168820495,1.00016828307679,11934.1643494941
"823","lambda_pr[89]",-0.271119715,1.0005186953034,10983.0376830454
"824","lambda_pr[90]",-0.26298661,1.00041731411061,11463.7608677178
"825","lambda_pr[91]",-0.022557106,1.00032929673269,13413.6530083163
"826","lambda_pr[92]",-0.25505676,1.00034486106197,12719.1885841729
"827","lambda_pr[93]",-0.23773766,1.00038866850706,12692.0160440938
"828","lambda_pr[94]",-0.13795328,1.0006092905069,8931.03458820752
"829","lambda_pr[95]",-0.64790545,1.00076340285049,3021.47391547894
"830","lambda_pr[96]",-0.32982793,1.0003249715911,11885.1242023027
"831","lambda_pr[97]",0.0796119915,1.00024841089804,9331.05999923406
"832","lambda_pr[98]",-0.89759052,1.00109174796472,2686.82913352745
"833","lambda_pr[99]",-0.29268048,1.00045134390964,8917.34856423224
"834","lambda_pr[100]",0.201307895,1.00109250233732,11204.1447571698
"835","lambda_pr[101]",-0.491734185,1.00047867506058,8236.56721215935
"836","lambda_pr[102]",-0.413054565,1.00116885365808,8924.98783153469
"837","lambda_pr[103]",-0.651824785,1.00002172158416,10147.8304483429
"838","lambda_pr[104]",-0.36620085,1.00040818050684,12152.6955120888
"839","lambda_pr[105]",-0.0283147165,1.00064378745167,8905.50503891585
"840","lambda_pr[106]",-0.350444615,0.999935532494485,12359.8891146246
"841","lambda_pr[107]",0.611337225,1.00125378512103,8923.80670239028
"842","lambda_pr[108]",0.90339333,1.00077940913697,8390.4687405722
"843","lambda_pr[109]",0.196330765,1.00014673571033,7862.13103304601
"844","lambda_pr[110]",0.48023067,1.00014555459857,9089.77806302518
"845","lambda_pr[111]",-0.389153365,1.00004803096831,9454.62489377655
"846","lambda_pr[112]",0.14428324,1.00013888814445,11631.6377116084
"847","lambda_pr[113]",-0.088163489,1.00010869634424,10249.0270741126
"848","lambda_pr[114]",-0.56766999,1.00045719391057,9108.60978637206
"849","lambda_pr[115]",-0.269422465,1.00081848902118,12092.8666166917
"850","lambda_pr[116]",0.250966755,1.0009811343152,14374.3707435863
"851","lambda_pr[117]",0.014981664,1.00090419609994,11882.4285895162
"852","lambda_pr[118]",-0.230470585,1.0011671180837,11564.2219324552
"853","lambda_pr[119]",-0.22051349,1.00057226588943,11510.5517618354
"854","lambda_pr[120]",0.73779997,1.00069960251071,7903.23329511335
"855","lambda_pr[121]",-0.450133675,1.00040465463102,7808.70088468577
"856","lambda_pr[122]",-0.25557404,1.00100314165523,10975.6428601473
"857","lambda_pr[123]",-0.215435045,1.00110415266407,12931.3733888252
"858","lambda_pr[124]",0.59003928,1.00020951587213,8955.81585144827
"859","lambda_pr[125]",-0.26354244,0.999944454049351,11105.7860603546
"860","lambda_pr[126]",-0.400180865,0.9999165748906,8112.53437119933
"861","lambda_pr[127]",-0.3919059,1.00044165514283,7349.45123373823
"862","lambda_pr[128]",-0.109409,1.00016541996197,13495.8929584153
"863","lambda_pr[129]",-0.262502315,1.00046236003724,10825.142401061
"864","lambda_pr[130]",-0.216494845,1.00129280500121,10351.8839091677
"865","lambda_pr[131]",-0.2307103,1.00026591098501,11384.0413537863
"866","lambda_pr[132]",-0.168684205,1.00109572323245,9408.47975796299
"867","lambda_pr[133]",0.0005294724,1.000729533335,13074.4396024205
"868","lambda_pr[134]",0.015725201,1.00087705398907,13896.7902983549
"869","lambda_pr[135]",-0.08756604,1.00068363791902,13539.7606962965
"870","lambda_pr[136]",0.79984926,1.00089076419487,9477.77422161179
"871","lambda_pr[137]",0.400851645,1.00031541755873,10794.8277256935
"872","lambda_pr[138]",-0.088489636,0.999946739094738,10068.7857707728
"873","lambda_pr[139]",-0.526251365,1.00119242226376,8874.4508740857
"874","lambda_pr[140]",-0.33837112,1.00028293291651,10103.1605836059
"875","lambda_pr[141]",0.82899466,1.00050937022884,8966.04623352446
"876","lambda_pr[142]",0.128676055,1.00104049438184,11843.1257915457
"877","lambda_pr[143]",0.954256735,1.00085949180904,7469.1895416648
"878","lambda_pr[144]",-0.17633677,1.00000140870442,7892.01854539725
"879","lambda_pr[145]",-0.054118064,0.999792050238973,14235.34147167
"880","lambda_pr[146]",0.355811955,1.00052185960951,7391.34428344681
"881","lambda_pr[147]",-0.251328935,1.00071021357775,10618.4344596788
"882","lambda_pr[148]",0.024941769,1.00034656431094,9179.42656165358
"883","lambda_pr[149]",-0.11133061,0.999741269354551,7322.4129378676
"884","lambda_pr[150]",-0.42831642,1.00048569424691,12041.7374735998
"885","lambda_pr[151]",-0.139161185,1.00036305430292,8680.27213141317
"886","lambda_pr[152]",0.17760221,1.00146844960336,9888.13841101626
"887","lambda_pr[153]",0.410947925,1.00020275917706,9070.33316185669
"888","lambda_pr[154]",-0.0301729415,1.00065642560737,11026.1754289242
"889","lambda_pr[155]",-0.268870565,0.999885970021171,11899.8520963747
"890","lambda_pr[156]",-0.1921044,1.00024601995987,12481.2907506883
"891","lambda_pr[157]",0.50713355,1.00017650892445,8245.14421219065
"892","lambda_pr[158]",-0.3552639,1.0002353889217,8738.45494023076
"893","lambda_pr[159]",-0.180212525,1.00116849520356,5213.65217320703
"894","lambda_pr[160]",0.502592815,1.00039460463488,10106.6810396775
"895","lambda_pr[161]",0.104454475,1.00031872015256,10414.6342316379
"896","lambda_pr[162]",0.399161455,1.00030073054612,11803.5975454042
"897","lambda_pr[163]",-0.05321331,1.00034345461509,12872.9692646979
"898","lambda_pr[164]",0.22531049,1.00062170565168,12356.2546803468
"899","lambda_pr[165]",-0.092114229,1.00051532534395,11564.8931769163
"900","lambda_pr[166]",-0.474420625,1.00047015881116,9007.97146339803
"901","lambda_pr[167]",-0.047636713,1.00061016765208,12926.8284232276
"902","lambda_pr[168]",-0.050080011,1.00023628761905,11563.4890915221
"903","lambda_pr[169]",0.572612045,1.00107339740404,8614.86163907202
"904","lambda_pr[170]",-0.60311623,1.00015835454975,7491.49586049367
"905","lambda_pr[171]",0.341402815,1.00093226710608,6076.37910982033
"906","lambda_pr[172]",0.221621325,0.99996508997985,14277.0443711841
"907","lambda_pr[173]",-0.29926657,1.00126222544385,8170.35074268746
"908","lambda_pr[174]",0.25530933,1.0011632250383,7948.42716345791
"909","lambda_pr[175]",-0.353349115,1.00075369502101,9806.66945875304
"910","lambda_pr[176]",0.197620915,1.00033319838255,13207.6941024796
"911","lambda_pr[177]",-0.14263133,1.00059578931691,9461.3555397059
"912","lambda_pr[178]",0.2342297,1.00010537382376,13162.3830074835
"913","lambda_pr[179]",1.1073101,1.0021160108401,8398.08693518829
"914","lambda_pr[180]",-0.471329665,1.00095453178147,7695.62488602202
"915","lambda_pr[181]",0.093727349,1.00025808415706,11441.4650680714
"916","tau[1]",1.95257385,1.0011655619614,2813.74878313794
"917","tau[2]",1.569271,1.00258925777197,1842.31948600681
"918","tau[3]",1.1039741,1.00167033435769,2373.62555446772
"919","tau[4]",3.2500781,1.00022060442265,6664.63715730005
"920","tau[5]",4.19810445,1.00113167881642,7509.46636931797
"921","tau[6]",2.17433065,1.00125564993079,2970.8573704637
"922","tau[7]",1.0499926,1.00248592318514,1882.69293043
"923","tau[8]",1.90454325,1.00100238747605,2893.49916024502
"924","tau[9]",1.48878305,1.00159803513998,2322.66235157257
"925","tau[10]",1.5073892,1.00132107744103,2587.05117987368
"926","tau[11]",1.06091165,1.0029011603285,1942.88592926068
"927","tau[12]",1.5368081,1.00169964573426,3412.04693862807
"928","tau[13]",1.4549064,1.00236418964738,2810.05026980905
"929","tau[14]",1.6236658,1.00123849933375,2951.79236403256
"930","tau[15]",0.717587815,1.00199236338553,1577.74151474821
"931","tau[16]",1.5157325,1.00076540334638,2878.11972732825
"932","tau[17]",0.56443745,1.00370085046195,1333.31587248536
"933","tau[18]",0.620880965,1.00318479231033,1246.70992025251
"934","tau[19]",0.844791,1.00286335382424,1510.70038589885
"935","tau[20]",1.06261885,1.00133246374581,1566.27788161359
"936","tau[21]",1.5586147,1.00154499249792,5271.659116585
"937","tau[22]",0.807587005,1.00238561028602,1668.31473347738
"938","tau[23]",0.803823105,1.00131539990931,1805.50738184609
"939","tau[24]",0.51885422,1.00360872907854,1339.21418314734
"940","tau[25]",1.89403175,1.00068112983957,4864.15578302674
"941","tau[26]",0.913968985,1.00336076209495,1602.18267047107
"942","tau[27]",0.557191355,1.00322767397989,1102.98370504872
"943","tau[28]",1.9238207,1.00023197949577,3224.65143303655
"944","tau[29]",1.18796045,1.00138525172239,1729.04957459518
"945","tau[30]",2.2939355,1.00051722625561,3778.3778111269
"946","tau[31]",0.443812855,1.00261820729079,1156.64256819937
"947","tau[32]",1.43784605,1.00120246514272,2754.33592892331
"948","tau[33]",0.543547765,1.00207771726939,1456.80569573585
"949","tau[34]",5.1990767,1.00015719741225,6168.6127694593
"950","tau[35]",0.3570956,1.00306138541205,1153.89083783749
"951","tau[36]",0.848683735,1.00201416873316,1517.70457669859
"952","tau[37]",0.696044615,1.00288200387188,1408.09553119287
"953","tau[38]",1.4180272,1.00117634356759,2932.65036058132
"954","tau[39]",3.3956947,1.00069341711461,6847.72002377939
"955","tau[40]",0.584787685,1.00454797695323,1332.66613282191
"956","tau[41]",0.77492417,1.0010125252152,1487.68834632734
"957","tau[42]",1.08474585,1.00105212752823,2006.49996978704
"958","tau[43]",1.29589735,1.00180284031321,1947.9456162685
"959","tau[44]",0.422571455,1.0035411777433,1138.37406582983
"960","tau[45]",0.593863155,1.00379935126773,1024.65729077874
"961","tau[46]",0.44588829,1.00328709861508,1158.87778948875
"962","tau[47]",0.81633798,1.00339727148827,1413.23120811062
"963","tau[48]",0.52568695,1.0032121150824,1220.14291942248
"964","tau[49]",0.493816195,1.00333462637759,1126.09849341983
"965","tau[50]",2.32900085,1.00120632893851,4738.32843419155
"966","tau[51]",3.2679257,1.0010269829559,4729.9655882179
"967","tau[52]",1.00118585,1.00197338111898,2100.64055578345
"968","tau[53]",1.35958595,1.00085423368686,2207.10150815178
"969","tau[54]",2.57811255,1.00017868505088,4461.07089765072
"970","tau[55]",0.49852072,1.002855808239,1133.22426941203
"971","tau[56]",1.82211885,1.00145572498782,3286.92432019078
"972","tau[57]",0.600697225,1.00267292304429,1428.43360268208
"973","tau[58]",2.7800242,1.00057066005055,4664.35323257681
"974","tau[59]",2.6972589,1.00028887407807,6625.31415427538
"975","tau[60]",1.22823255,1.00118653635955,2157.11504415412
"976","tau[61]",2.0733311,1.00105142659877,4897.7194028298
"977","tau[62]",2.320748,1.00109407178515,4808.12407616738
"978","tau[63]",2.00781415,1.00116287948235,6173.74518135107
"979","tau[64]",1.52721635,1.00051726897416,4074.28365043844
"980","tau[65]",0.801043455,1.00355257899918,1611.4739840555
"981","tau[66]",0.95649059,1.00225962935785,1605.83257939436
"982","tau[67]",1.69594475,1.00187106354584,3384.96946333766
"983","tau[68]",2.3072192,1.0010394263439,3642.83054530665
"984","tau[69]",2.6546977,1.00113936667685,6158.11315429332
"985","tau[70]",2.0041219,1.00115004627184,5067.02746945323
"986","tau[71]",2.9082286,1.00078024631842,5377.64577882851
"987","tau[72]",1.433274,1.00095053230622,2941.82850876604
"988","tau[73]",1.28661015,1.00206729564341,1971.75232226124
"989","tau[74]",0.957046355,1.00182930693896,1845.52637777136
"990","tau[75]",2.85278115,1.00037810816414,4644.84429378869
"991","tau[76]",0.919906825,1.00176594266701,1722.94953125394
"992","tau[77]",1.0557198,1.00089725986186,3983.76885815718
"993","tau[78]",0.815542975,1.00098210865055,1827.06537090272
"994","tau[79]",0.522076,1.00222209482391,1238.30102776929
"995","tau[80]",1.03489405,1.00148494375499,2027.42214622324
"996","tau[81]",0.5138571,1.00385698961187,962.752145111787
"997","tau[82]",1.30623465,1.00202306032801,2339.6503075468
"998","tau[83]",2.08989875,1.00027209822414,4295.10622077361
"999","tau[84]",1.9563204,1.0008568606189,2564.17330057755
"1000","tau[85]",1.9537612,1.00160720757286,2717.78153598995
"1001","tau[86]",0.862322435,1.00121630025297,1683.90738115605
"1002","tau[87]",0.99293615,1.00287710311032,1908.60516933167
"1003","tau[88]",1.81164395,1.00153187348455,2985.05179660983
"1004","tau[89]",0.97786503,1.0019268309371,1979.18587641793
"1005","tau[90]",1.46056605,1.00107471924023,2431.89500362805
"1006","tau[91]",0.56588002,1.00330902595474,1184.66862610216
"1007","tau[92]",0.512402955,1.00508960055143,994.479053024383
"1008","tau[93]",0.707582965,1.0041593298761,1533.33985460885
"1009","tau[94]",2.77908355,1.00046309167306,5201.20837477307
"1010","tau[95]",6.1354898,1.00015327283771,6249.11261547101
"1011","tau[96]",1.3890532,1.00181916144798,2604.66526077914
"1012","tau[97]",1.4429698,1.00155463139087,2477.29863445591
"1013","tau[98]",5.7571003,1.00061557857482,5827.78815797243
"1014","tau[99]",0.606761735,1.00388994183541,1378.28167831759
"1015","tau[100]",1.78884975,1.00089785642153,3035.25031531379
"1016","tau[101]",2.54956375,1.00074756818087,5074.45637130608
"1017","tau[102]",0.76326749,1.00172494746475,1615.54437166243
"1018","tau[103]",4.9261661,0.999943785739382,7689.95536027243
"1019","tau[104]",1.20291255,1.00044171484796,2436.06995986207
"1020","tau[105]",2.15661225,1.00185330212138,3744.40784485034
"1021","tau[106]",0.37638424,1.0043046312793,845.549645446337
"1022","tau[107]",1.64854045,1.00206018594058,1772.57672388071
"1023","tau[108]",2.7197446,1.00050243906255,5063.22381549709
"1024","tau[109]",3.46117855,1.00029772227523,7497.4600044196
"1025","tau[110]",1.37238055,1.0038254576654,2399.12010651996
"1026","tau[111]",0.960455875,1.00327002282825,1718.13416237796
"1027","tau[112]",1.88526155,1.00112911736639,5196.21765670827
"1028","tau[113]",3.76076515,1.00007457979424,7994.1113083834
"1029","tau[114]",1.4319261,1.00106857925933,2165.44506838634
"1030","tau[115]",1.20234885,1.00191370114908,2046.24128266836
"1031","tau[116]",1.24787445,1.0019628316613,2145.17795016208
"1032","tau[117]",1.25415235,1.00147679399031,1940.39256642201
"1033","tau[118]",0.67348757,1.00320136408129,1262.92122252934
"1034","tau[119]",1.0124967,1.0017822802188,1879.35619799274
"1035","tau[120]",2.16851735,1.00021043268792,4426.25864965475
"1036","tau[121]",0.2253511,1.00391550279498,925.03804530679
"1037","tau[122]",0.556666095,1.00419337111684,1109.46267384909
"1038","tau[123]",0.7285307,1.00431868342129,1502.77162486192
"1039","tau[124]",2.55369835,1.00181836572661,4301.55302824182
"1040","tau[125]",1.71324605,1.00126715827534,3286.78118119086
"1041","tau[126]",0.4788185,1.00456083341784,1078.91444423617
"1042","tau[127]",3.12784045,1.0000716426901,5957.40168313128
"1043","tau[128]",0.62653669,1.00258308873278,1338.36594325997
"1044","tau[129]",1.39828935,1.00050757803346,2908.26736863914
"1045","tau[130]",0.930058045,1.0016422895498,1724.30099359932
"1046","tau[131]",0.814582795,1.00219733028667,1286.48277248066
"1047","tau[132]",2.46874215,0.999921780449585,4746.41927976203
"1048","tau[133]",1.37963905,1.00054081497294,3259.09477712432
"1049","tau[134]",0.676686065,1.00280305628565,1336.24569298324
"1050","tau[135]",1.17122095,1.00217973689753,1963.13560083906
"1051","tau[136]",2.32000165,1.00155824387062,3813.78372774848
"1052","tau[137]",1.7454156,1.00116741827246,3723.75564266772
"1053","tau[138]",0.399658575,1.00392113418965,1062.68327551241
"1054","tau[139]",0.573783735,1.00276149149352,1285.65900379063
"1055","tau[140]",0.482004445,1.00378157350092,1323.86760464375
"1056","tau[141]",2.09219985,1.00123276271131,5184.22531541359
"1057","tau[142]",0.81294935,1.00164571693264,1889.01519554603
"1058","tau[143]",2.70238405,1.00011327937006,6686.81520776411
"1059","tau[144]",2.13346795,1.0005766468095,4820.93909924798
"1060","tau[145]",0.647940415,1.00188241312297,1472.62919181365
"1061","tau[146]",3.18817485,1.00003437297389,6825.9678394506
"1062","tau[147]",1.46748205,1.00083605433969,2719.71276779334
"1063","tau[148]",2.07356745,1.00055855028243,2938.91807662627
"1064","tau[149]",3.9215245,1.00026122844428,7233.81575483515
"1065","tau[150]",1.12574855,1.00230313381228,1926.42189926565
"1066","tau[151]",2.0451008,1.00109417079086,2399.39232034202
"1067","tau[152]",1.5744193,1.00005620189629,5072.52447711485
"1068","tau[153]",2.4554014,1.00067769963571,4112.11129339694
"1069","tau[154]",1.14892225,1.00162719807277,1916.46762721316
"1070","tau[155]",0.85277538,1.00064717373415,1884.50706063604
"1071","tau[156]",1.01703135,1.00188030400224,2203.88208386595
"1072","tau[157]",1.9420902,1.00069310166694,5233.85784274563
"1073","tau[158]",1.10332725,1.00118413787882,2229.82441623382
"1074","tau[159]",4.3035476,1.00169861192615,7161.72950171567
"1075","tau[160]",1.82823265,1.00119274033881,3140.66590180576
"1076","tau[161]",1.7225641,1.00285338808054,2313.63991210182
"1077","tau[162]",1.33169055,1.00179239938794,2044.48852918208
"1078","tau[163]",0.807600035,1.00261695215903,1418.95418291
"1079","tau[164]",1.07296695,1.00226369417253,2089.08260843446
"1080","tau[165]",1.06449945,1.00205514193496,1770.56028182356
"1081","tau[166]",0.543557565,1.00303092330941,1284.93140984393
"1082","tau[167]",0.983729065,1.00136583966928,2219.44435181959
"1083","tau[168]",0.55348282,1.0024798466999,1076.31906084405
"1084","tau[169]",2.5226449,1.00003540727951,4002.7206858814
"1085","tau[170]",0.896249,1.00127533362457,1865.83557072375
"1086","tau[171]",5.11693245,1.00028135138408,5103.80199372432
"1087","tau[172]",0.847754355,1.00331420065981,1492.44399428024
"1088","tau[173]",0.252788065,1.00375260974388,924.327508701497
"1089","tau[174]",2.6584243,1.00072019667871,4448.06173633674
"1090","tau[175]",0.592370685,1.00115510099184,1460.25812836823
"1091","tau[176]",1.2646697,1.00105441523087,1628.93698589638
"1092","tau[177]",1.7590593,1.00094409921135,2945.78561237951
"1093","tau[178]",1.2581345,1.0021912843018,2001.29204705454
"1094","tau[179]",2.8215517,1.00054610047746,7343.81462110061
"1095","tau[180]",0.478686335,1.00307904725457,1171.59985872575
"1096","tau[181]",1.47396625,1.00269388721981,2089.06340664528
"1097","m_in[1]",0.0672946395,1.00260668310861,1478.99234422406
"1098","m_in[2]",0.067256029,1.00214609660627,1764.68644007726
"1099","m_in[3]",0.0633799405,1.00140451409888,1916.43180613608
"1100","m_in[4]",0.0635914455,1.00174536547453,1766.344411815
"1101","m_in[5]",0.0688373555,1.00245558001753,1554.54577512286
"1102","m_in[6]",0.0639536425,1.00172790344271,1955.96807047403
"1103","m_in[7]",0.065492796,1.00259949178289,1634.74202659342
"1104","m_in[8]",0.065840857,1.00182780235157,1641.26098146111
"1105","m_in[9]",0.0675918455,1.00288058636135,1603.20546352417
"1106","m_in[10]",0.0667873795,1.00244215451389,1802.81323550667
"1107","m_in[11]",0.0646360925,1.00304293575567,1560.51442923844
"1108","m_in[12]",0.0663307785,1.00196910276886,1760.51750611203
"1109","m_in[13]",0.067263594,1.00175381450599,1574.42402103554
"1110","m_in[14]",0.06713276,1.00247006088279,1796.16583021254
"1111","m_in[15]",0.063044264,1.00227383860798,1424.38065774895
"1112","m_in[16]",0.066682892,1.00211430440713,1757.89221526072
"1113","m_in[17]",0.0630754855,1.00294722624191,1498.96086452754
"1114","m_in[18]",0.0628830155,1.00195699319445,1610.60578880043
"1115","m_in[19]",0.0659459985,1.00206042092526,1765.80760556414
"1116","m_in[20]",0.0656651165,1.0022949529738,1728.31522330774
"1117","m_in[21]",0.0653576485,1.00174491036618,1808.35732950813
"1118","m_in[22]",0.0646297625,1.00203092627078,1533.35030308512
"1119","m_in[23]",0.0617081765,1.00183452779858,1608.9991328001
"1120","m_in[24]",0.06221129,1.00222066155257,1598.30182307015
"1121","m_in[25]",0.0674980065,1.00209044355172,1626.44556984849
"1122","m_in[26]",0.0641229115,1.00218703008143,1667.35841037706
"1123","m_in[27]",0.062736216,1.00190419328665,1641.67008641134
"1124","m_in[28]",0.063838374,1.00173470645731,1757.0959108015
"1125","m_in[29]",0.065582797,1.00184772641654,1605.09605887777
"1126","m_in[30]",0.0650629215,1.00165906677695,1728.77177812916
"1127","m_in[31]",0.0602522485,1.00208106067573,1536.10493459236
"1128","m_in[32]",0.063923076,1.00183797196195,1627.28399844725
"1129","m_in[33]",0.062432904,1.00221003493186,1585.64432552532
"1130","m_in[34]",0.0730532585,1.00283308264724,1402.5518405256
"1131","m_in[35]",0.0617687285,1.002365172163,1634.8807786913
"1132","m_in[36]",0.06437895,1.00257706330954,1458.21167888226
"1133","m_in[37]",0.064907281,1.0027479981179,1629.08514923493
"1134","m_in[38]",0.0652115875,1.00197109323914,1594.5672436213
"1135","m_in[39]",0.069917484,1.00158403798394,1621.04195288091
"1136","m_in[40]",0.0636454195,1.00192749603882,1697.03891917703
"1137","m_in[41]",0.062099053,1.00269997091408,1650.36582286736
"1138","m_in[42]",0.0660045615,1.00270808545656,1511.14288517005
"1139","m_in[43]",0.066205284,1.00237238558659,1775.47114644022
"1140","m_in[44]",0.0620463965,1.00254717704077,1590.18727608597
"1141","m_in[45]",0.0642065045,1.00198454148797,1597.36575407381
"1142","m_in[46]",0.0624005825,1.00240715864825,1701.15617174176
"1143","m_in[47]",0.0658325975,1.00185921576188,1604.4296447766
"1144","m_in[48]",0.0647680875,1.00209190422018,1689.58439322055
"1145","m_in[49]",0.061938923,1.00235390958378,1720.78308382574
"1146","m_in[50]",0.0674817685,1.00204913515446,1649.09807314345
"1147","m_in[51]",0.0717537485,1.00309456907247,1561.00705815527
"1148","m_in[52]",0.063930934,1.00259373114831,1474.37695124553
"1149","m_in[53]",0.0650926525,1.00288278413305,1614.41890112421
"1150","m_in[54]",0.0686348695,1.00265867244466,1642.74011066157
"1151","m_in[55]",0.061969026,1.001932680822,1563.05095003513
"1152","m_in[56]",0.066197883,1.00263853680518,1710.99018117197
"1153","m_in[57]",0.0631683385,1.00171707826976,1826.58702307411
"1154","m_in[58]",0.067783704,1.00256736160175,1624.49619221001
"1155","m_in[59]",0.068367476,1.00266313762201,1696.84615864438
"1156","m_in[60]",0.063734922,1.00237095294562,1843.64887856564
"1157","m_in[61]",0.068790313,1.00211854434898,1612.52767312944
"1158","m_in[62]",0.068200561,1.00208280474372,1547.50526337764
"1159","m_in[63]",0.067721947,1.00170059604111,1566.56485334981
"1160","m_in[64]",0.0645304215,1.00244095305253,1525.84736225871
"1161","m_in[65]",0.0633805615,1.0017052288872,1517.96924161297
"1162","m_in[66]",0.063703032,1.00217049259132,1666.67223384269
"1163","m_in[67]",0.0628191705,1.00211964968309,1529.65784017951
"1164","m_in[68]",0.0663458855,1.00176378532204,1467.62145314505
"1165","m_in[69]",0.0666876405,1.00210686110519,1472.42588792416
"1166","m_in[70]",0.0652658365,1.0024870560428,1550.47047600892
"1167","m_in[71]",0.065323354,1.00171052338295,1900.00034057553
"1168","m_in[72]",0.065960453,1.00206813404895,1615.67289323791
"1169","m_in[73]",0.064704739,1.00199673300765,1706.86959011366
"1170","m_in[74]",0.064941097,1.0017302142816,1802.61690071127
"1171","m_in[75]",0.067450985,1.00260723731021,1453.45262786885
"1172","m_in[76]",0.066241458,1.00132454474088,1830.81548953673
"1173","m_in[77]",0.063870442,1.00285154987638,1602.79054181104
"1174","m_in[78]",0.062794295,1.00244255805532,1678.89123331898
"1175","m_in[79]",0.0627399395,1.00233209605685,1540.02377323647
"1176","m_in[80]",0.0646478545,1.00206709050998,1708.7304801877
"1177","m_in[81]",0.062734789,1.00272368668456,1590.67027716507
"1178","m_in[82]",0.065968627,1.00291043247773,1660.54139987711
"1179","m_in[83]",0.06576722,1.00187997179672,1770.12812953727
"1180","m_in[84]",0.0663790435,1.00241557411644,1564.79114407531
"1181","m_in[85]",0.0666141305,1.00262600179453,1737.19788312414
"1182","m_in[86]",0.0641059415,1.00164808481683,1967.47389285145
"1183","m_in[87]",0.06477815,1.00230207700469,1688.13430314949
"1184","m_in[88]",0.066597727,1.00218461685613,1570.41318372353
"1185","m_in[89]",0.0633131955,1.00154953999182,1577.82738796079
"1186","m_in[90]",0.0683648495,1.0023444915517,1468.87823434593
"1187","m_in[91]",0.0627521185,1.00220331479071,1550.93578625249
"1188","m_in[92]",0.0633315235,1.00218972105331,1606.98477960682
"1189","m_in[93]",0.0638840195,1.00183017417544,1587.68831403918
"1190","m_in[94]",0.0691398435,1.00204310844928,1571.9967435276
"1191","m_in[95]",0.0809765565,1.00277847688323,1306.10169250907
"1192","m_in[96]",0.066661169,1.00189511158305,1505.55919330985
"1193","m_in[97]",0.0646105245,1.00213338341776,1762.89685913955
"1194","m_in[98]",0.072638399,1.00296403093377,1489.82166675133
"1195","m_in[99]",0.063211617,1.00288478277531,1473.64793906585
"1196","m_in[100]",0.067363765,1.00160645671366,1668.40825137453
"1197","m_in[101]",0.0697596275,1.00167127604281,1546.26275925607
"1198","m_in[102]",0.0628380265,1.00099723604224,1817.72111262956
"1199","m_in[103]",0.0705528695,1.00295901623535,1261.81788975235
"1200","m_in[104]",0.0656916105,1.00181213747679,1806.24084494416
"1201","m_in[105]",0.067072831,1.00316790572392,1664.22298906957
"1202","m_in[106]",0.061135949,1.00253682885241,1452.71001932591
"1203","m_in[107]",0.06710641,1.00254603059432,1714.99968673192
"1204","m_in[108]",0.0663599655,1.00202099427716,1695.55050277853
"1205","m_in[109]",0.067997925,1.00219568425979,1612.5161044986
"1206","m_in[110]",0.0640529525,1.00218586963947,1767.87176678502
"1207","m_in[111]",0.0645480905,1.00217147989044,1618.08192946711
"1208","m_in[112]",0.0660928665,1.00259975121788,1472.45784691004
"1209","m_in[113]",0.0675456875,1.00243383752125,1562.69016895624
"1210","m_in[114]",0.065176061,1.00224691788399,1685.93818794938
"1211","m_in[115]",0.0647494655,1.0020489381701,1915.05584049252
"1212","m_in[116]",0.0655258215,1.00186950296493,1614.55834873073
"1213","m_in[117]",0.0637876445,1.00213500483073,1886.24940262786
"1214","m_in[118]",0.063070045,1.00191235131039,1662.37553550391
"1215","m_in[119]",0.065303991,1.0026741265877,1664.37849383481
"1216","m_in[120]",0.0658087825,1.00220520083913,1663.20455153429
"1217","m_in[121]",0.060054386,1.0019753301195,1668.74547384743
"1218","m_in[122]",0.0640645785,1.003224338523,1686.76277126939
"1219","m_in[123]",0.064441373,1.00238866371081,1590.34153524722
"1220","m_in[124]",0.066865349,1.00176925597864,1726.21341160999
"1221","m_in[125]",0.0666389835,1.00183825068216,1723.68513829908
"1222","m_in[126]",0.0637703455,1.00199438766417,1545.03388928289
"1223","m_in[127]",0.070277343,1.00211316748444,1623.34998449463
"1224","m_in[128]",0.0641319765,1.00166260194214,1574.4124301688
"1225","m_in[129]",0.0660920785,1.00249052699329,1480.57093926744
"1226","m_in[130]",0.0643095795,1.0025238241526,1604.5089811416
"1227","m_in[131]",0.0647659945,1.00181097902329,1648.46030620725
"1228","m_in[132]",0.06716397,1.00195391731468,1709.50176583654
"1229","m_in[133]",0.0665942055,1.0028422535022,1595.32608489247
"1230","m_in[134]",0.063759542,1.00287625411186,1651.75213584209
"1231","m_in[135]",0.0673099125,1.00246510549589,1657.41437365955
"1232","m_in[136]",0.0675775135,1.00183848927912,1784.09240846245
"1233","m_in[137]",0.0646545935,1.00312328041574,1610.9952000116
"1234","m_in[138]",0.061958061,1.00234659470024,1557.40848369501
"1235","m_in[139]",0.063964416,1.00194893043087,1839.05338709172
"1236","m_in[140]",0.0629983255,1.00256506469846,1694.00696239674
"1237","m_in[141]",0.0666105905,1.0019813209564,1627.64710000783
"1238","m_in[142]",0.0652121925,1.00239370836426,1574.0348643795
"1239","m_in[143]",0.0674910775,1.00207281422183,1544.39366657911
"1240","m_in[144]",0.0654688835,1.0027627197972,1567.03097646511
"1241","m_in[145]",0.0647155925,1.00277303895782,1599.97658068009
"1242","m_in[146]",0.0713718065,1.00177861560695,1646.10681485917
"1243","m_in[147]",0.0649690615,1.00205002652006,1550.23233359819
"1244","m_in[148]",0.0678266285,1.00227305235954,1828.27375147882
"1245","m_in[149]",0.069824751,1.0027857061962,1467.17039854162
"1246","m_in[150]",0.0653284925,1.00197665954936,1833.06087848365
"1247","m_in[151]",0.0719505865,1.00292058792275,1668.96638126789
"1248","m_in[152]",0.0632654825,1.00154126873998,1847.41230818593
"1249","m_in[153]",0.06870538,1.00171163550364,1677.59377002282
"1250","m_in[154]",0.0661716185,1.00243896708481,1623.52706860757
"1251","m_in[155]",0.063132409,1.00223928056179,1770.91770705476
"1252","m_in[156]",0.0648356115,1.00157604609629,1700.33217689099
"1253","m_in[157]",0.064454273,1.00179437518997,1783.26889776151
"1254","m_in[158]",0.0660129725,1.00200361036642,1550.7105773989
"1255","m_in[159]",0.070289426,1.0034152858111,1594.62972432084
"1256","m_in[160]",0.0669859075,1.00239748632867,1585.32702908927
"1257","m_in[161]",0.068151306,1.00228745783996,1653.76159883974
"1258","m_in[162]",0.066082967,1.00217254461923,1787.51237784126
"1259","m_in[163]",0.0652990045,1.00215196597293,1870.18843614891
"1260","m_in[164]",0.065102774,1.00166415084701,1574.81853520099
"1261","m_in[165]",0.06577379,1.00312408371419,1505.61334815116
"1262","m_in[166]",0.0636620365,1.00226170774174,1569.94246860495
"1263","m_in[167]",0.0653476745,1.00199146352095,1649.97378384436
"1264","m_in[168]",0.063785635,1.00245367529758,1614.47492991111
"1265","m_in[169]",0.0722899175,1.00292731394975,1627.33302049088
"1266","m_in[170]",0.06396783,1.00154354655434,1707.4449406355
"1267","m_in[171]",0.076286534,1.00316373661008,1505.47955892234
"1268","m_in[172]",0.06583435,1.00289930681567,1604.82159917892
"1269","m_in[173]",0.059620915,1.00207772019876,1510.53895487296
"1270","m_in[174]",0.067968008,1.00215687050758,1635.23378276892
"1271","m_in[175]",0.063337901,1.00241583696562,1646.24752769347
"1272","m_in[176]",0.0666697505,1.00158694205781,1592.61253172691
"1273","m_in[177]",0.066698505,1.00280181606495,1654.07791065224
"1274","m_in[178]",0.0662906565,1.00167284529308,1584.8103205578
"1275","m_in[179]",0.068276264,1.00217519924435,1455.76037382629
"1276","m_in[180]",0.062078151,1.00207664351537,1641.71025445429
"1277","m_in[181]",0.0652901395,1.00163718969644,1638.99221096575
"1278","m_out[1]",0.82850144,1.00189606999322,3432.85474233934
"1279","m_out[2]",0.677462935,1.0009351900874,2068.34167581402
"1280","m_out[3]",0.76683233,1.00163918226696,2493.01481378132
"1281","m_out[4]",1.65744395,1.00038352599751,5721.83984280521
"1282","m_out[5]",1.58151395,1.00053105298152,5118.24189053137
"1283","m_out[6]",0.81059543,1.00072475985541,3951.76323837946
"1284","m_out[7]",0.618902755,1.00369955877573,1495.33946325797
"1285","m_out[8]",0.75497789,1.00126738023876,2964.21468927968
"1286","m_out[9]",0.72395135,1.00080915173888,2621.86634205676
"1287","m_out[10]",0.834233965,1.00079486828261,3127.20623791588
"1288","m_out[11]",0.77293502,1.00129224298005,2138.7025834666
"1289","m_out[12]",0.87035478,1.00108117968432,3434.30461247222
"1290","m_out[13]",0.86156383,1.00142203925418,3319.77266267425
"1291","m_out[14]",0.778863815,1.00064180987977,3257.44539404084
"1292","m_out[15]",0.647318285,1.002384707091,1560.03398736073
"1293","m_out[16]",0.77434391,1.00196487019054,2457.99041775097
"1294","m_out[17]",0.54174968,1.00320438715111,1059.30585672453
"1295","m_out[18]",0.626628565,1.00239696296328,1451.366827591
"1296","m_out[19]",0.62386755,1.00219776669328,1472.85786280324
"1297","m_out[20]",0.6655167,1.00131843007372,1929.65896023399
"1298","m_out[21]",1.3895415,1.00060269699046,4290.98021327204
"1299","m_out[22]",0.635644575,1.00243750227483,1499.04947841362
"1300","m_out[23]",0.710369535,1.00223679784659,1882.68134904872
"1301","m_out[24]",0.581396415,1.00298666452876,1371.45417819191
"1302","m_out[25]",1.2070419,1.00043521110353,6114.23389094333
"1303","m_out[26]",0.601726245,1.00280523423725,1624.49325697506
"1304","m_out[27]",0.578699715,1.00264905259848,1248.5834019831
"1305","m_out[28]",0.94484412,1.00050894340779,5543.82864830615
"1306","m_out[29]",0.644164835,1.00281052560217,1685.50110696162
"1307","m_out[30]",0.949400115,1.00010149917297,5765.98605034604
"1308","m_out[31]",0.58628128,1.00298554267377,1198.12091498222
"1309","m_out[32]",0.8790601,1.00054561698346,3794.94209645099
"1310","m_out[33]",0.544465615,1.00283148648303,1210.18368193079
"1311","m_out[34]",1.5463576,1.00017476265233,5295.97386083323
"1312","m_out[35]",0.55164986,1.00439334149816,951.919960807548
"1313","m_out[36]",0.61365138,1.00237702898975,1368.87042673345
"1314","m_out[37]",0.63170679,1.00175991749619,1411.87022950768
"1315","m_out[38]",0.97774907,1.00198912688824,4107.43856733356
"1316","m_out[39]",1.1343833,1.00102022833067,9235.83614696305
"1317","m_out[40]",0.625059215,1.00181431029926,1367.25205532808
"1318","m_out[41]",0.763737915,1.00149357485916,1797.12103797142
"1319","m_out[42]",0.76376443,1.00230154128291,2161.96004922666
"1320","m_out[43]",0.775275925,1.0020583292427,2704.56099165327
"1321","m_out[44]",0.49686613,1.00498867421857,925.720176850214
"1322","m_out[45]",0.555926605,1.00331565094103,1057.02049610518
"1323","m_out[46]",0.511857125,1.005057508235,1068.13885288717
"1324","m_out[47]",0.67276831,1.00261698957237,1654.00215036622
"1325","m_out[48]",0.513935745,1.0044163426053,1052.00933133412
"1326","m_out[49]",0.54150974,1.00442439202603,1009.87762438838
"1327","m_out[50]",1.0655554,1.00231067760937,6401.13503197025
"1328","m_out[51]",0.923402685,1.00107864806239,5456.7737507372
"1329","m_out[52]",0.726981475,1.00077777646964,2080.1931565153
"1330","m_out[53]",0.767834705,1.00135144307421,2568.39083948308
"1331","m_out[54]",1.02694815,1.00031055562467,8141.38782391891
"1332","m_out[55]",0.65313333,1.00252399772647,1316.7023860973
"1333","m_out[56]",0.87584431,1.00166943367815,3856.09428498287
"1334","m_out[57]",0.60209869,1.00516072855608,1261.95953306325
"1335","m_out[58]",0.90433267,1.00034330714092,5430.48903162127
"1336","m_out[59]",1.10129145,1.00006902251177,8466.79404952817
"1337","m_out[60]",0.700189675,1.00274227338807,2098.69226069327
"1338","m_out[61]",0.844330555,1.00119222309813,4245.62708750297
"1339","m_out[62]",1.1172458,1.00062790842133,5952.74874551063
"1340","m_out[63]",1.42544195,1.00022627399751,6521.93163635779
"1341","m_out[64]",1.42268345,1.00066322578901,5746.32683943602
"1342","m_out[65]",0.66124426,1.00312592684389,1711.33702509629
"1343","m_out[66]",0.637888645,1.00310238818571,1568.8779005757
"1344","m_out[67]",0.928209125,1.00071013916414,4187.06409932027
"1345","m_out[68]",1.08434435,1.00042613978172,7242.94571861614
"1346","m_out[69]",1.16481055,1.00000701552063,7719.47318807597
"1347","m_out[70]",1.33628945,1.00089814717492,6415.49137725524
"1348","m_out[71]",1.1504689,0.99994781842593,9538.35064838211
"1349","m_out[72]",0.864477335,1.00122422530588,2865.80202273796
"1350","m_out[73]",0.720962115,1.00371271182729,2039.13068138661
"1351","m_out[74]",0.749465695,1.00258555650247,2123.81038480494
"1352","m_out[75]",1.248563,1.0008341720888,8888.78827070248
"1353","m_out[76]",0.661648845,1.00296144884506,1506.15195405279
"1354","m_out[77]",1.64093965,1.00058141238491,3970.80677555777
"1355","m_out[78]",1.7416954,1.00071159244299,2393.75544553811
"1356","m_out[79]",0.561798335,1.0034091402656,983.193549931395
"1357","m_out[80]",0.727689465,1.00160405485412,2008.27549145675
"1358","m_out[81]",0.53488014,1.00323521415605,1171.34928953429
"1359","m_out[82]",0.79579975,1.00169579306518,2546.09672447092
"1360","m_out[83]",1.1533284,1.00054689284449,6395.43691214503
"1361","m_out[84]",0.795507895,1.00077922996911,3247.67424032712
"1362","m_out[85]",0.810310775,1.00106940326909,3410.70971877002
"1363","m_out[86]",0.668537025,1.00386571190668,1564.44508766834
"1364","m_out[87]",0.66012219,1.00312525793784,1780.20052715716
"1365","m_out[88]",0.80235374,1.00175916861179,3036.21331232885
"1366","m_out[89]",0.673727435,1.00279416099186,1813.01593768616
"1367","m_out[90]",0.84959113,1.0012385961649,3163.71840338395
"1368","m_out[91]",0.507583655,1.00328463364094,1109.15067008219
"1369","m_out[92]",0.56877056,1.00307927904656,1169.16741512433
"1370","m_out[93]",0.618023305,1.00323237970448,1579.14280076372
"1371","m_out[94]",1.0703358,1.00078257596501,8019.03814388288
"1372","m_out[95]",1.8366717,1.00064654218476,3046.67531413209
"1373","m_out[96]",0.808663825,1.00167095413562,2649.94408062368
"1374","m_out[97]",1.0246486,1.00079313074209,4029.66921158485
"1375","m_out[98]",2.20482845,1.0014284473579,2230.93984051966
"1376","m_out[99]",0.53874809,1.00353953635494,1239.41966583605
"1377","m_out[100]",0.907810525,1.00072480570903,4015.8684501421
"1378","m_out[101]",0.943739595,1.0003932230556,5840.52197848673
"1379","m_out[102]",0.72466164,1.00199182510013,2048.64400652736
"1380","m_out[103]",1.7387239,1.00096459967275,4496.12401344853
"1381","m_out[104]",0.769395785,1.0012716014498,2618.52811353293
"1382","m_out[105]",0.90608685,1.00080604020656,4312.76935764612
"1383","m_out[106]",0.51674276,1.00445755613252,960.396302813989
"1384","m_out[107]",0.65184128,1.00121278961538,2458.70233698683
"1385","m_out[108]",1.06921485,1.00054382644741,7918.79961813073
"1386","m_out[109]",1.89313855,1.00098035079343,3351.07993974286
"1387","m_out[110]",0.75106515,1.00284607309206,2464.66949230534
"1388","m_out[111]",0.73020329,1.00187900899048,2144.68827330571
"1389","m_out[112]",0.930507585,1.00091916546641,4632.71689527614
"1390","m_out[113]",1.55301455,1.00032397266934,5935.43392875821
"1391","m_out[114]",0.84233522,1.00126473396624,3014.15564592278
"1392","m_out[115]",0.73364262,1.00154689885682,2350.56912510273
"1393","m_out[116]",0.738225555,1.00317507824177,1917.52072739611
"1394","m_out[117]",0.70744485,1.00143630945088,2334.65327723348
"1395","m_out[118]",0.565340835,1.00414930898169,1355.75118108837
"1396","m_out[119]",0.657826845,1.00103578739275,1738.04329494669
"1397","m_out[120]",1.09956605,1.00128143012191,7379.06532474822
"1398","m_out[121]",0.546156405,1.00497442603234,894.407894192855
"1399","m_out[122]",0.55783912,1.00379447333915,1236.83092046037
"1400","m_out[123]",0.691216045,1.00373457129588,1557.70128952083
"1401","m_out[124]",1.0206633,1.00070456053078,7519.22204146988
"1402","m_out[125]",0.910026195,1.00190513581097,4371.58901451209
"1403","m_out[126]",0.48225907,1.00398417595731,845.395094057162
"1404","m_out[127]",1.2361113,1.00169981160951,9205.36708101559
"1405","m_out[128]",0.56778999,1.00412944738556,1127.69870966356
"1406","m_out[129]",0.7766215,1.00210625269799,2586.53964199242
"1407","m_out[130]",0.753950475,1.00190979740072,1588.31089646089
"1408","m_out[131]",0.549586385,1.00302168486822,1215.24797032965
"1409","m_out[132]",0.923489605,1.00059380992717,5750.96809092039
"1410","m_out[133]",0.94125195,1.00054811899991,3307.56098835378
"1411","m_out[134]",0.586296055,1.0028588719676,1160.09502977708
"1412","m_out[135]",0.723766835,1.00260130664293,2041.94774692387
"1413","m_out[136]",0.87297631,1.00065232526141,5246.26343676297
"1414","m_out[137]",0.98938906,1.00053043842177,4134.74280987312
"1415","m_out[138]",0.56695278,1.00360268403394,1050.73040140791
"1416","m_out[139]",0.589360105,1.00259151054961,1230.65640743743
"1417","m_out[140]",0.57919937,1.00396117707908,1243.10187201278
"1418","m_out[141]",1.2194982,1.00061803730834,7581.17511246906
"1419","m_out[142]",1.04917865,1.00106650900443,2557.6890428806
"1420","m_out[143]",1.35249795,1.00153024903451,6807.07454489611
"1421","m_out[144]",1.2352312,1.00018289461703,6736.43855002374
"1422","m_out[145]",0.562608905,1.00192632022394,1232.05880096145
"1423","m_out[146]",1.081631,1.00027510735675,7260.84554611325
"1424","m_out[147]",0.922198895,1.00109948344698,3595.97511778929
"1425","m_out[148]",0.79759794,1.00064565872639,3496.73688005739
"1426","m_out[149]",1.5072379,1.00035819554765,5457.9084365143
"1427","m_out[150]",0.735989315,1.0022573945306,2247.84132052017
"1428","m_out[151]",0.697128175,1.00273026481732,2851.50956122206
"1429","m_out[152]",1.75049185,1.00048638843224,4900.09046656855
"1430","m_out[153]",0.88936202,1.0008638597793,4503.99101607345
"1431","m_out[154]",0.71781272,1.00158301409521,2273.28790099293
"1432","m_out[155]",0.672828205,1.00201888838844,1789.65243885791
"1433","m_out[156]",0.723226805,1.00163813690965,2034.30926054104
"1434","m_out[157]",1.17801625,1.00103827448916,7638.79080916877
"1435","m_out[158]",0.7087614,1.00281489556059,1984.44935586815
"1436","m_out[159]",1.32425205,1.00043710695008,7964.12557954718
"1437","m_out[160]",0.8568561,1.00078509785661,3940.49650536157
"1438","m_out[161]",0.679764165,1.00156815645551,2350.21235008915
"1439","m_out[162]",0.66997662,1.0015502661382,2150.61153934807
"1440","m_out[163]",0.542026455,1.00231550937804,1252.78582472886
"1441","m_out[164]",0.82722958,1.00125214421152,2558.10915337192
"1442","m_out[165]",0.644636085,1.00206665213019,1661.97779876044
"1443","m_out[166]",0.58331361,1.00345194987598,1139.0981732729
"1444","m_out[167]",0.69464332,1.00104979398949,1798.33074017561
"1445","m_out[168]",0.50983897,1.0017741459201,1145.72395579808
"1446","m_out[169]",0.983994075,1.00074829522756,5270.00120556442
"1447","m_out[170]",0.75173079,1.0026015658553,1916.95240359054
"1448","m_out[171]",1.64432805,1.00042724814107,4997.61025987463
"1449","m_out[172]",0.628897665,1.00345375559509,1693.04553045431
"1450","m_out[173]",0.447710545,1.00531364090204,774.420759356753
"1451","m_out[174]",0.99553353,1.00029945997653,6698.3544830956
"1452","m_out[175]",0.608955185,1.00331885955788,1207.04319949106
"1453","m_out[176]",0.591426685,1.00158366715832,1616.25004950046
"1454","m_out[177]",0.852081925,1.00101024509902,3853.0845054054
"1455","m_out[178]",0.69018265,1.00268763695511,2127.21520515843
"1456","m_out[179]",1.14803125,1.00063453715188,8701.5675261249
"1457","m_out[180]",0.557408015,1.00478062665404,1002.08486068138
"1458","m_out[181]",0.76137163,1.00072941516392,2662.73130564896
"1459","bias[1]",0.191213655,1.00041844235651,7601.6918963753
"1460","bias[2]",0.48763785,1.00028584947084,7338.76289386432
"1461","bias[3]",0.46750208,1.00065915002034,9151.87678936931
"1462","bias[4]",0.0442424105,1.00022311522478,7502.91690446997
"1463","bias[5]",0.16015128,1.00024408280743,7137.03911603441
"1464","bias[6]",0.178599385,1.0010409610446,7596.8145883817
"1465","bias[7]",0.712228915,1.00036274919578,5444.60429102928
"1466","bias[8]",0.30600157,1.00010404147603,7315.60276330688
"1467","bias[9]",0.683601255,1.00056795019126,6574.19000179155
"1468","bias[10]",0.706616115,1.00012357111449,4698.34090153154
"1469","bias[11]",0.702912185,1.0003721348132,6352.84969608313
"1470","bias[12]",0.779621465,1.00143037799914,12322.4323832026
"1471","bias[13]",0.72856646,1.00025061731968,6617.09619172651
"1472","bias[14]",0.612472425,1.00023519115934,6224.80314601024
"1473","bias[15]",0.8386088,1.00004190268242,12198.5808037813
"1474","bias[16]",0.800118085,1.00066158159292,6541.11262765028
"1475","bias[17]",0.47730116,1.00039041640187,10498.6996946815
"1476","bias[18]",0.51886847,1.00007801503374,10139.6936506062
"1477","bias[19]",0.537673275,0.999903040818652,6280.18751861532
"1478","bias[20]",0.42904706,1.00085136364776,7827.46119288421
"1479","bias[21]",0.235713465,1.00101435914533,6440.03190019417
"1480","bias[22]",0.496485025,1.00079596729026,8468.07494017103
"1481","bias[23]",0.42093483,1.00006800793481,11029.2707057222
"1482","bias[24]",0.484550375,1.00015436658619,10005.8579541993
"1483","bias[25]",0.399557365,0.999823124350849,9844.91094648753
"1484","bias[26]",0.49361301,1.00034608550262,11957.58185518
"1485","bias[27]",0.41500728,0.999984461856977,10167.9683369892
"1486","bias[28]",0.467296695,0.99987698143396,8368.00605036518
"1487","bias[29]",0.42973194,1.00072977094,7727.01675760566
"1488","bias[30]",0.367720655,0.999946507440358,6985.77823716152
"1489","bias[31]",0.35486927,1.00046727759184,12309.4472506386
"1490","bias[32]",0.70731546,0.99978754338372,10173.132629007
"1491","bias[33]",0.50851698,1.00006902417622,7930.43726779358
"1492","bias[34]",0.754301535,1.00047675943876,4944.08690384469
"1493","bias[35]",0.534531255,1.00052983334701,9322.67084336122
"1494","bias[36]",0.4750257,1.00068149968025,5944.54575215883
"1495","bias[37]",0.58422478,1.00031093245511,5116.5540452812
"1496","bias[38]",0.541297805,1.00045222277826,5886.35128353576
"1497","bias[39]",0.292716155,1.00019790450212,7283.43788381314
"1498","bias[40]",0.430317925,1.00022404423496,8012.04246192097
"1499","bias[41]",0.66949886,1.00059820176631,6064.03291978079
"1500","bias[42]",0.463164775,1.00038188144524,5769.70955560903
"1501","bias[43]",0.472358045,1.00047121997352,6626.39972771404
"1502","bias[44]",0.488149625,1.00059870260411,5440.83860564946
"1503","bias[45]",0.595355405,1.00036144069686,5555.79513316164
"1504","bias[46]",0.59644059,1.00105168406784,7333.67079760729
"1505","bias[47]",0.583511195,1.00087620973813,5528.82757369804
"1506","bias[48]",0.597129615,1.00047501680615,4557.02143973522
"1507","bias[49]",0.539931805,1.00052846006816,6091.12883074831
"1508","bias[50]",0.49267919,1.00085829522786,7250.36155567271
"1509","bias[51]",0.33375339,0.999939423077803,9751.21656459107
"1510","bias[52]",0.35712877,1.00016556885,7082.20125400726
"1511","bias[53]",0.3314387,1.00152970640662,6998.25432544728
"1512","bias[54]",0.44709004,1.00023947659886,6843.84901581667
"1513","bias[55]",0.559121905,1.00030862124922,5172.42766062833
"1514","bias[56]",0.421092135,1.00123033846797,7627.51214186321
"1515","bias[57]",0.40556903,0.999770903322101,6749.38364476613
"1516","bias[58]",0.56870222,1.00095555831403,8597.62244140884
"1517","bias[59]",0.2262832,0.999819743734817,8390.22881845305
"1518","bias[60]",0.648624585,1.00003459402158,7403.49769860694
"1519","bias[61]",0.146210035,1.00023344769526,9862.23715488738
"1520","bias[62]",0.365117575,1.00091056752735,13043.5623843251
"1521","bias[63]",0.47815991,1.00057121467044,7363.62599680753
"1522","bias[64]",0.30858398,1.00014696272366,7269.03551024331
"1523","bias[65]",0.75465496,1.0006146715219,6790.99739590233
"1524","bias[66]",0.47453851,1.00022382764894,10655.6571178872
"1525","bias[67]",0.40011004,0.999796285109953,8974.45888761385
"1526","bias[68]",0.81086945,1.00062288403722,4467.24280621015
"1527","bias[69]",0.21479314,0.999915398681014,8154.59453902855
"1528","bias[70]",0.352677375,1.00010306082836,7888.62812157258
"1529","bias[71]",0.19822643,1.00021605235702,8256.01959773604
"1530","bias[72]",0.55448481,0.999855523449816,6845.2101264846
"1531","bias[73]",0.36745332,0.999945886053061,7542.86309472909
"1532","bias[74]",0.646670375,1.00046657094618,7106.94665392443
"1533","bias[75]",0.43376889,1.00042386396831,4575.64936294303
"1534","bias[76]",0.75780437,1.00108900326601,3930.38451454514
"1535","bias[77]",0.22130616,1.00069834470562,7567.1008964364
"1536","bias[78]",0.24109755,0.999806048697804,3659.13051492032
"1537","bias[79]",0.54887475,1.00072221178556,4984.09558071715
"1538","bias[80]",0.4146824,1.00038605770815,6382.57083602098
"1539","bias[81]",0.18028842,1.00016955656539,8126.64640151387
"1540","bias[82]",0.727887785,0.999982302981032,6139.50855238431
"1541","bias[83]",0.19272461,1.00081020843943,7160.60735271561
"1542","bias[84]",0.415713685,1.00032829376142,8799.37537814599
"1543","bias[85]",0.38176093,1.00008829326725,8885.90320533414
"1544","bias[86]",0.54893223,1.00028085941986,7233.008751652
"1545","bias[87]",0.5405613,1.000223706615,7295.51348761137
"1546","bias[88]",0.61879123,1.00051431232235,5954.40547642921
"1547","bias[89]",0.59247368,1.00017644524307,10804.9171948333
"1548","bias[90]",0.4783431,1.00059303269262,6658.91823956394
"1549","bias[91]",0.228527095,1.00088640876087,9465.2259327267
"1550","bias[92]",0.487619475,1.00086049630358,6155.36904506355
"1551","bias[93]",0.50399126,1.00003818790942,7015.14028587203
"1552","bias[94]",0.667938775,1.00004732996387,7031.08364633283
"1553","bias[95]",0.27893166,1.00112000593715,11220.2469399582
"1554","bias[96]",0.64978062,1.00114489654369,5824.95755154291
"1555","bias[97]",0.331614325,1.00058487376019,7395.58772364654
"1556","bias[98]",0.356306645,0.999782403937696,10298.8133632695
"1557","bias[99]",0.725083175,1.00043261830301,5661.66748941882
"1558","bias[100]",0.605652775,0.999895435551591,7653.52404994283
"1559","bias[101]",0.544943545,1.00151955819298,5914.95720896498
"1560","bias[102]",0.69692586,1.00093317633305,6332.18326708768
"1561","bias[103]",0.67147165,1.00026693076633,7261.95402926022
"1562","bias[104]",0.56217481,1.00120646024783,12861.8418248603
"1563","bias[105]",0.268645465,1.00011915471924,7984.26687851941
"1564","bias[106]",0.370827925,1.00054535563901,8267.07318173772
"1565","bias[107]",0.391276265,1.00004437327992,6985.64464473167
"1566","bias[108]",0.315157915,1.00052265754381,7373.53542509517
"1567","bias[109]",0.60792963,1.00023055550774,5466.5210240813
"1568","bias[110]",0.24548081,1.00040419851433,7525.96726884556
"1569","bias[111]",0.807870945,1.00032165953079,5159.27641431597
"1570","bias[112]",0.842743705,1.00007170085037,12076.9158624562
"1571","bias[113]",0.508634635,1.00015971787276,13893.6454142216
"1572","bias[114]",0.23073718,1.00054685853062,5729.64113502821
"1573","bias[115]",0.478363635,1.00006647184412,10430.9290502224
"1574","bias[116]",0.503239055,1.00015179833047,7927.41528333522
"1575","bias[117]",0.35990492,0.999825767504115,7180.6776202693
"1576","bias[118]",0.533823755,1.00021384482085,5240.41204157865
"1577","bias[119]",0.51681867,1.00045072531449,6807.24018408398
"1578","bias[120]",0.25217428,1.00017645360904,6362.24959118206
"1579","bias[121]",0.582015265,1.00036877690836,13012.1800622037
"1580","bias[122]",0.7207816,1.00108399702909,6312.63934856995
"1581","bias[123]",0.677553155,1.00128095159639,13660.3467538384
"1582","bias[124]",0.18836815,1.00021270978903,8948.34982009289
"1583","bias[125]",0.692038045,1.00015790140092,6699.78075716035
"1584","bias[126]",0.623080245,1.00108487225719,4763.77997767766
"1585","bias[127]",0.0895674025,0.999722816133161,8315.18954607101
"1586","bias[128]",0.126863985,1.00012960912172,10210.2534409006
"1587","bias[129]",0.630822195,1.00033456845769,6456.9520654878
"1588","bias[130]",0.621397655,0.999852292334388,6836.86210592488
"1589","bias[131]",0.628483965,1.00019473030715,6294.45314603671
"1590","bias[132]",0.548658875,1.00073516896672,6815.48337356526
"1591","bias[133]",0.60038064,1.00055652254272,6755.06683326879
"1592","bias[134]",0.440166395,1.00053123659907,7366.75180998392
"1593","bias[135]",0.45568194,1.00081082958322,7678.1467313186
"1594","bias[136]",0.40179851,0.999875405214236,9925.83283748068
"1595","bias[137]",0.450032665,1.0006215755194,7393.776576774
"1596","bias[138]",0.41931533,1.00283890100606,12546.8736074618
"1597","bias[139]",0.494883275,1.00040507458256,4510.44644867166
"1598","bias[140]",0.590385905,1.0019687343477,13420.9199610038
"1599","bias[141]",0.36228181,1.00061380866321,7650.57084669232
"1600","bias[142]",0.35507096,1.00013513206192,7259.08775471409
"1601","bias[143]",0.515838985,1.00056637413469,8177.32119293759
"1602","bias[144]",0.37266159,1.00024705085718,6291.99215254815
"1603","bias[145]",0.291854645,1.0001412951262,9886.9847005033
"1604","bias[146]",0.117243485,1.00048139556675,8027.78804713254
"1605","bias[147]",0.56113296,1.00064547212375,5907.28304368821
"1606","bias[148]",0.44851321,1.00004611472129,7664.5424288236
"1607","bias[149]",0.346941635,1.00026570626171,8792.29447838414
"1608","bias[150]",0.43477333,0.999951547258248,9414.76561582251
"1609","bias[151]",0.644707775,1.00036987850978,6411.82294577029
"1610","bias[152]",0.17406209,0.999955188073237,7325.62952639561
"1611","bias[153]",0.317486065,1.00016074253582,7629.16727568951
"1612","bias[154]",0.63280091,1.00028131901256,5884.57518665202
"1613","bias[155]",0.59839052,1.00063133223392,9159.25722537487
"1614","bias[156]",0.77549036,1.00089382730565,12936.8672736763
"1615","bias[157]",0.191607425,1.00035029078836,7033.58560418681
"1616","bias[158]",0.78842656,1.00005941097533,3912.64434208162
"1617","bias[159]",0.19564492,1.00026347851765,7417.47640699425
"1618","bias[160]",0.49562395,0.999962965496848,9243.33555604038
"1619","bias[161]",0.32325736,1.00039877449922,6218.56122060727
"1620","bias[162]",0.53920661,1.00079875978263,7954.33306153267
"1621","bias[163]",0.332774025,0.999680218164405,6595.28837415169
"1622","bias[164]",0.38302915,0.99976710833819,7739.24092009205
"1623","bias[165]",0.47486388,1.00041477975143,7562.74373797399
"1624","bias[166]",0.515516025,1.00022138116448,4115.58785938487
"1625","bias[167]",0.596904245,1.00184407807682,13011.7823046918
"1626","bias[168]",0.59467221,1.00086710410488,6806.90763618267
"1627","bias[169]",0.564488775,1.00001697775292,6629.33722299495
"1628","bias[170]",0.75637244,1.00223105966183,4901.18581874234
"1629","bias[171]",0.70215667,1.00044295235661,5712.18951378298
"1630","bias[172]",0.25757782,1.00030850368541,7720.76842700818
"1631","bias[173]",0.45285767,1.00099128312809,8083.54111232762
"1632","bias[174]",0.26177674,1.00156807290686,8888.3926517512
"1633","bias[175]",0.63737276,1.00030043125398,9200.19293497447
"1634","bias[176]",0.51022467,0.999859339843103,7378.85796124313
"1635","bias[177]",0.349415615,1.00041168401641,6051.87666962322
"1636","bias[178]",0.517469555,1.0011789954144,8837.3238666552
"1637","bias[179]",0.277722625,1.00053996134468,9832.08004957127
"1638","bias[180]",0.51728225,1.00001072105639,6902.85122050856
"1639","bias[181]",0.403897575,1.00088581404441,9448.84436467996
"1640","lambda[1]",3.06842515,1.00037773015286,5925.19844842089
"1641","lambda[2]",3.3544975,1.0014201184363,3865.77598094902
"1642","lambda[3]",2.5114242,1.00186196482796,8361.8779982738
"1643","lambda[4]",2.2748866,0.999678972476863,7866.12728432382
"1644","lambda[5]",2.35927915,1.00007212258325,6805.98229162689
"1645","lambda[6]",3.05820585,1.0010918493892,6503.65691901295
"1646","lambda[7]",2.29215515,1.00063443517788,4596.26242710045
"1647","lambda[8]",2.8937457,0.999887354959448,8631.65182590348
"1648","lambda[9]",2.5559512,1.00055048215124,8533.85852943191
"1649","lambda[10]",2.15634575,1.00058569877852,4501.76969973795
"1650","lambda[11]",2.55345045,1.00048559176344,7356.41394122237
"1651","lambda[12]",2.53146605,1.00038334636991,9507.97846793161
"1652","lambda[13]",2.5854957,1.00099179158719,7008.61042159212
"1653","lambda[14]",2.59656415,1.00063227857975,9012.40251502135
"1654","lambda[15]",2.50841805,1.00139261785746,9771.76114729537
"1655","lambda[16]",2.320568,1.00032907800827,5403.00258966371
"1656","lambda[17]",2.27125935,1.00108466723855,4483.11921990651
"1657","lambda[18]",2.2164352,1.00129055300467,4099.000447708
"1658","lambda[19]",2.2794972,1.00104276838905,5636.9158412012
"1659","lambda[20]",2.39100295,1.00116276055559,6391.50991650816
"1660","lambda[21]",2.9686996,0.99992023638531,5146.53834829556
"1661","lambda[22]",2.46318025,1.00049684473057,8123.93074431395
"1662","lambda[23]",2.4597983,1.0002264938504,6390.77651812249
"1663","lambda[24]",2.3065561,1.00078961442844,4738.40851180964
"1664","lambda[25]",3.35988445,1.00090201421928,3996.63992889819
"1665","lambda[26]",2.5823314,0.999967539545358,9182.05737193382
"1666","lambda[27]",2.5609075,1.00036631843408,9605.04618165236
"1667","lambda[28]",2.58230055,1.00027251075218,7767.92770121091
"1668","lambda[29]",2.7075638,1.00033751630494,9991.91075101724
"1669","lambda[30]",3.4088417,1.00008733147211,3262.99308412648
"1670","lambda[31]",2.2566522,1.00071515755119,4720.74351248724
"1671","lambda[32]",2.4518262,0.999933116167735,7065.36111390856
"1672","lambda[33]",2.19320745,1.00171476746164,3874.05412943355
"1673","lambda[34]",1.7739006,1.00089225831588,2604.61137836871
"1674","lambda[35]",2.30094735,1.00120763242845,3964.88900032034
"1675","lambda[36]",2.4060612,1.00042950020912,6635.74876053026
"1676","lambda[37]",2.334598,1.00034114846081,4241.56931101496
"1677","lambda[38]",2.33880135,1.00099562730764,6047.30180936493
"1678","lambda[39]",2.433701,0.999839128786868,8531.75183739981
"1679","lambda[40]",2.2172864,1.00119308399218,4263.45821830483
"1680","lambda[41]",2.312819,1.00055019395727,5175.74652435039
"1681","lambda[42]",2.4027101,1.0008425197708,7275.93711822179
"1682","lambda[43]",2.2811685,1.00049555667214,5775.66069338745
"1683","lambda[44]",2.2915782,1.0007104506625,4705.05990882413
"1684","lambda[45]",2.300264,1.00128022170435,4596.60949996293
"1685","lambda[46]",2.47694075,1.00190587530783,5565.70434552409
"1686","lambda[47]",2.329718,1.00108626200919,5985.96143754558
"1687","lambda[48]",2.26795605,1.00037485424733,4016.49439039575
"1688","lambda[49]",2.3435058,1.00100578467589,5511.8195469814
"1689","lambda[50]",2.68683015,1.00099307338913,9496.47176298704
"1690","lambda[51]",3.38986595,1.00072340073806,3267.09331233216
"1691","lambda[52]",2.2231829,1.00030329184001,5374.6496384131
"1692","lambda[53]",2.7156008,1.00059401999445,10645.0972204435
"1693","lambda[54]",2.20124975,1.00018139415205,5656.46342267685
"1694","lambda[55]",2.33870485,1.00042466326806,4811.49050366468
"1695","lambda[56]",2.86180895,1.00143910936843,8920.73102880514
"1696","lambda[57]",2.2971342,1.00099981424491,4938.9315089848
"1697","lambda[58]",3.63068675,1.00104647168336,2695.36573790081
"1698","lambda[59]",2.77560025,1.00027754976643,8501.29294072254
"1699","lambda[60]",2.50094165,1.00009148427158,10373.5273855106
"1700","lambda[61]",2.5457722,1.00017542405514,9685.06714870388
"1701","lambda[62]",2.88223645,1.00029153538817,5715.3370315543
"1702","lambda[63]",2.89581015,1.00099209344116,8022.91617048521
"1703","lambda[64]",2.85431785,1.00043081322045,7968.7722160462
"1704","lambda[65]",2.2131243,1.00128524864582,3508.12642169742
"1705","lambda[66]",2.46062415,1.00026697977096,8513.67715768481
"1706","lambda[67]",3.35668465,1.00107852513463,3424.61458481415
"1707","lambda[68]",2.22376475,1.00037433459172,4362.68291226493
"1708","lambda[69]",2.9433369,1.0004197266289,7461.36304862051
"1709","lambda[70]",2.72549975,1.00065471559801,7625.72208677904
"1710","lambda[71]",2.7155422,1.00055241245673,7400.10918499637
"1711","lambda[72]",2.4624428,1.00065066460031,7505.24393390172
"1712","lambda[73]",2.73460925,1.00238809119391,9881.50128189504
"1713","lambda[74]",2.5730785,1.00112260824693,8732.11610248238
"1714","lambda[75]",1.90496655,1.00119479633858,3293.55934595105
"1715","lambda[76]",2.14506585,1.00082471251677,3466.38494350487
"1716","lambda[77]",3.090044,1.0005315528512,6442.0185626204
"1717","lambda[78]",2.64858735,1.00059392955401,9020.47444870143
"1718","lambda[79]",2.2157382,1.00022041373317,3996.01988129924
"1719","lambda[80]",2.51022395,1.00040768016159,9316.159904888
"1720","lambda[81]",2.54206135,1.00153971486219,11692.103149604
"1721","lambda[82]",2.37001645,1.00051135038157,5137.01303392018
"1722","lambda[83]",3.08515215,0.999913068965607,7110.78480200046
"1723","lambda[84]",3.31114135,1.00070864922727,3676.18225461129
"1724","lambda[85]",3.1496415,1.00001483157899,5983.01034439059
"1725","lambda[86]",2.52831415,1.00143765270242,7833.19221952201
"1726","lambda[87]",2.6196041,1.000554623131,12005.6546423008
"1727","lambda[88]",2.4248551,1.00043908266847,7489.53290979412
"1728","lambda[89]",2.3477758,1.00022669187964,5929.76313053384
"1729","lambda[90]",2.3411758,1.00031757882003,7600.56466739147
"1730","lambda[91]",2.54005565,1.00013518999655,9160.38547780689
"1731","lambda[92]",2.35613595,1.00043833139297,5580.73108753481
"1732","lambda[93]",2.356732,1.00133206636644,5922.1857335361
"1733","lambda[94]",2.4351546,1.00095328530197,8108.83266240324
"1734","lambda[95]",1.97362865,1.00038074286132,4838.21517448591
"1735","lambda[96]",2.28266585,1.00053406053923,6705.6655611649
"1736","lambda[97]",2.6154866,1.00050565266167,9516.89744389418
"1737","lambda[98]",1.76719345,1.0003105824215,3856.83124591976
"1738","lambda[99]",2.33209885,1.00139281192261,3824.50147758987
"1739","lambda[100]",2.7199849,1.00046179029786,9918.04338207356
"1740","lambda[101]",2.136107,1.00042989889467,6211.04839459508
"1741","lambda[102]",2.22093925,1.00063151429046,4042.8901745581
"1742","lambda[103]",1.9975386,1.00039931794957,3448.481667685
"1743","lambda[104]",2.24271635,1.00077166370641,6542.84310905393
"1744","lambda[105]",2.53501575,1.00079328987934,9527.3690964185
"1745","lambda[106]",2.2825733,1.00042803532168,5547.53249343707
"1746","lambda[107]",3.0665495,1.00062922423536,6253.28956890132
"1747","lambda[108]",3.30736225,1.00038841424874,3825.44749839401
"1748","lambda[109]",2.71142685,1.00013750863471,8171.97974165766
"1749","lambda[110]",2.9639664,1.0002061662715,7544.41479213825
"1750","lambda[111]",2.2491369,1.00053830286359,3749.50539340591
"1751","lambda[112]",2.6684763,1.0007285598084,9419.84489185699
"1752","lambda[113]",2.4832329,1.00051788812838,10048.9079369024
"1753","lambda[114]",2.0550597,1.00077941774378,3973.00252492705
"1754","lambda[115]",2.33274035,1.00096972061623,6725.59305562284
"1755","lambda[116]",2.76173995,1.00167553466024,12053.8473899806
"1756","lambda[117]",2.5705121,1.00116785533867,10590.4981721277
"1757","lambda[118]",2.36768885,1.0013542979507,5607.24959271557
"1758","lambda[119]",2.39357475,1.00107945659734,7340.07346762078
"1759","lambda[120]",3.1794773,1.00080165948798,5154.2435331228
"1760","lambda[121]",2.20253705,1.00113875549276,3398.72878569647
"1761","lambda[122]",2.3619588,1.00088528890829,4894.94873719082
"1762","lambda[123]",2.3871441,1.00166423225915,5826.45517681604
"1763","lambda[124]",3.0552815,1.0004322340401,6352.50653642788
"1764","lambda[125]",2.34004955,1.0005392220346,6101.37241325571
"1765","lambda[126]",2.22989325,1.00055768202206,3384.99214637922
"1766","lambda[127]",2.20868,1.000180831628,7777.66738216201
"1767","lambda[128]",2.4621845,1.0008010759832,8177.47989346969
"1768","lambda[129]",2.35238245,1.00016088968599,6355.31298448032
"1769","lambda[130]",2.3940115,1.00057644800072,5872.67229260049
"1770","lambda[131]",2.38120975,1.00060623980655,5771.40638964123
"1771","lambda[132]",2.40413235,1.00172379872419,8994.22327457154
"1772","lambda[133]",2.56006285,1.00039904341671,10349.959527056
"1773","lambda[134]",2.5671167,1.0001248844922,10350.2730981938
"1774","lambda[135]",2.49244505,1.00063963856893,9914.9108846243
"1775","lambda[136]",3.2337246,1.00023962337271,4758.07312740463
"1776","lambda[137]",2.88468305,1.00097263763671,8107.11477888864
"1777","lambda[138]",2.4837016,1.00063729164741,5996.35101577325
"1778","lambda[139]",2.13858175,1.00022954559324,3769.62397766267
"1779","lambda[140]",2.28820845,1.00072352533449,5080.56012351637
"1780","lambda[141]",3.25087735,1.00066421298032,4640.67245698072
"1781","lambda[142]",2.66162195,1.00201379038926,10254.5156728276
"1782","lambda[143]",3.35828605,1.00055530852635,3757.13195823053
"1783","lambda[144]",2.3944973,1.00080886706606,8039.73347148683
"1784","lambda[145]",2.52160545,1.00041967372493,8217.79085069659
"1785","lambda[146]",2.84710255,1.00075268680618,7372.90248960582
"1786","lambda[147]",2.3499956,1.00078784833375,6184.90320373278
"1787","lambda[148]",2.58095085,1.00081248777531,8069.85610513934
"1788","lambda[149]",2.4562221,0.999841751913343,8840.9654945992
"1789","lambda[150]",2.20434855,1.00016646915372,5089.81623227161
"1790","lambda[151]",2.43831345,1.0011442411418,6705.22437455737
"1791","lambda[152]",2.70637965,1.00021502098694,9147.85495031857
"1792","lambda[153]",2.89925335,1.00026397591849,7569.83257706475
"1793","lambda[154]",2.53877165,1.00000088248158,7588.79038666502
"1794","lambda[155]",2.32508155,1.00021213070633,5445.84448628743
"1795","lambda[156]",2.4014278,0.999999613471137,6703.7555702896
"1796","lambda[157]",2.97155395,1.00020951067654,7362.53995133588
"1797","lambda[158]",2.27071865,1.00086538215583,4214.44920493152
"1798","lambda[159]",2.3976631,1.00109946255772,8240.34583626675
"1799","lambda[160]",2.9796611,1.00222080561007,7486.71329100101
"1800","lambda[161]",2.64817955,1.00115172066289,9304.58872374123
"1801","lambda[162]",2.88953725,1.00125932199631,9377.67013245385
"1802","lambda[163]",2.5176715,1.00066125541022,9061.6249200899
"1803","lambda[164]",2.74826455,1.00059099291434,9952.44992248865
"1804","lambda[165]",2.47658405,0.999942784993742,8443.41494421572
"1805","lambda[166]",2.1706042,1.00238265372316,3627.96799009228
"1806","lambda[167]",2.51646495,1.00123031214186,8809.15868449346
"1807","lambda[168]",2.5303564,1.00044777724766,6201.84984418874
"1808","lambda[169]",3.035695,1.00188056402165,5686.6548134645
"1809","lambda[170]",2.05969405,1.00117528899592,3193.7216886753
"1810","lambda[171]",2.8347435,1.00002017259456,6434.63696523438
"1811","lambda[172]",2.73039895,1.00068309202473,12264.0801092242
"1812","lambda[173]",2.3364254,1.00180422991705,4099.60059295886
"1813","lambda[174]",2.77658005,1.00036221145368,8399.68139611199
"1814","lambda[175]",2.2756351,1.00011323055242,4466.0978720943
"1815","lambda[176]",2.7231324,1.00007391953302,11657.258566092
"1816","lambda[177]",2.43522125,1.00060293683775,7813.04273284029
"1817","lambda[178]",2.74025,1.0002349293658,10549.9856885989
"1818","lambda[179]",3.49044125,1.00047832043322,3470.04348922999
"1819","lambda[180]",2.18597025,1.0007129579805,2974.90635094448
"1820","lambda[181]",2.62816605,1.00007766277131,9388.79229785402
"1821","log_lik[1]",-93.775708,1.00067099775639,4873.66197971091
"1822","log_lik[2]",-88.392589,1.00203772895524,2858.53392372417
"1823","log_lik[3]",-102.694015,0.999775902000102,4214.34578504322
"1824","log_lik[4]",-71.845146,1.00028970330581,6596.68292806813
"1825","log_lik[5]",-81.1125125,1.00032721147608,5391.54582468126
"1826","log_lik[6]",-88.931929,1.0013342622794,4248.62545321184
"1827","log_lik[7]",-64.917935,0.99969037777097,9356.7683735687
"1828","log_lik[8]",-96.9753895,1.00112440160057,3854.92491280057
"1829","log_lik[9]",-76.8500245,1.00110609450481,4119.95470915263
"1830","log_lik[10]",-67.692676,1.00023446327436,5385.09758711815
"1831","log_lik[11]",-78.9979585,1.00050561462931,5680.67994320709
"1832","log_lik[12]",-72.983237,1.00106728912661,3588.36587178288
"1833","log_lik[13]",-68.6232335,1.00079534268138,4903.15692951508
"1834","log_lik[14]",-81.5801205,1.00081050825158,3371.46509864661
"1835","log_lik[15]",-66.00462,1.00038620247558,5930.96268484679
"1836","log_lik[16]",-64.2371755,0.999698543994801,5605.21111440088
"1837","log_lik[17]",-103.334945,1.00040405482388,6144.50125705098
"1838","log_lik[18]",-102.70874,1.00068323835429,6335.52857805267
"1839","log_lik[19]",-96.9140825,1.00022636570158,5185.68801472242
"1840","log_lik[20]",-102.037205,1.00076538693588,3320.58921473101
"1841","log_lik[21]",-94.2359935,1.00073725397893,4215.53432825337
"1842","log_lik[22]",-101.58203,1.00041913820553,5538.27521414697
"1843","log_lik[23]",-102.003575,1.00052293799709,4981.86562464238
"1844","log_lik[24]",-101.29126,1.00015356573078,6461.59195530883
"1845","log_lik[25]",-42.064945,1.00023522339892,4910.15082488288
"1846","log_lik[26]",-99.926196,1.00007085217796,3563.80715437231
"1847","log_lik[27]",-102.667765,1.00015735206887,6268.54071530447
"1848","log_lik[28]",-91.560922,1.00087057372687,3600.51305115969
"1849","log_lik[29]",-89.845805,1.00100917571666,3830.84538716996
"1850","log_lik[30]",-47.9270845,1.00117847649802,4345.06497463861
"1851","log_lik[31]",-97.431969,1.0005579480978,5144.88329617277
"1852","log_lik[32]",-85.1014025,1.00078828748372,4137.97298184447
"1853","log_lik[33]",-103.090325,1.00000523694512,7607.93907893838
"1854","log_lik[34]",-1.3157792,0.999796803478498,7194.50324492952
"1855","log_lik[35]",-102.399115,1.00065461253217,5887.15910634597
"1856","log_lik[36]",-101.26883,1.00025941464709,4569.36079187794
"1857","log_lik[37]",-95.7979495,1.00086709456023,6368.97579894271
"1858","log_lik[38]",-97.9173265,1.00194175413932,3202.35299444881
"1859","log_lik[39]",-86.341601,1.00002562869925,4952.52997078498
"1860","log_lik[40]",-102.61604,1.00058949344192,5968.41088487773
"1861","log_lik[41]",-89.753364,1.00028263096557,6151.01195683356
"1862","log_lik[42]",-99.053022,1.00047891958347,3613.83098793371
"1863","log_lik[43]",-98.6610945,1.00069057531795,3128.54371597003
"1864","log_lik[44]",-100.86874,1.00039088191002,7450.06391605075
"1865","log_lik[45]",-97.272342,1.00017039899906,7278.00504118518
"1866","log_lik[46]",-98.0164915,1.00086011743006,6869.77704978188
"1867","log_lik[47]",-84.684834,1.00152390409964,5260.97222101042
"1868","log_lik[48]",-95.582578,1.00128068076847,8192.99491816506
"1869","log_lik[49]",-100.260545,0.999918844318785,7599.1541370054
"1870","log_lik[50]",-90.7723795,1.00190669438914,3418.01426770443
"1871","log_lik[51]",-84.7558055,0.999886420886784,4573.57562011212
"1872","log_lik[52]",-100.14472,1.00009178060772,3811.26303939332
"1873","log_lik[53]",-99.6572965,1.00139331526302,4055.42301784659
"1874","log_lik[54]",-98.4272495,1.00113465220357,3730.72202302962
"1875","log_lik[55]",-96.970921,1.00081231318538,6655.9347332031
"1876","log_lik[56]",-87.1165285,1.00041053171321,3930.93766459609
"1877","log_lik[57]",-102.84536,1.00011914639867,5213.55739914328
"1878","log_lik[58]",-53.739497,1.00070364558937,2753.83262207049
"1879","log_lik[59]",-88.044733,1.00023133236004,4514.64204112602
"1880","log_lik[60]",-99.9681725,1.00000654000241,4607.30140942669
"1881","log_lik[61]",-65.305918,1.00059180701804,4367.62570717088
"1882","log_lik[62]",-93.2774335,1.00227489814506,3772.32491731288
"1883","log_lik[63]",-83.226101,1.00118179057615,4037.96305334297
"1884","log_lik[64]",-90.921374,1.00058020591221,4108.85048369059
"1885","log_lik[65]",-76.7823155,1.00105248335547,6747.0694870949
"1886","log_lik[66]",-101.30097,1.0001392244879,4139.81623028628
"1887","log_lik[67]",-83.717388,1.0009410627242,3862.90631887313
"1888","log_lik[68]",-33.2736545,1.00107238875093,4677.97385018141
"1889","log_lik[69]",-91.900156,0.999848723309192,4881.14273564063
"1890","log_lik[70]",-63.3932115,1.00059198240523,4086.67359895692
"1891","log_lik[71]",-81.15278,1.00075445350266,4439.1981226067
"1892","log_lik[72]",-76.810386,1.00110395800479,3415.4492995673
"1893","log_lik[73]",-101.27025,1.00112140394029,3372.86131801449
"1894","log_lik[74]",-79.748185,1.00047298121152,4572.30798839304
"1895","log_lik[75]",-92.448177,1.00146168180976,3409.47468413866
"1896","log_lik[76]",-69.7802125,1.00038131357686,8936.91620113914
"1897","log_lik[77]",-96.442202,1.00032815531542,3758.35854009092
"1898","log_lik[78]",-96.735996,1.00011253304484,2233.5143584013
"1899","log_lik[79]",-99.958296,1.00037153000003,7647.29683773847
"1900","log_lik[80]",-102.57211,1.00007040824609,3776.89931598052
"1901","log_lik[81]",-78.649506,0.999954554168253,5458.70475478603
"1902","log_lik[82]",-59.159185,1.00124241241544,6796.23978294001
"1903","log_lik[83]",-84.4012885,1.00028380263676,4208.33348871908
"1904","log_lik[84]",-90.4341385,1.00131835484482,3003.14862791825
"1905","log_lik[85]",-93.954041,1.00049549412348,3738.03524353489
"1906","log_lik[86]",-97.8830145,1.0002283595178,4347.58273528351
"1907","log_lik[87]",-88.544223,1.0000191107497,5562.20238027877
"1908","log_lik[88]",-65.491549,1.00309958041732,3703.10333632384
"1909","log_lik[89]",-101.104885,1.00052121666243,4266.65110565679
"1910","log_lik[90]",-100.797715,1.00084144461079,3217.55332396417
"1911","log_lik[91]",-84.7533265,1.00009871575813,6257.73080345773
"1912","log_lik[92]",-103.23456,1.00035818293835,6078.21370106353
"1913","log_lik[93]",-100.68225,1.00081761511786,5878.98959014712
"1914","log_lik[94]",-57.531363,1.00098589021121,3430.48635830351
"1915","log_lik[95]",-73.9465925,1.00029935381627,4535.60332752496
"1916","log_lik[96]",-88.5668795,1.00044598069472,4526.52786201401
"1917","log_lik[97]",-96.1405395,1.00007562553161,3919.88073683922
"1918","log_lik[98]",-79.5953455,0.999988140073464,4413.71240665536
"1919","log_lik[99]",-81.9462645,1.00125701730072,8310.1811635304
"1920","log_lik[100]",-64.5831465,1.00030251349001,3899.29105251111
"1921","log_lik[101]",-88.9512955,1.00070652873286,3647.0172461395
"1922","log_lik[102]",-86.046519,1.00023803187324,7304.32269470893
"1923","log_lik[103]",-0.88568933,1.00023102361267,7257.67142701088
"1924","log_lik[104]",-101.621845,1.00042461146204,4122.38437879872
"1925","log_lik[105]",-98.0697495,1.00069310576517,4202.69514012913
"1926","log_lik[106]",-99.7917435,1.00060261924082,6944.33252632076
"1927","log_lik[107]",-91.1978315,1.00173121992309,3089.38380336699
"1928","log_lik[108]",-72.957124,1.00080707576508,4797.455498226
"1929","log_lik[109]",-60.4938005,1.00001677988436,2881.26230698714
"1930","log_lik[110]",-98.313907,1.00075821747298,4333.61362748238
"1931","log_lik[111]",-64.6521625,1.00031717266941,7106.28302141609
"1932","log_lik[112]",-60.0500615,1.00085103656293,4168.04188187691
"1933","log_lik[113]",-96.4327395,1.00023572841816,4324.66333789377
"1934","log_lik[114]",-91.1984475,1.0005969798422,3067.1726157534
"1935","log_lik[115]",-102.107745,1.00015077717244,3661.39092466599
"1936","log_lik[116]",-83.05425,1.00041295024545,4195.85081823214
"1937","log_lik[117]",-99.9020955,1.00025891714851,3442.31493277246
"1938","log_lik[118]",-98.262115,1.00053668589599,6162.54452188429
"1939","log_lik[119]",-100.190495,1.00056750545748,4261.24025323976
"1940","log_lik[120]",-93.467539,1.00115041797079,4557.38258717186
"1941","log_lik[121]",-101.07919,1.00039879368723,5553.11020978635
"1942","log_lik[122]",-80.77987,1.00020958936091,7045.16024526717
"1943","log_lik[123]",-85.1467495,1.00081934446355,4777.59147446466
"1944","log_lik[124]",-89.0999615,1.00048524449632,4320.03198641442
"1945","log_lik[125]",-56.3352185,1.00023127656765,4142.77433772416
"1946","log_lik[126]",-93.521965,1.00003075925217,7977.40051307548
"1947","log_lik[127]",-55.035469,0.999812661625708,5301.32080251114
"1948","log_lik[128]",-59.0479235,1.00081297653472,6396.5697348717
"1949","log_lik[129]",-93.1824945,1.00075889866731,4061.41890885321
"1950","log_lik[130]",-89.4640675,1.00114373696725,5981.67512485708
"1951","log_lik[131]",-82.658284,0.999998588465582,7229.73702114002
"1952","log_lik[132]",-64.4176235,1.00152425565223,3134.59287601982
"1953","log_lik[133]",-79.697018,1.00025415979704,4361.49328314859
"1954","log_lik[134]",-101.61617,1.00106687806545,4588.44208086429
"1955","log_lik[135]",-101.27676,1.00035297708092,4100.13279744109
"1956","log_lik[136]",-91.986301,1.0008011150218,3502.86016360102
"1957","log_lik[137]",-66.065716,1.00134033553666,3784.7363207566
"1958","log_lik[138]",-101.702525,1.00131545803796,5093.98253812484
"1959","log_lik[139]",-102.8295,1.00004438871578,5910.97574536489
"1960","log_lik[140]",-100.34943,1.00061428188617,4673.79684537204
"1961","log_lik[141]",-93.4673045,1.00095841790019,4239.02432972953
"1962","log_lik[142]",-87.707555,1.00033103628007,3733.76103049749
"1963","log_lik[143]",-81.7637295,1.00063064528974,3994.09753506761
"1964","log_lik[144]",-78.5390795,1.00087433902294,3593.77355258137
"1965","log_lik[145]",-93.795611,1.00011638448468,6476.91634982543
"1966","log_lik[146]",-69.869852,1.00089618833545,4344.861471528
"1967","log_lik[147]",-90.0034675,1.00096193522031,3559.2578997155
"1968","log_lik[148]",-80.301386,1.00017444583762,3380.8112823116
"1969","log_lik[149]",-85.3943635,1.00070911768498,4496.83251289801
"1970","log_lik[150]",-101.86596,1.00014161101625,3729.90348522738
"1971","log_lik[151]",-80.430301,1.00029698364851,3778.05245707831
"1972","log_lik[152]",-93.471767,1.00060853296511,3689.7688540169
"1973","log_lik[153]",-96.5455875,1.00015501181845,4089.01656145999
"1974","log_lik[154]",-86.525365,1.00090660148522,4478.00869807264
"1975","log_lik[155]",-101.20747,1.00027728173066,4977.49627853367
"1976","log_lik[156]",-77.740762,1.00056294333488,5091.13658595658
"1977","log_lik[157]",-93.942449,1.00066300504425,4863.19219003269
"1978","log_lik[158]",-61.16585,1.00000509665594,6400.34039773318
"1979","log_lik[159]",-84.5613905,1.00032438926186,4945.03164231361
"1980","log_lik[160]",-60.1965035,1.0004775506791,4182.85563587552
"1981","log_lik[161]",-92.920554,1.00223040762304,2815.7441534216
"1982","log_lik[162]",-84.2832265,1.00046322632756,4159.70580326184
"1983","log_lik[163]",-100.64522,1.00005852271113,4105.63799850706
"1984","log_lik[164]",-101.80612,1.0001716997545,3817.49061537186
"1985","log_lik[165]",-101.462375,1.00086397797629,4074.43336215255
"1986","log_lik[166]",-101.621795,1.00067504951896,6438.18880673124
"1987","log_lik[167]",-100.17942,1.0010119024115,3995.06371849976
"1988","log_lik[168]",-95.9031785,1.00014741579919,5805.09633821982
"1989","log_lik[169]",-88.175905,1.00095773244013,3303.40488571864
"1990","log_lik[170]",-73.8047395,1.00079039606053,7094.97963457116
"1991","log_lik[171]",-60.7652575,1.0004959240752,4599.95338049933
"1992","log_lik[172]",-69.4173545,1.00033658149839,4635.48754677165
"1993","log_lik[173]",-103.491645,1.000261792721,5777.25696600996
"1994","log_lik[174]",-93.5494855,1.0007052588673,4342.49399308174
"1995","log_lik[175]",-93.9903105,1.00003495578892,7115.42418252702
"1996","log_lik[176]",-79.454363,1.00027051398712,4176.84317653707
"1997","log_lik[177]",-100.490595,1.00216071444995,3342.03224548131
"1998","log_lik[178]",-98.9881965,1.00213609286003,3636.06468802848
"1999","log_lik[179]",-66.499995,1.00051207200674,5470.68672342239
"2000","log_lik[180]",-102.99138,0.999912749664514,6430.80304789266
"2001","log_lik[181]",-101.25847,1.00118196316807,3626.2757895655
