"","variable","median","rhat","ess_bulk"
"1","mu_pr[1]",-1.0103679,1.01298598356279,272.137846812095
"2","mu_pr[2]",-1.68384475,1.01235978263796,271.110291997321
"3","mu_pr[3]",-0.10517903,1.00151803740849,1060.41698953319
"4","mu_pr[4]",0.01452027,1.00256027275952,933.491102979746
"5","sigma[1]",0.453930285,1.01167623506182,304.316010203197
"6","sigma[2]",0.466688105,1.00763375519183,351.3034499691
"7","sigma[3]",0.540414705,1.00301857198419,1835.90776756149
"8","sigma[4]",0.61330885,1.00839794676881,565.608876803176
"9","tau_pr[1]",0.27122803,1.00030903903509,5175.86253932981
"10","tau_pr[2]",0.0765284045,1.00036889407436,10634.2908317673
"11","tau_pr[3]",-0.199188865,1.00227777134222,12684.5385426067
"12","tau_pr[4]",0.890401165,1.00244866949212,1247.1661082768
"13","tau_pr[5]",1.14515745,1.00260812698245,1174.40522845899
"14","tau_pr[6]",0.3683808,1.00178353079466,5331.91899707574
"15","tau_pr[7]",-0.14903758,1.0023209561877,14205.8954228279
"16","tau_pr[8]",0.224201595,1.00060873949868,7509.57309039397
"17","tau_pr[9]",0.00753646515,1.00017024578554,13007.3543005525
"18","tau_pr[10]",0.05585883,1.00018453156659,11037.9155427466
"19","tau_pr[11]",-0.1742581,1.00007214127857,11783.6427877033
"20","tau_pr[12]",0.0021676607,0.999787430155349,13233.2031140687
"21","tau_pr[13]",0.0138492345,1.00089976482799,9426.90953118859
"22","tau_pr[14]",0.084432619,1.00071113579874,12982.2988703635
"23","tau_pr[15]",-0.50220254,1.00083763432819,4930.87973597313
"24","tau_pr[16]",0.118695155,1.00156876361471,10596.9880532288
"25","tau_pr[17]",-0.451660595,1.00064913720371,3780.67258063297
"26","tau_pr[18]",-0.50214092,1.00115968876552,5262.68416849184
"27","tau_pr[19]",-0.319637585,1.00160464979337,9654.42285314912
"28","tau_pr[20]",-0.237657855,0.999936114209065,11604.5904839515
"29","tau_pr[21]",0.097893409,1.00073021448385,3885.19718604774
"30","tau_pr[22]",-0.360739175,1.00094267217758,8405.38762703294
"31","tau_pr[23]",-0.41245955,1.00148929019375,6335.25379172179
"32","tau_pr[24]",-0.562627335,1.00078730421739,3958.76747911172
"33","tau_pr[25]",0.278839965,1.00127662915657,3181.56629460668
"34","tau_pr[26]",-0.330252065,1.00024017851274,9042.58255154871
"35","tau_pr[27]",-0.567517415,1.00085737619095,3760.7972653276
"36","tau_pr[28]",0.256183385,1.00074540006474,7405.64804213104
"37","tau_pr[29]",-0.082908729,1.00153279564222,13498.7643494297
"38","tau_pr[30]",0.4200253,1.00155546362763,2827.0879705059
"39","tau_pr[31]",-0.605357845,1.00050644133971,3086.77084117172
"40","tau_pr[32]",-0.044940537,1.00043587475462,11940.1974208488
"41","tau_pr[33]",-0.496201995,1.00074986403678,4516.45101787472
"42","tau_pr[34]",1.5994306,1.00320008005646,1118.11184247146
"43","tau_pr[35]",-0.745864315,1.00162496689059,2128.62075243356
"44","tau_pr[36]",-0.336728275,1.00182923887697,9815.56994189437
"45","tau_pr[37]",-0.402899035,1.00051797815171,7578.61522349483
"46","tau_pr[38]",-0.0815903985,0.999765525098197,10283.0492518781
"47","tau_pr[39]",0.7226292,1.00092668904574,1754.08477492261
"48","tau_pr[40]",-0.49477996,1.00088668944643,4520.25953452771
"49","tau_pr[41]",-0.36976855,1.00239380174146,8887.24079918469
"50","tau_pr[42]",-0.20832966,1.00061853595252,11762.8507043878
"51","tau_pr[43]",-0.0736200785,1.00052717388349,12040.2432438482
"52","tau_pr[44]",-0.65281626,1.00236020752959,3144.37725299411
"53","tau_pr[45]",-0.49159993,1.00040392844564,4854.69268596678
"54","tau_pr[46]",-0.64055425,1.00073059696602,2981.2625184928
"55","tau_pr[47]",-0.34357638,1.00007198495542,8050.65528087318
"56","tau_pr[48]",-0.52441245,1.00080348078785,4568.5952786293
"57","tau_pr[49]",-0.590363655,1.00068346835727,3914.821851509
"58","tau_pr[50]",0.365477715,1.00049571657154,5576.71909529028
"59","tau_pr[51]",0.70007255,1.00211227125561,2298.65662274179
"60","tau_pr[52]",-0.21942328,1.00014673799112,12409.4194592069
"61","tau_pr[53]",-0.092530197,1.0040241827093,12975.781241278
"62","tau_pr[54]",0.52949416,1.00125354815018,4223.48785757574
"63","tau_pr[55]",-0.58569101,1.00033601817599,4673.89136295732
"64","tau_pr[56]",0.21132776,1.00114540242747,10373.2188089212
"65","tau_pr[57]",-0.519751635,1.00096209487703,4532.51192023496
"66","tau_pr[58]",0.59728258,1.00134232688667,2705.72422199094
"67","tau_pr[59]",0.62570947,1.00237799181924,2141.8127552049
"68","tau_pr[60]",-0.26331563,0.999985674895765,10511.6487967359
"69","tau_pr[61]",0.26431523,0.999865143543632,11065.6240331458
"70","tau_pr[62]",0.186678855,1.00126317627187,7883.58585211716
"71","tau_pr[63]",0.24299126,1.00007674706376,4675.60398955162
"72","tau_pr[64]",-0.11234638,1.00084049722362,4075.11251841508
"73","tau_pr[65]",-0.273188035,0.999750696495313,9736.6135345882
"74","tau_pr[66]",-0.28125957,1.00051183260186,9379.81534495002
"75","tau_pr[67]",0.1308213,1.00097512186852,6328.94904370568
"76","tau_pr[68]",0.52869474,1.00128939327095,3637.12119338241
"77","tau_pr[69]",0.53062667,1.00101527544964,2617.16816334784
"78","tau_pr[70]",0.25290103,1.00073313773463,2946.02323799822
"79","tau_pr[71]",0.675997475,1.00337253280385,1624.03209735427
"80","tau_pr[72]",0.010603595,1.0020261306717,13301.2792835418
"81","tau_pr[73]",-0.106301115,1.00045974198326,11084.5783317405
"82","tau_pr[74]",-0.23681864,1.0008820662418,11966.2047460156
"83","tau_pr[75]",0.63027835,1.00125664995955,2616.65642227901
"84","tau_pr[76]",-0.22239413,1.00045880858223,10078.9402977731
"85","tau_pr[77]",-0.341846075,1.00132144140785,4422.0521239108
"86","tau_pr[78]",-0.487873235,1.00232163366403,5297.8826450215
"87","tau_pr[79]",-0.53355077,1.00090753216963,3648.31464647032
"88","tau_pr[80]",-0.225456235,1.00048309836695,12691.9118577154
"89","tau_pr[81]",-0.602308225,1.0013829694975,3702.67989661406
"90","tau_pr[82]",0.0113150035,1.00062284647714,11940.8375454653
"91","tau_pr[83]",0.200231865,1.00054583121733,7544.66148067624
"92","tau_pr[84]",0.177261665,1.0011699929606,6180.03587132784
"93","tau_pr[85]",0.20666079,1.00066087080605,8650.44996034256
"94","tau_pr[86]",-0.37968764,1.00028064964723,9504.78024461194
"95","tau_pr[87]",-0.199425185,1.0002916327905,12102.1667695809
"96","tau_pr[88]",0.21667987,1.00042624929542,12003.2709834946
"97","tau_pr[89]",-0.276975105,1.00112797144666,8950.57580654786
"98","tau_pr[90]",-0.0640673445,1.00150859816072,12760.9771889075
"99","tau_pr[91]",-0.526099835,1.00075482049726,3228.49427556274
"100","tau_pr[92]",-0.55765292,1.0008124722119,3498.20458067034
"101","tau_pr[93]",-0.43479585,1.00027010840821,6554.61614869392
"102","tau_pr[94]",0.5336699,1.0020456758942,4260.26893902189
"103","tau_pr[95]",1.8480101,1.00461335753741,921.303976379856
"104","tau_pr[96]",0.01005715405,0.999890286456825,13733.5520601927
"105","tau_pr[97]",0.0051702283,1.00098203786274,10262.3341867548
"106","tau_pr[98]",1.7816855,1.00344856083137,956.941977097783
"107","tau_pr[99]",-0.44928215,1.00026655549018,4444.60617024225
"108","tau_pr[100]",0.143631175,1.00038288105301,8924.43015235574
"109","tau_pr[101]",0.483773865,1.00114171256916,5326.51614822651
"110","tau_pr[102]",-0.28505847,1.00062409263184,7859.63682737814
"111","tau_pr[103]",1.4816938,1.00352786351406,1176.62182695097
"112","tau_pr[104]",-0.13541031,1.00058583048094,13831.575440164
"113","tau_pr[105]",0.327252015,1.00041900536994,6085.41245031404
"114","tau_pr[106]",-0.711851755,1.00154343142243,2502.43502621877
"115","tau_pr[107]",0.108499275,0.999880250826915,11952.7761318997
"116","tau_pr[108]",0.60449479,1.00220790074212,2306.52423015504
"117","tau_pr[109]",0.674085395,1.0012725168442,1702.40160693602
"118","tau_pr[110]",-0.0165272545,1.00037442397,12002.3016208935
"119","tau_pr[111]",-0.206516195,1.00038264448615,9762.08286729088
"120","tau_pr[112]",0.0947935105,1.00132705246013,13670.2197222811
"121","tau_pr[113]",0.828123045,1.00288111124574,1924.7831263583
"122","tau_pr[114]",-0.040983383,1.00126598952192,11370.2056901275
"123","tau_pr[115]",-0.185861975,1.00011136536763,13702.3778170642
"124","tau_pr[116]",-0.071525872,1.00029394548275,13549.6246322413
"125","tau_pr[117]",-0.0971438275,0.999825905552253,12237.3978694462
"126","tau_pr[118]",-0.4262801,1.00117280531313,6406.5962951819
"127","tau_pr[119]",-0.222041385,1.00082492868466,9938.24672361829
"128","tau_pr[120]",0.31498242,1.00095704082596,3995.21108754657
"129","tau_pr[121]",-0.877178435,1.00215793689369,1500.83712624721
"130","tau_pr[122]",-0.47445182,1.00014406307026,4520.7915421418
"131","tau_pr[123]",-0.45333204,1.0007291189314,7165.37023638853
"132","tau_pr[124]",0.418813135,1.00035115660432,3446.66806446771
"133","tau_pr[125]",0.15178406,1.00062680741265,9347.7444438816
"134","tau_pr[126]",-0.550674445,1.00054114409183,4237.63235924187
"135","tau_pr[127]",0.659934795,1.00097380088212,3088.20830414445
"136","tau_pr[128]",-0.516127185,1.0012555275589,4565.45889031222
"137","tau_pr[129]",-0.0247168755,1.00001146050508,11252.0086616516
"138","tau_pr[130]",-0.28296059,1.00100291450943,10990.8395566201
"139","tau_pr[131]",-0.32506304,1.00046324606498,10223.3094892435
"140","tau_pr[132]",0.44307225,0.999822901956198,5658.81377013261
"141","tau_pr[133]",-0.0329261295,1.00083565678918,12829.776546722
"142","tau_pr[134]",-0.4779449,1.00096001952974,5985.5008250419
"143","tau_pr[135]",-0.15665702,1.00014069104398,13542.100743343
"144","tau_pr[136]",0.37782456,1.00223627321762,5070.59077381993
"145","tau_pr[137]",0.152084115,1.00071930906182,8533.82530760606
"146","tau_pr[138]",-0.723722155,1.00079235379588,2651.36841678248
"147","tau_pr[139]",-0.466185755,1.00022209661894,4588.05138536725
"148","tau_pr[140]",-0.591905365,1.00072458655468,4682.63275716879
"149","tau_pr[141]",0.24842327,1.00135157228527,4787.79786402248
"150","tau_pr[142]",-0.328121415,1.00081415098036,7921.85654650349
"151","tau_pr[143]",0.42560391,1.00227443424484,2444.73189401894
"152","tau_pr[144]",0.28752735,1.00052749940768,4770.4560237405
"153","tau_pr[145]",-0.491758235,1.00147428467109,4516.14307883972
"154","tau_pr[146]",0.62852965,1.00172937085755,2433.0152610313
"155","tau_pr[147]",-0.024196932,1.00023607816859,11127.0377016731
"156","tau_pr[148]",0.291544325,1.00081468558089,8486.07782650056
"157","tau_pr[149]",0.919959325,1.00333220937276,1130.38724329214
"158","tau_pr[150]",-0.16112538,1.0005123391295,12284.4847444836
"159","tau_pr[151]",0.18054605,1.00020449200306,10150.8003686264
"160","tau_pr[152]",0.115133765,1.00028945612277,3407.34398742795
"161","tau_pr[153]",0.41598098,1.00135081448476,5882.3973642749
"162","tau_pr[154]",-0.131439695,1.00022622489654,12137.9501286491
"163","tau_pr[155]",-0.40198506,1.00079349152239,7910.03437063494
"164","tau_pr[156]",-0.26193167,1.00029157300972,11512.7866412284
"165","tau_pr[157]",0.232210135,1.00343701260589,5510.82085660271
"166","tau_pr[158]",-0.12206976,1.00064148926319,13752.9567980088
"167","tau_pr[159]",1.19739225,1.00412989449893,1183.373251692
"168","tau_pr[160]",0.239117405,1.00066372408517,8724.7988509979
"169","tau_pr[161]",0.15329329,1.00090668840275,12939.6119203823
"170","tau_pr[162]",-0.042818788,1.00124002964424,11251.4742434691
"171","tau_pr[163]",-0.368998035,1.00101103697671,6626.77650152112
"172","tau_pr[164]",-0.253320735,1.00129895035739,10573.2069805003
"173","tau_pr[165]",-0.21033634,1.00090760070613,12056.7832323531
"174","tau_pr[166]",-0.520123225,1.00063431549538,4639.09592727645
"175","tau_pr[167]",-0.284219455,1.0003399588766,10965.3091637841
"176","tau_pr[168]",-0.55311752,1.00100970774578,4990.99969003
"177","tau_pr[169]",0.33431302,1.0010566679498,4397.81792371305
"178","tau_pr[170]",-0.205304575,1.00005275938387,7631.08235345452
"179","tau_pr[171]",1.1232894,1.00323495878009,1124.51796765043
"180","tau_pr[172]",-0.351446235,1.00006631205636,10036.853730534
"181","tau_pr[173]",-0.855382495,1.00165560863311,1646.00681496469
"182","tau_pr[174]",0.52303836,1.00107112269193,2977.29023295429
"183","tau_pr[175]",-0.497320355,1.0009475360848,5217.79801445232
"184","tau_pr[176]",-0.0460938475,1.00036338245758,12876.1685005555
"185","tau_pr[177]",0.10181563,1.00206407884822,11441.3027109926
"186","tau_pr[178]",-0.136003975,1.0002261923413,13145.1369891761
"187","tau_pr[179]",0.68307188,1.00140163840446,2146.96463610761
"188","tau_pr[180]",-0.5393538,1.00074280479064,3636.70442067887
"189","tau_pr[181]",-0.0415243415,1.00087397141927,11655.2265089161
"190","m_pr[1]",0.213596015,1.00091142083856,3049.58614341595
"191","m_pr[2]",-0.042979149,1.00171715701422,5070.74871931754
"192","m_pr[3]",-0.235072,1.00009654252455,11786.9151560065
"193","m_pr[4]",1.20452425,1.0019646502654,1802.32651521578
"194","m_pr[5]",1.1103869,1.00316035967809,1337.98504153187
"195","m_pr[6]",0.277530885,1.00152302086069,2422.43782153342
"196","m_pr[7]",-0.202232285,1.00045951802458,11608.4061526415
"197","m_pr[8]",0.091672847,1.00053190535902,4123.0049833112
"198","m_pr[9]",-0.00997941065,0.999847497455064,11466.7082893442
"199","m_pr[10]",0.125192285,1.00083368610404,11578.4451511809
"200","m_pr[11]",-0.20379289,1.00058467402361,9785.09001199158
"201","m_pr[12]",0.0231989365,0.999902034637659,13996.3727123833
"202","m_pr[13]",0.0626275045,1.00038946804231,10423.5571051257
"203","m_pr[14]",0.0677178495,1.00090923095132,11555.9547064762
"204","m_pr[15]",-0.597385435,1.00078629411927,6479.28358152892
"205","m_pr[16]",0.0234632185,1.00068820667791,7737.5796290447
"206","m_pr[17]",-0.69578824,1.0011809282389,4733.73065103172
"207","m_pr[18]",-0.588223275,1.00145458652399,4779.59812261793
"208","m_pr[19]",-0.40018508,1.0016063894236,11086.2469695417
"209","m_pr[20]",-0.27841598,1.00044201504849,9642.05600285534
"210","m_pr[21]",0.6025335,1.00231723207231,4389.81926677688
"211","m_pr[22]",-0.44262706,0.99999415701617,9955.26869477098
"212","m_pr[23]",-0.475095755,1.00014270400864,7716.62804377381
"213","m_pr[24]",-0.712377755,1.00030137448083,3817.63860472063
"214","m_pr[25]",0.693965565,1.00221988782053,4667.68100775348
"215","m_pr[26]",-0.449417615,1.0008725122761,10146.9796414916
"216","m_pr[27]",-0.717826385,1.00014339042341,5809.27684372434
"217","m_pr[28]",0.20344174,1.00053160899843,6781.8658613244
"218","m_pr[29]",-0.1912043,1.00025284016095,9782.32642477437
"219","m_pr[30]",0.38426118,1.00133615850431,2074.04071111176
"220","m_pr[31]",-0.809640575,1.00229652358373,3684.53560081618
"221","m_pr[32]",-0.0038900503,1.00040251623591,12495.2614961011
"222","m_pr[33]",-0.66023633,1.00037288114646,4266.00611347378
"223","m_pr[34]",1.2470792,1.00311709192849,1456.99908362837
"224","m_pr[35]",-0.953010675,1.00229904944843,2386.19701448046
"225","m_pr[36]",-0.415594975,1.00062423687305,10314.2890378632
"226","m_pr[37]",-0.483154255,1.00055302670732,6390.92499234828
"227","m_pr[38]",0.179864435,1.0005265404074,8703.80210924005
"228","m_pr[39]",0.7031704,1.00115414083314,2323.41084630886
"229","m_pr[40]",-0.58454215,1.00064683341319,5026.46187481571
"230","m_pr[41]",-0.401248325,1.00107150750146,6536.47468080785
"231","m_pr[42]",-0.18529659,1.00166213607422,9237.07340226219
"232","m_pr[43]",-0.069887367,1.0006939817773,13580.5269412902
"233","m_pr[44]",-0.833847465,1.00087852274943,3330.89344290077
"234","m_pr[45]",-0.60560402,1.0007805482797,4466.11478510371
"235","m_pr[46]",-0.80712221,1.00129374216543,2898.09118623598
"236","m_pr[47]",-0.34732496,1.00080055234251,8978.94048804171
"237","m_pr[48]",-0.682481645,1.0007539183922,5156.54983453878
"238","m_pr[49]",-0.71720816,1.00078261872451,4812.44630964945
"239","m_pr[50]",0.47093425,1.00119372796767,4207.77856531608
"240","m_pr[51]",0.50001647,1.00240831678067,1209.02733818762
"241","m_pr[52]",-0.279955395,1.00085809199396,9209.12899771765
"242","m_pr[53]",-0.029761903,1.00051543145473,11733.9331020316
"243","m_pr[54]",0.476673145,1.00107322306361,4896.42404322222
"244","m_pr[55]",-0.64304014,1.00119256059463,2688.74292904652
"245","m_pr[56]",0.15404353,1.00093172450624,7350.38618470281
"246","m_pr[57]",-0.59199878,1.0009609240148,4785.18593222065
"247","m_pr[58]",0.43949982,1.00288595977966,1535.18365962699
"248","m_pr[59]",0.624910425,1.00210747374107,1964.03954586876
"249","m_pr[60]",-0.29482218,1.00045215601794,11468.9063493465
"250","m_pr[61]",0.17696115,1.00028796403871,9212.28841656079
"251","m_pr[62]",0.35258629,1.00097263244376,6095.58894685291
"252","m_pr[63]",0.72632103,1.00057350250485,6061.86030659084
"253","m_pr[64]",0.6753845,1.00170939575753,4952.74501478634
"254","m_pr[65]",-0.351434505,1.00019312609659,6006.59425253584
"255","m_pr[66]",-0.402733955,1.00066190444486,11152.3416898152
"256","m_pr[67]",0.237031455,1.0010502257967,5185.02564486719
"257","m_pr[68]",0.51798175,1.0009804133315,3944.5479047649
"258","m_pr[69]",0.594035505,1.00239157356681,2442.06431885017
"259","m_pr[70]",0.701053515,1.00165298862057,4500.50759675046
"260","m_pr[71]",0.64209024,1.00178837571222,1808.30458858879
"261","m_pr[72]",0.087777857,1.0009232992915,11013.0789561591
"262","m_pr[73]",-0.146765925,1.0001282265738,12286.0425724106
"263","m_pr[74]",-0.228136145,1.00101061614601,11262.4060523954
"264","m_pr[75]",0.824022365,1.00193377568767,4723.86188323798
"265","m_pr[76]",-0.238637775,1.00029409942861,7879.89299078002
"266","m_pr[77]",0.64167791,1.00105788474553,2702.72184237744
"267","m_pr[78]",0.0896551295,1.00260190146258,2020.69709406664
"268","m_pr[79]",-0.680032885,1.00052572437035,4085.71616781035
"269","m_pr[80]",-0.286627505,1.00097890973466,11183.6758164911
"270","m_pr[81]",-0.741873255,1.00078195236132,3922.28490385276
"271","m_pr[82]",0.043613709,1.00112374651128,11342.7158117304
"272","m_pr[83]",0.4869618,1.00026402485242,8144.58614338603
"273","m_pr[84]",0.179775255,1.0003550983596,4858.04093560723
"274","m_pr[85]",0.14453002,1.00077558612329,3200.0035274278
"275","m_pr[86]",-0.405885955,1.00147010721026,9351.92252301672
"276","m_pr[87]",-0.245553935,1.00033170608857,12278.3893800533
"277","m_pr[88]",0.1641319,1.00132351427223,7671.74047416243
"278","m_pr[89]",-0.460440685,1.00064484611858,10145.7535790704
"279","m_pr[90]",0.046531749,1.00142641913746,10945.2547212879
"280","m_pr[91]",-0.70971708,1.00166093865693,4602.1210235839
"281","m_pr[92]",-0.71897898,1.00055699994281,4695.20582638456
"282","m_pr[93]",-0.501742755,1.00032039247187,5549.36666551965
"283","m_pr[94]",0.4711819,1.0004279627553,3965.776185216
"284","m_pr[95]",1.57278625,1.00377099805456,1080.51246026989
"285","m_pr[96]",-0.033400765,1.00063087905197,12504.3737404227
"286","m_pr[97]",0.214590195,1.00035673395214,11799.7448570554
"287","m_pr[98]",1.8546461,1.00243875374391,1190.16381160558
"288","m_pr[99]",-0.60021108,1.0009934261091,4437.4189541874
"289","m_pr[100]",0.236858605,1.000407800292,10324.6358796952
"290","m_pr[101]",0.42382689,1.00020521525107,6481.17485427724
"291","m_pr[102]",-0.39751258,1.00076917245858,6044.28688381915
"292","m_pr[103]",1.3970395,1.00401483853519,1111.20931313524
"293","m_pr[104]",-0.10749545,1.00025963144265,12137.0139983663
"294","m_pr[105]",0.30740925,1.00098942215424,4516.62905910509
"295","m_pr[106]",-0.86317748,1.00131133206129,2403.62891306938
"296","m_pr[107]",-0.0564157415,1.00215752978557,4614.18133782142
"297","m_pr[108]",0.57304891,1.00201146117269,1743.18738303604
"298","m_pr[109]",1.33135155,1.00063767370094,2627.18651396123
"299","m_pr[110]",-0.09884283,1.00057250521298,9566.37542782504
"300","m_pr[111]",-0.21250083,1.00087582396111,7147.00513351204
"301","m_pr[112]",0.167406085,0.999947466814044,13021.3801410106
"302","m_pr[113]",0.91739581,1.00133533760711,2034.24345894243
"303","m_pr[114]",-0.0304962115,1.0006116981951,11272.8469406096
"304","m_pr[115]",-0.259953155,1.00045130158289,9480.47310306707
"305","m_pr[116]",-0.0550700785,1.00071532028675,12523.7153616753
"306","m_pr[117]",-0.147254285,1.00070657339371,11447.0678702087
"307","m_pr[118]",-0.526120625,1.00070634331271,6185.13416017266
"308","m_pr[119]",-0.28514173,1.00079197178534,8870.22169750534
"309","m_pr[120]",0.37805216,1.00167087210058,3452.61950613056
"310","m_pr[121]",-1.1635466,1.00207504616744,1509.54818965553
"311","m_pr[122]",-0.573739595,1.00084164478563,4500.02033846289
"312","m_pr[123]",-0.569224405,1.00085455148984,5951.41623561603
"313","m_pr[124]",0.515992735,1.00089454829093,3805.44824883424
"314","m_pr[125]",0.21474867,1.00096215178753,11057.1340544871
"315","m_pr[126]",-0.715415755,1.00096995251752,4633.44284520282
"316","m_pr[127]",0.78307699,1.00109442699244,3365.46720750811
"317","m_pr[128]",-0.64500154,1.00038535547951,6134.94011373284
"318","m_pr[129]",-0.076140847,1.00030683356728,9769.5258103775
"319","m_pr[130]",-0.28355342,1.00001711444625,8177.94217226988
"320","m_pr[131]",-0.43123859,1.00067500003436,9288.13041564686
"321","m_pr[132]",0.3641632,1.00095771941355,3558.11401674362
"322","m_pr[133]",0.15121084,1.00092753851382,10916.3463275426
"323","m_pr[134]",-0.55297846,1.00141120992714,7698.44260796132
"324","m_pr[135]",-0.19560627,1.00074797800947,11222.9773417265
"325","m_pr[136]",0.239185425,1.00124003595491,2512.78590653365
"326","m_pr[137]",0.262939345,1.00034037875633,8418.42553881823
"327","m_pr[138]",-0.8497689,1.00050472177651,2814.46677685233
"328","m_pr[139]",-0.612199935,1.00137143753586,4169.42887398576
"329","m_pr[140]",-0.747636335,1.0003947076439,4052.84236784612
"330","m_pr[141]",0.5757773,1.00114578207695,5508.2163064378
"331","m_pr[142]",-0.038235606,1.00080543926451,5304.30778565602
"332","m_pr[143]",0.720247015,1.00063936874311,3046.55184990707
"333","m_pr[144]",0.51411199,1.00080043777866,6220.13683577917
"334","m_pr[145]",-0.62588646,1.00080071910986,4539.81636833336
"335","m_pr[146]",0.676836275,1.00127169622622,2318.60922869397
"336","m_pr[147]",0.110282055,1.000461500631,11096.1535461735
"337","m_pr[148]",0.177658735,1.00086256973777,4969.74088369168
"338","m_pr[149]",1.1622561,1.00144977922714,1963.48399316063
"339","m_pr[150]",-0.15926749,1.00111626121359,10198.4258235091
"340","m_pr[151]",0.0274789725,1.00196872627923,7718.44152124557
"341","m_pr[152]",0.75873546,1.0019525611776,4814.38729646512
"342","m_pr[153]",0.265088335,1.00259599757596,2218.99919256472
"343","m_pr[154]",-0.171667495,1.0005329222325,12454.4796264297
"344","m_pr[155]",-0.510378,1.0001869434547,7677.27799493598
"345","m_pr[156]",-0.33214104,1.00203546856982,13972.8757863659
"346","m_pr[157]",0.53039527,1.0006082838524,6172.63211038414
"347","m_pr[158]",-0.11544477,1.00074917317244,9258.11535206345
"348","m_pr[159]",0.90391134,1.0038936557463,971.682552934503
"349","m_pr[160]",0.267286485,1.00088743527417,5112.55573822052
"350","m_pr[161]",-0.0547936715,1.00049141793765,6541.90979303258
"351","m_pr[162]",-0.0854580685,1.00122187595295,9987.46489031901
"352","m_pr[163]",-0.504545475,1.00027982620771,10883.4875635216
"353","m_pr[164]",-0.235944855,1.00013732310135,9217.83397206031
"354","m_pr[165]",-0.304381395,1.00066331234411,10293.4042735949
"355","m_pr[166]",-0.63174595,1.00105439291956,4138.69595419635
"356","m_pr[167]",-0.344569015,1.00113082333294,12037.5682816354
"357","m_pr[168]",-0.66943699,1.0006075668654,4757.78631010318
"358","m_pr[169]",0.34456693,1.00155840975062,5144.36964680589
"359","m_pr[170]",-0.249955745,1.00260712560398,5055.66056862435
"360","m_pr[171]",1.40829435,1.00210529391921,1778.40385105073
"361","m_pr[172]",-0.38333746,1.00127096122997,8225.89101636893
"362","m_pr[173]",-1.09396825,1.00070059793005,1644.61777645394
"363","m_pr[174]",0.50730408,1.00143320700215,2438.20222768407
"364","m_pr[175]",-0.635260085,1.00042359969432,4798.65976382443
"365","m_pr[176]",-0.210074775,1.00218132638605,10225.8163954257
"366","m_pr[177]",0.10211174,1.00070241689431,9227.35140893688
"367","m_pr[178]",-0.16147569,1.00034965466134,11338.4949918702
"368","m_pr[179]",0.7327146,1.00240011383525,1543.96123366647
"369","m_pr[180]",-0.705373585,1.00075718631499,3217.01130099107
"370","m_pr[181]",-0.0692510565,1.00084987809639,11748.6535151425
"371","bias_pr[1]",-1.38476205,0.999706933644285,10666.4280889143
"372","bias_pr[2]",0.0863548185,1.00108032792272,8437.78350055012
"373","bias_pr[3]",0.0217898895,1.00196153112224,7022.01749624405
"374","bias_pr[4]",-3.0675741,1.00016069277884,8559.9099582009
"375","bias_pr[5]",-1.61822315,0.99982083024465,8344.57247167265
"376","bias_pr[6]",-1.55123115,1.00034350025956,9648.13838349587
"377","bias_pr[7]",1.0538315,1.00125207916585,7210.29387737756
"378","bias_pr[8]",-0.74628447,1.00035243784666,10347.2997888
"379","bias_pr[9]",1.01453685,1.00010641070414,6986.12920973162
"380","bias_pr[10]",1.0704118,1.00013971556604,6899.96026454624
"381","bias_pr[11]",1.12983515,1.00120311406842,6024.2053760305
"382","bias_pr[12]",1.6081109,1.00098704024473,4003.7241387761
"383","bias_pr[13]",1.25038515,1.00045621099106,6663.37993094576
"384","bias_pr[14]",0.65559253,0.999865786108643,8015.28643122858
"385","bias_pr[15]",2.0501836,1.00119134832546,2255.35872166718
"386","bias_pr[16]",1.67803,0.999931700515634,5061.1236730691
"387","bias_pr[17]",0.062934834,1.00029714654808,6871.7645681373
"388","bias_pr[18]",0.25150808,0.999978407453007,5729.57528860602
"389","bias_pr[19]",0.28888309,1.00022267845612,7948.66155237507
"390","bias_pr[20]",-0.16437619,1.00014429555377,6514.42751373134
"391","bias_pr[21]",-1.0799704,1.00150561643469,6341.01214545093
"392","bias_pr[22]",0.1454353,1.00052714025059,6768.42570979621
"393","bias_pr[23]",-0.189126715,1.00076083465208,6336.94222537733
"394","bias_pr[24]",0.0956374995,1.00072965777611,5904.26441083369
"395","bias_pr[25]",-0.215405135,1.00019308887244,9974.51501296626
"396","bias_pr[26]",0.17562952,1.00169962250733,3660.23839878312
"397","bias_pr[27]",-0.224254815,0.999717498799248,7395.51805534904
"398","bias_pr[28]",0.017878008,1.0001837297192,7062.05322383964
"399","bias_pr[29]",-0.203427055,1.00019216165685,10297.4128932112
"400","bias_pr[30]",-0.18499139,1.00060810832943,7336.60466380024
"401","bias_pr[31]",-0.503145505,1.00011478218656,5383.38242125312
"402","bias_pr[32]",1.18485835,1.00047732529018,4638.42260945439
"403","bias_pr[33]",0.19642326,1.00087748190483,6785.11460049662
"404","bias_pr[34]",1.2849725,1.00041643293564,6848.6337787277
"405","bias_pr[35]",0.33121779,1.00046530694671,6857.66145455728
"406","bias_pr[36]",0.024039691,1.00009016734156,7762.38520129302
"407","bias_pr[37]",0.51959043,1.00016299139447,5770.6781419851
"408","bias_pr[38]",0.34053189,1.00025886667116,6476.54770076471
"409","bias_pr[39]",-0.808238435,1.00007717090608,7833.20700032147
"410","bias_pr[40]",-0.170151315,0.999920625898864,5936.92056391962
"411","bias_pr[41]",0.96564492,1.00047386706527,5782.34034389558
"412","bias_pr[42]",-0.0280461015,1.00091361130386,6534.39379265731
"413","bias_pr[43]",0.00548965595,1.00013411806913,7798.01633266968
"414","bias_pr[44]",0.061367615,1.00135546790154,6175.57962622547
"415","bias_pr[45]",0.574138765,1.00168446774896,6184.526316214
"416","bias_pr[46]",0.58952563,1.00034189846124,5861.54426886165
"417","bias_pr[47]",0.492646655,1.00066425900605,7323.12401375495
"418","bias_pr[48]",0.539011055,1.00067094335612,5396.11404731074
"419","bias_pr[49]",0.30876761,1.00026594903088,4852.96043736744
"420","bias_pr[50]",0.16581329,1.00050459080191,7356.31451434952
"421","bias_pr[51]",-0.51095758,0.999896094927032,5591.5561762125
"422","bias_pr[52]",-0.537063215,1.00027175904168,6780.77457992931
"423","bias_pr[53]",-0.62042471,1.00007751023983,8554.79922485389
"424","bias_pr[54]",-0.0855677835,1.00045762806919,6987.34821948207
"425","bias_pr[55]",0.41735561,1.00073468137477,5466.46861636337
"426","bias_pr[56]",-0.12902473,1.00011792094834,8756.07994220493
"427","bias_pr[57]",-0.30081224,1.00047382928816,6786.27501473528
"428","bias_pr[58]",0.581327445,1.00118561961618,4844.69415313984
"429","bias_pr[59]",-1.24234325,1.00030914399307,10000.6233271846
"430","bias_pr[60]",1.02530065,1.00039333916642,4117.40563301802
"431","bias_pr[61]",-1.76501405,0.999836819652694,5746.17058064189
"432","bias_pr[62]",-0.42118365,0.999867339955503,4505.297798131
"433","bias_pr[63]",0.114655025,1.00114549144061,4631.02351426412
"434","bias_pr[64]",-0.661369815,1.00041536864423,7058.59984264413
"435","bias_pr[65]",1.40459675,1.00061852104039,5869.00503033851
"436","bias_pr[66]",0.0504674345,1.00053911139004,6769.63939116118
"437","bias_pr[67]",-0.20604765,1.00076854977453,7721.2800587581
"438","bias_pr[68]",1.5757757,1.00036056423758,6076.77594230262
"439","bias_pr[69]",-1.2043182,1.00007738952884,9728.7381387589
"440","bias_pr[70]",-0.47423293,1.00063452894361,9123.78072057643
"441","bias_pr[71]",-1.360013,1.00038331518448,8931.51892087354
"442","bias_pr[72]",0.444688655,1.00091828632095,8339.32504709818
"443","bias_pr[73]",-0.45690917,0.999818377522177,6925.327747964
"444","bias_pr[74]",0.84215825,1.000507012482,8909.42123739948
"445","bias_pr[75]",-0.27834911,1.00039306405326,5446.03492532763
"446","bias_pr[76]",1.36501655,1.00104928628381,5716.80616519542
"447","bias_pr[77]",-1.1240077,0.999966801029685,5944.42881244509
"448","bias_pr[78]",-0.761399285,1.00197317533365,3197.26551225766
"449","bias_pr[79]",0.339386505,1.00168682348746,5195.83938823837
"450","bias_pr[80]",-0.233611705,1.00053075286934,7271.75578321952
"451","bias_pr[81]",-1.52363165,1.00022199703591,6678.36485421874
"452","bias_pr[82]",1.18135525,1.00045129561176,6234.9418908579
"453","bias_pr[83]",-1.39533175,1.0002636244561,6416.41351436683
"454","bias_pr[84]",-0.16968649,1.00070091633509,6330.73681838385
"455","bias_pr[85]",-0.324772205,1.00065317085745,7549.50641399137
"456","bias_pr[86]",0.367490115,0.999963727353316,8013.74582269653
"457","bias_pr[87]",0.32572769,1.00000628487967,9671.28324757257
"458","bias_pr[88]",0.63505789,1.00076542101053,10307.0789951587
"459","bias_pr[89]",0.653958715,1.00073647989377,2383.88973491721
"460","bias_pr[90]",0.0626701575,1.00002525167162,7058.98636606482
"461","bias_pr[91]",-1.21996595,1.0005579262278,6413.62038990785
"462","bias_pr[92]",0.11428521,1.00065000564821,6983.13828980347
"463","bias_pr[93]",0.1400087,1.00015652852905,7348.39523173245
"464","bias_pr[94]",1.0567848,0.999995887652762,7472.2329431807
"465","bias_pr[95]",-0.892988235,0.999832925002802,4726.38096566054
"466","bias_pr[96]",0.84707717,1.00071118384615,6943.18928128009
"467","bias_pr[97]",-0.601424375,1.00020981060579,8687.27009811748
"468","bias_pr[98]",-0.527977825,1.00051585119116,4783.29627993263
"469","bias_pr[99]",1.22925335,1.00003641009828,5542.17113920173
"470","bias_pr[100]",0.674697505,1.00027809152891,9340.53083859176
"471","bias_pr[101]",0.32180611,1.00024775541794,7124.27294185234
"472","bias_pr[102]",1.0746491,1.00053318432504,4984.45021129894
"473","bias_pr[103]",1.0042721,1.00010835097953,11436.9578266374
"474","bias_pr[104]",0.506749045,1.00047011819035,2712.14792519595
"475","bias_pr[105]",-0.94061062,1.00027436648899,8899.57924175398
"476","bias_pr[106]",-0.454778555,1.00050946931981,6074.50536710867
"477","bias_pr[107]",-0.403009825,1.00015458200336,8514.47201395903
"478","bias_pr[108]",-0.642509255,1.00087612061826,7615.84920234121
"479","bias_pr[109]",0.77789448,1.00078268379661,5025.25570207758
"480","bias_pr[110]",-1.0518084,1.00034203468983,10189.094547768
"481","bias_pr[111]",1.73849515,1.00121684803029,5758.90531042208
"482","bias_pr[112]",2.0716124,1.0015135891205,2279.35927462007
"483","bias_pr[113]",0.2738739,1.00051854893876,3847.54113716541
"484","bias_pr[114]",-1.2237135,1.00038560454985,6344.51477415977
"485","bias_pr[115]",0.0864555435,1.00106666993109,3024.75097463938
"486","bias_pr[116]",0.183940535,1.00018799656771,10540.0660393916
"487","bias_pr[117]",-0.490452045,0.99995337178774,8135.97101896098
"488","bias_pr[118]",0.25370506,1.00034609080139,6908.37785524379
"489","bias_pr[119]",0.21640117,0.999985668510541,6890.42281918647
"490","bias_pr[120]",-0.94443869,0.999904444736597,6759.47547887639
"491","bias_pr[121]",0.572870405,1.00001143559652,4475.36687058659
"492","bias_pr[122]",1.1922941,1.0011088507213,6578.9729918069
"493","bias_pr[123]",1.0490615,1.00182335560219,2437.19278036874
"494","bias_pr[124]",-1.4032723,1.00040697236915,8291.80690999194
"495","bias_pr[125]",1.0043427,1.00007083352899,7752.24816860878
"496","bias_pr[126]",0.67990648,1.00017467145438,5653.35362474826
"497","bias_pr[127]",-2.30433705,0.999968518581982,6342.45613624557
"498","bias_pr[128]",-1.9292652,1.00041871290158,5720.9594262264
"499","bias_pr[129]",0.77932777,1.00114275455263,4956.44916538466
"500","bias_pr[130]",0.714441505,1.00023342627355,6325.67688247207
"501","bias_pr[131]",0.660134615,1.0007543044088,5728.87815329469
"502","bias_pr[132]",0.430573325,1.00103924554674,8550.29634226982
"503","bias_pr[133]",0.635259615,1.00010129504411,8668.6871053612
"504","bias_pr[134]",-0.137449035,1.00042423423625,8651.89479003578
"505","bias_pr[135]",-0.0521076315,1.00073415816198,7153.4693880839
"506","bias_pr[136]",-0.26591208,1.00151872621602,5949.71465179805
"507","bias_pr[137]",0.012737366,0.999938185422322,9168.57373519662
"508","bias_pr[138]",-0.187171455,1.00028793712525,5295.99800137317
"509","bias_pr[139]",0.0993796565,1.00060257944452,5537.38436379201
"510","bias_pr[140]",0.615460105,1.00102559293943,3462.53910461239
"511","bias_pr[141]",-0.414102035,1.00106213132861,6611.58573078275
"512","bias_pr[142]",-0.334444585,1.00001827496398,8835.65032457386
"513","bias_pr[143]",0.328957945,1.00072013654175,4235.66428422203
"514","bias_pr[144]",-0.24948704,1.00037141552605,7822.07556767059
"515","bias_pr[145]",-0.850410925,1.00015635649444,7093.02148114756
"516","bias_pr[146]",-2.0266601,1.00048617815076,7806.60477747813
"517","bias_pr[147]",0.44273725,0.999980687458543,7433.73098810577
"518","bias_pr[148]",-0.0704751315,1.00023679142183,9761.23456935739
"519","bias_pr[149]",-0.530246125,1.00021824668141,8154.88643506261
"520","bias_pr[150]",-0.13616489,1.00010635176868,6838.44674119623
"521","bias_pr[151]",0.894930775,1.00067693107021,6348.67159196872
"522","bias_pr[152]",-1.4817746,1.00081628096141,7485.15384087054
"523","bias_pr[153]",-0.65551495,1.00133739738782,7300.46986745292
"524","bias_pr[154]",0.753723805,0.999984340140133,7942.08941072032
"525","bias_pr[155]",0.67836722,1.00150946326637,2273.27981582969
"526","bias_pr[156]",1.60332965,1.00169346726028,2369.45106617864
"527","bias_pr[157]",-1.3418638,1.00162020922298,8645.96975435198
"528","bias_pr[158]",1.5561038,1.0012337092296,7099.95695302986
"529","bias_pr[159]",-1.4250813,0.999824929450714,8037.02870437918
"530","bias_pr[160]",0.15610015,1.00045378105993,9855.55156169354
"531","bias_pr[161]",-0.705030325,1.00062702357435,8127.2019580979
"532","bias_pr[162]",0.28620309,0.999892845006793,10424.1018439851
"533","bias_pr[163]",-0.66507821,1.00137771923,7500.89964923323
"534","bias_pr[164]",-0.34976588,1.00048026187149,6401.13368660632
"535","bias_pr[165]",0.0385574795,1.00012624492802,7583.92008122424
"536","bias_pr[166]",0.18925587,1.00079420343733,5466.67812381318
"537","bias_pr[167]",0.665604415,1.00125154358895,2596.07576226756
"538","bias_pr[168]",0.56297504,1.00022938254596,7451.83626256123
"539","bias_pr[169]",0.54649032,1.00135910782902,4047.91126352944
"540","bias_pr[170]",1.38140835,1.00275328502161,5130.70111644652
"541","bias_pr[171]",1.49165915,1.00061309748792,7530.29998797027
"542","bias_pr[172]",-1.0543348,1.00010150712647,8267.78992229434
"543","bias_pr[173]",-0.061163388,1.00004281482562,5674.34546696613
"544","bias_pr[174]",-1.0057757,1.00007864387279,8114.08446898056
"545","bias_pr[175]",0.80966748,1.00082288802904,6989.00999873677
"546","bias_pr[176]",0.13201675,1.00146501429292,10422.1100314131
"547","bias_pr[177]",-0.520866885,1.00042842398086,7136.1967819772
"548","bias_pr[178]",0.2426747,1.00037872039457,7080.44799185204
"549","bias_pr[179]",-0.87910933,1.00028092478833,15671.0030756047
"550","bias_pr[180]",0.230285175,0.999832674309858,6437.92111510156
"551","bias_pr[181]",-0.276506795,1.00129205143831,6598.68009682966
"552","lambda_pr[1]",0.814096825,1.00023732001129,9393.40182863241
"553","lambda_pr[2]",1.0400843,1.00265987644326,9871.57228471496
"554","lambda_pr[3]",-0.176767445,1.00044538945443,14755.6034320572
"555","lambda_pr[4]",-0.22192027,1.00105862907837,1937.40675167328
"556","lambda_pr[5]",-0.11999269,1.00042998142366,3136.98322411109
"557","lambda_pr[6]",0.519199445,1.00087236768691,6737.63415277752
"558","lambda_pr[7]",-0.4484503,1.00014934335322,13456.1955212615
"559","lambda_pr[8]",0.536779365,1.00085024069217,11103.1468561004
"560","lambda_pr[9]",0.0252297075,1.00075976013517,13392.2818372845
"561","lambda_pr[10]",-0.445817225,1.00005447579287,13533.4692823617
"562","lambda_pr[11]",-0.25837306,1.00118914331736,10844.2384797951
"563","lambda_pr[12]",0.00267714675,1.0006320977209,14556.9795504135
"564","lambda_pr[13]",0.0777261405,1.00038987145806,10591.9461765721
"565","lambda_pr[14]",0.0839983375,1.00087164917049,13269.3355736571
"566","lambda_pr[15]",-0.113092825,1.00199155870341,20636.0474317889
"567","lambda_pr[16]",-0.42209746,1.00089467472778,10570.290776709
"568","lambda_pr[17]",-0.58025942,1.00075888211158,8304.08494457588
"569","lambda_pr[18]",-0.482975445,1.00048650876216,10290.0389990614
"570","lambda_pr[19]",-0.355601135,0.999823745930075,14073.6899190022
"571","lambda_pr[20]",-0.21721504,1.00143172175923,12895.8898158404
"572","lambda_pr[21]",0.75663335,1.0000812764934,8342.09000425101
"573","lambda_pr[22]",-0.201514595,1.00058905342981,16608.6349522765
"574","lambda_pr[23]",-0.286169355,1.00122498932378,13348.4695803666
"575","lambda_pr[24]",-0.486041815,1.00029573809758,9050.05114660205
"576","lambda_pr[25]",1.09146945,1.00042391994599,9695.84487223532
"577","lambda_pr[26]",0.0478501895,1.00125426041116,16122.7496571595
"578","lambda_pr[27]",-0.096966312,1.00106028496915,14290.8331051859
"579","lambda_pr[28]",-0.20318327,1.00024157022973,7731.96871638969
"580","lambda_pr[29]",0.38317379,1.00040768747367,14357.1194948475
"581","lambda_pr[30]",1.0968892,1.00049533682053,7769.47062870762
"582","lambda_pr[31]",-0.57122828,1.00061983599626,7459.52766474955
"583","lambda_pr[32]",-0.16786912,1.00016082974759,14679.4411659612
"584","lambda_pr[33]",-0.61167638,1.00085035261128,8479.81694142264
"585","lambda_pr[34]",-0.93025018,1.00026596408704,7230.21413213809
"586","lambda_pr[35]",-0.51247841,1.00140135133525,8235.8398143343
"587","lambda_pr[36]",-0.233121105,1.0007978798887,18832.00818938
"588","lambda_pr[37]",-0.43057128,0.999999220850823,8336.77809996951
"589","lambda_pr[38]",-0.287957125,1.00047811074682,11478.89292481
"590","lambda_pr[39]",-0.01509589,1.00025196814392,4087.79516770188
"591","lambda_pr[40]",-0.58076441,0.999994913502205,12148.7761840424
"592","lambda_pr[41]",-0.527208855,1.00085887691124,7114.48018319746
"593","lambda_pr[42]",-0.11665941,1.00059106460451,12835.3375541547
"594","lambda_pr[43]",-0.299054005,1.00101860249722,13065.8549041348
"595","lambda_pr[44]",-0.417823775,1.00063130007382,13323.2131363215
"596","lambda_pr[45]",-0.4643367,1.00023248913622,9938.96950449547
"597","lambda_pr[46]",-0.24404927,1.00037962814042,7215.5484551465
"598","lambda_pr[47]",-0.368304675,1.00035358178125,13819.2159130455
"599","lambda_pr[48]",-0.511670045,1.0013136812886,9414.60456676268
"600","lambda_pr[49]",-0.41422273,1.00019036219389,9421.38068943519
"601","lambda_pr[50]",0.284793345,1.00050301772545,10194.9629075021
"602","lambda_pr[51]",1.10578055,0.99977987461072,8763.06586670263
"603","lambda_pr[52]",-0.46557963,0.999995314097301,14091.3045240461
"604","lambda_pr[53]",0.324119435,1.00133476547898,14782.3072195669
"605","lambda_pr[54]",-0.43903732,1.00073616894013,5660.96451786406
"606","lambda_pr[55]",-0.491259355,1.00017169254299,6518.89158170234
"607","lambda_pr[56]",0.40766724,1.00056879428956,12033.3726114608
"608","lambda_pr[57]",-0.369460695,1.00094299220171,16400.781719028
"609","lambda_pr[58]",1.4189797,1.00087321040984,9382.71921774502
"610","lambda_pr[59]",0.243084435,1.0003013592697,6671.57867828699
"611","lambda_pr[60]",-0.155262295,1.00012132312859,14144.4226659585
"612","lambda_pr[61]",0.072822145,0.999945590226976,12471.8834498669
"613","lambda_pr[62]",0.744005195,1.00132144375326,7501.25001145034
"614","lambda_pr[63]",0.442308595,1.00073963467168,7640.49290403641
"615","lambda_pr[64]",0.482662375,1.00081869096105,7370.07098973613
"616","lambda_pr[65]",-0.54654445,0.999943401379684,9747.4532965743
"617","lambda_pr[66]",-0.16119483,1.00019702923516,14454.7184978125
"618","lambda_pr[67]",1.0591955,1.00080470410309,6767.88330163074
"619","lambda_pr[68]",-0.71434038,1.00162383483779,8099.74990126015
"620","lambda_pr[69]",0.58572351,1.00008756177264,7524.93619503848
"621","lambda_pr[70]",0.30781073,1.00002175325324,6199.06961370628
"622","lambda_pr[71]",0.209109245,1.00075981686964,5231.61541603173
"623","lambda_pr[72]",-0.129381715,1.00175596106501,14282.6036965039
"624","lambda_pr[73]",0.27502909,1.00114174104935,15770.7168714438
"625","lambda_pr[74]",-0.12981771,0.9998819791651,14502.3851732584
"626","lambda_pr[75]",-0.63303844,1.00106122058488,3310.47843061791
"627","lambda_pr[76]",-0.606710295,1.00037392435219,10198.4017355091
"628","lambda_pr[77]",0.64692917,0.999806862201214,10023.5067219303
"629","lambda_pr[78]",0.275646045,1.00179017804884,12650.3415814944
"630","lambda_pr[79]",-0.577716,1.00018814909563,8790.77171593422
"631","lambda_pr[80]",-0.13674116,1.00049867305833,17155.129063712
"632","lambda_pr[81]",0.00564789595,1.00062569762182,24322.169465924
"633","lambda_pr[82]",-0.316850965,1.00135385942353,11863.7344284694
"634","lambda_pr[83]",0.737135465,1.00006890008828,12406.4268551238
"635","lambda_pr[84]",1.0482558,1.00122306592281,9147.60988771519
"636","lambda_pr[85]",0.81480946,1.00018646163101,9282.37731725504
"637","lambda_pr[86]",-0.026096934,1.00030147933895,17298.9350841898
"638","lambda_pr[87]",0.0858769945,1.00022987880611,22770.0178203812
"639","lambda_pr[88]",-0.0854210625,1.00010610373331,14995.2995132555
"640","lambda_pr[89]",-0.351475495,1.00134859748054,13863.1527336688
"641","lambda_pr[90]",-0.152762665,1.00039330236787,12865.212345331
"642","lambda_pr[91]",-0.0155750055,1.00097329734035,21138.2574547134
"643","lambda_pr[92]",-0.34984093,1.00056176581984,11199.3652396908
"644","lambda_pr[93]",-0.28557595,1.00108663363725,14589.2055557759
"645","lambda_pr[94]",-0.0259914875,1.00035729588486,7999.17740881497
"646","lambda_pr[95]",-0.57064293,1.00271227353251,1499.90539835333
"647","lambda_pr[96]",-0.375086595,1.00115239669436,14842.8566069317
"648","lambda_pr[97]",-0.0246624125,1.00071661187493,9509.84234622395
"649","lambda_pr[98]",-0.85661582,1.00344873459443,1011.24406896622
"650","lambda_pr[99]",-0.487121755,1.00026895170831,5835.24511028088
"651","lambda_pr[100]",0.15996035,0.999948825686888,13068.3495401377
"652","lambda_pr[101]",-0.36737421,1.00042073716881,6741.44163696788
"653","lambda_pr[102]",-0.6770283,1.00028518150099,8133.28781237357
"654","lambda_pr[103]",-0.69862306,1.00093551450213,11619.9928970496
"655","lambda_pr[104]",-0.395795505,1.00058211027623,13641.0165028525
"656","lambda_pr[105]",0.0895287015,1.00012257575514,8912.79183072206
"657","lambda_pr[106]",-0.464425645,1.0008940899218,10442.4185213274
"658","lambda_pr[107]",0.72322974,1.00189302930391,10242.2015872941
"659","lambda_pr[108]",0.95362934,1.00007273747449,9334.89767638477
"660","lambda_pr[109]",0.285171975,1.00035286103757,6306.84061792029
"661","lambda_pr[110]",0.593873265,1.00022566902928,13289.4900530332
"662","lambda_pr[111]",-0.42460384,1.00031612506283,9476.51316536562
"663","lambda_pr[112]",0.222706315,1.00037383963727,15555.2868756551
"664","lambda_pr[113]",-0.219362455,1.00043242941545,5684.78698107577
"665","lambda_pr[114]",-0.496861635,1.00001779296859,9489.81837673047
"666","lambda_pr[115]",-0.36856559,0.999942999633641,14496.7881653009
"667","lambda_pr[116]",0.24778526,1.00059036187281,19846.5214274082
"668","lambda_pr[117]",0.11854791,1.00122617970556,13814.119506291
"669","lambda_pr[118]",-0.307937275,1.00021820081659,15566.5176143607
"670","lambda_pr[119]",-0.25952304,1.00011183674722,15211.0672861468
"671","lambda_pr[120]",0.867356065,1.00069385445954,8715.57637881942
"672","lambda_pr[121]",-0.706107585,1.00096217368224,5295.04384697034
"673","lambda_pr[122]",-0.40737448,1.00029515299033,8995.00569664827
"674","lambda_pr[123]",-0.407155455,1.00023367081487,15100.9281739824
"675","lambda_pr[124]",0.54580393,1.00045287865714,7018.00815727589
"676","lambda_pr[125]",-0.292103955,1.00037890510938,12794.7973323287
"677","lambda_pr[126]",-0.54766997,1.00024956568263,8492.81934492606
"678","lambda_pr[127]",-0.332259,1.00032083269119,4333.75147420745
"679","lambda_pr[128]",-0.15055504,1.00056770774591,23092.1589010278
"680","lambda_pr[129]",-0.319518445,1.00014591564496,12823.3892332273
"681","lambda_pr[130]",-0.275625,0.999755432472294,10158.2996888121
"682","lambda_pr[131]",-0.261032815,1.00016763744642,15769.8641600233
"683","lambda_pr[132]",-0.10252805,1.00063742445941,9877.03222883433
"684","lambda_pr[133]",0.0140290965,0.999941919304853,17483.6389992403
"685","lambda_pr[134]",-0.031792462,1.00106030424514,18886.7240480887
"686","lambda_pr[135]",-0.093446128,0.999955033369818,17439.282161399
"687","lambda_pr[136]",0.854281865,1.00067802961298,9733.84256190066
"688","lambda_pr[137]",0.523330285,1.00055606314098,13658.6126251088
"689","lambda_pr[138]",-0.232938815,1.00117097569005,9236.05054307507
"690","lambda_pr[139]",-0.66507156,1.00061137727305,9201.28691988428
"691","lambda_pr[140]",-0.51682726,1.00009672938934,8346.36684531608
"692","lambda_pr[141]",0.820822835,0.999913937023934,8156.79538564567
"693","lambda_pr[142]",0.26335655,1.00100687831784,14683.6828746767
"694","lambda_pr[143]",1.0077807,1.00035739081331,7602.66987348077
"695","lambda_pr[144]",0.0793251765,1.00019857671354,7993.87756634627
"696","lambda_pr[145]",-0.0916527315,1.00070781093601,18385.9491567842
"697","lambda_pr[146]",0.53410782,1.00112045655767,7385.04877267608
"698","lambda_pr[147]",-0.249070505,1.00018302502533,11534.154947544
"699","lambda_pr[148]",0.1390167,1.00025466199748,10102.2181532162
"700","lambda_pr[149]",-0.015072798,1.00039418904205,4611.50806011715
"701","lambda_pr[150]",-0.458804015,1.00005521738172,13359.782972251
"702","lambda_pr[151]",0.092093242,0.999863852714224,9203.29109606466
"703","lambda_pr[152]",0.0232276675,1.00029297591769,7814.96808514209
"704","lambda_pr[153]",0.613980835,1.00073348377525,7851.66226451516
"705","lambda_pr[154]",-0.0462316955,0.999959781299975,15799.9631457043
"706","lambda_pr[155]",-0.36140016,1.00064273419087,13899.2856394065
"707","lambda_pr[156]",-0.23083108,1.00023062574437,15649.3500294076
"708","lambda_pr[157]",0.549796915,1.00006501172293,9345.84739770772
"709","lambda_pr[158]",-0.400115865,1.00042787826152,9956.23890413617
"710","lambda_pr[159]",-0.0728785415,1.00093317068364,3663.07364626747
"711","lambda_pr[160]",0.63581959,1.00015896624722,11148.5209600488
"712","lambda_pr[161]",0.213170175,1.00029202785299,14724.2024716229
"713","lambda_pr[162]",0.563276125,1.00064920750666,13066.2924190238
"714","lambda_pr[163]",0.0073878713,1.00052961120459,18898.0554599486
"715","lambda_pr[164]",0.264033265,1.00021799847528,12539.4067644887
"716","lambda_pr[165]",-0.0955468475,1.00046323184069,15199.9948071098
"717","lambda_pr[166]",-0.56469081,1.00011530365398,10230.6045570138
"718","lambda_pr[167]",-0.0258794125,1.00021094552809,16985.3624843925
"719","lambda_pr[168]",0.020900174,1.00028746644559,11548.8126626503
"720","lambda_pr[169]",0.80538461,1.00003319391648,8262.95266989549
"721","lambda_pr[170]",-0.76339883,1.00067967874909,6404.25037629292
"722","lambda_pr[171]",-0.001180642655,1.00105009262551,2844.35450050472
"723","lambda_pr[172]",0.34640505,1.00070786702839,19962.9338807766
"724","lambda_pr[173]",-0.5350025,1.00025339936051,4608.42074991748
"725","lambda_pr[174]",0.30120713,1.00038955713489,6272.51059115734
"726","lambda_pr[175]",-0.502998735,1.00173738895299,10211.6499191188
"727","lambda_pr[176]",0.332096375,1.00001944865151,15968.8683403303
"728","lambda_pr[177]",-0.055054749,1.0009866816192,11795.8549079918
"729","lambda_pr[178]",0.316085,1.00096520555518,15415.0942530692
"730","lambda_pr[179]",1.18949745,1.00015849740502,9285.5501290693
"731","lambda_pr[180]",-0.68684528,1.00093204411214,7818.0620365979
"732","lambda_pr[181]",0.228437885,0.9998943512816,12412.5359264553
"733","tau[1]",1.92727365,1.00586548683653,848.862748764089
"734","tau[2]",1.70004445,1.0086209783243,613.800110479455
"735","tau[3]",1.4582449,1.00778530806295,531.410406879995
"736","tau[4]",2.83075865,1.00327031086426,1791.07679605966
"737","tau[5]",3.2635177,1.00159406836061,2535.95925877749
"738","tau[6]",2.0450811,1.00500543325056,872.892826914058
"739","tau[7]",1.5158017,1.0075310753579,530.922161612905
"740","tau[8]",1.9080305,1.005307426258,777.219874136908
"741","tau[9]",1.6671964,1.00731408205829,636.023434976202
"742","tau[10]",1.74321095,1.00630112352548,681.303045444339
"743","tau[11]",1.49058235,1.0069967147489,577.4756777095
"744","tau[12]",1.7026622,1.00518081310092,745.643282247832
"745","tau[13]",1.65905975,1.00694604397452,638.350371397978
"746","tau[14]",1.75721745,1.00660258466262,641.038451860327
"747","tau[15]",1.1445077,1.00992982033125,414.091214764411
"748","tau[16]",1.8657807,1.0056941624681,719.093619777144
"749","tau[17]",1.2263129,1.00903693264521,384.514315719749
"750","tau[18]",1.1803171,1.01028703484417,400.649158635205
"751","tau[19]",1.31310355,1.00807829979189,491.27461957559
"752","tau[20]",1.42716605,1.00671677030463,590.84341026307
"753","tau[21]",1.69973885,1.00492808834246,904.508234273994
"754","tau[22]",1.29575145,1.00806586375678,466.683510944087
"755","tau[23]",1.24773095,1.00865801428057,425.789890623627
"756","tau[24]",1.13466375,1.00926936782608,417.569886334362
"757","tau[25]",1.90849955,1.00457132152475,987.823729066954
"758","tau[26]",1.3209411,1.00758253362363,438.56771309951
"759","tau[27]",1.1089323,1.00877175631494,386.545479151667
"760","tau[28]",1.9587831,1.00511594658344,837.748560254503
"761","tau[29]",1.54398925,1.00739870294906,497.151341954494
"762","tau[30]",2.0939048,1.0053629350477,1043.08438019675
"763","tau[31]",1.07960955,1.00924924921092,372.443152691032
"764","tau[32]",1.63733355,1.0072321011706,581.995344890991
"765","tau[33]",1.1904122,1.00874124948395,410.240199572677
"766","tau[34]",4.0820211,1.00123334963085,2638.91859928805
"767","tau[35]",0.96989715,1.01078846732536,350.386459935755
"768","tau[36]",1.31425335,1.00832444587127,470.934589995574
"769","tau[37]",1.25116745,1.00794368808086,479.989305232828
"770","tau[38]",1.58060195,1.00606999350322,673.893057011117
"771","tau[39]",2.60067445,1.00382089978447,1616.30931649048
"772","tau[40]",1.1750029,1.01076223565561,419.363936173871
"773","tau[41]",1.28622195,1.0076029105506,524.796106765709
"774","tau[42]",1.4247737,1.00561564011012,533.928377423084
"775","tau[43]",1.5616941,1.00649245295471,598.135994557645
"776","tau[44]",1.0354596,1.01229090504392,356.219665753219
"777","tau[45]",1.17291955,1.00921012169369,406.96555689586
"778","tau[46]",1.0561646,1.00952324558106,378.655251242795
"779","tau[47]",1.27238555,1.00798495787673,442.364225173662
"780","tau[48]",1.1397811,1.01017940333636,405.995197907372
"781","tau[49]",1.09106255,1.0096416273274,390.386904705659
"782","tau[50]",2.0786976,1.00521125479972,998.575153558472
"783","tau[51]",2.4923233,1.00298211143637,1418.21820391061
"784","tau[52]",1.438046,1.00883915131248,603.313820666712
"785","tau[53]",1.5596346,1.0075934456777,582.741499977136
"786","tau[54]",2.32990085,1.00321428042894,1292.60059307793
"787","tau[55]",1.08638265,1.00872142524347,407.178309857868
"788","tau[56]",1.90642575,1.00520506596808,801.922285871329
"789","tau[57]",1.13388995,1.010539700803,390.767076441947
"790","tau[58]",2.3499934,1.00349601260493,1234.16930962436
"791","tau[59]",2.4482395,1.00299112048578,1418.26083235008
"792","tau[60]",1.3738914,1.00760370713467,500.290576535712
"793","tau[61]",2.0148039,1.00681935297356,911.118152197927
"794","tau[62]",1.83428165,1.00571660245436,783.185592870411
"795","tau[63]",1.89965615,1.00508891170075,883.025831965568
"796","tau[64]",1.40820145,1.00499074131392,739.67115075322
"797","tau[65]",1.408504,1.00671194078699,599.094356454777
"798","tau[66]",1.37408575,1.00937294524438,459.962784300685
"799","tau[67]",1.72320765,1.00538970510714,734.998903487809
"800","tau[68]",2.3757898,1.00395588332596,1050.43817322474
"801","tau[69]",2.29012065,1.00370903904446,1311.54004849498
"802","tau[70]",1.86380065,1.00463302881555,946.542679315153
"803","tau[71]",2.4944751,1.00473042072958,1451.36524663524
"804","tau[72]",1.6606811,1.00812664732747,615.982702716563
"805","tau[73]",1.5270733,1.00670424559281,535.466909713354
"806","tau[74]",1.3752497,1.00771100840186,506.158108496772
"807","tau[75]",2.4937347,1.00441769997817,1286.0862541034
"808","tau[76]",1.45705195,1.00797246457976,577.046013524875
"809","tau[77]",1.1567855,1.00833588704952,585.06516752013
"810","tau[78]",1.02314745,1.00764457271438,479.966256668031
"811","tau[79]",1.13704525,1.00960914600511,371.111029935274
"812","tau[80]",1.4240378,1.00776570871723,539.12223709841
"813","tau[81]",1.07869385,1.01166795317224,384.010834485976
"814","tau[82]",1.64200815,1.00661853769571,685.636829998788
"815","tau[83]",1.8719412,1.00452159932946,779.371145676065
"816","tau[84]",1.7996715,1.0084325196267,679.082552853163
"817","tau[85]",1.87553315,1.00635281270875,775.298376068623
"818","tau[86]",1.26789675,1.00743195901234,444.613241981887
"819","tau[87]",1.44611805,1.00812128481348,487.46341255572
"820","tau[88]",1.9052054,1.00627445266507,824.362906354792
"821","tau[89]",1.3943583,1.00936101169625,465.042786725152
"822","tau[90]",1.59745495,1.00620699927749,661.164014546351
"823","tau[91]",1.1365078,1.00969648124325,369.186517189718
"824","tau[92]",1.14224385,1.00875516513566,400.790808423964
"825","tau[93]",1.19648065,1.00851942758214,405.954187824849
"826","tau[94]",2.3337492,1.0031241626068,1171.47411525326
"827","tau[95]",4.5118821,1.00123624253016,2064.89511552223
"828","tau[96]",1.71818685,1.00709610433832,648.426473197335
"829","tau[97]",1.6243861,1.0065275696913,706.579731141771
"830","tau[98]",4.38261935,1.00176519644143,2116.59119120661
"831","tau[99]",1.23272585,1.00858572435959,416.215267927315
"832","tau[100]",1.8022504,1.00681884726505,774.57835884517
"833","tau[101]",2.28652945,1.00305751273985,1185.33259621367
"834","tau[102]",1.3896649,1.00584561070842,515.712766890386
"835","tau[103]",3.8222203,1.00143334504685,2644.92201577149
"836","tau[104]",1.5351921,1.00788290800971,579.311532775128
"837","tau[105]",2.04458735,1.00564222813603,957.507689935816
"838","tau[106]",0.987918115,1.01114129165714,361.567109962483
"839","tau[107]",1.7662928,1.00730330686414,605.189142202039
"840","tau[108]",2.37988865,1.00306500181908,1352.52209047326
"841","tau[109]",2.5303512,1.00382569117467,1438.25635108883
"842","tau[110]",1.6046796,1.00830422066216,571.220239103045
"843","tau[111]",1.44583285,1.00604244470907,568.036794058199
"844","tau[112]",1.7703244,1.00526051753407,789.030538429319
"845","tau[113]",2.81976075,1.00132149726858,2095.59925919842
"846","tau[114]",1.6306594,1.00642987672764,666.485820018686
"847","tau[115]",1.4832804,1.00737866711128,573.781753321014
"848","tau[116]",1.5897209,1.00631186711917,602.522904280446
"849","tau[117]",1.5324198,1.00695932896509,580.998966944871
"850","tau[118]",1.2104755,1.00850054112208,433.054511678643
"851","tau[119]",1.4440769,1.00756650997015,511.566133705244
"852","tau[120]",1.98603885,1.00600687639522,885.370299981367
"853","tau[121]",0.868377085,1.01136068013333,334.395139176763
"854","tau[122]",1.17966875,1.00793162195393,417.179320526339
"855","tau[123]",1.2307665,1.00821965215655,439.842212940585
"856","tau[124]",2.13048565,1.00523552606425,966.666871597285
"857","tau[125]",1.83227515,1.00559454388827,806.177813814389
"858","tau[126]",1.1169742,1.00889656647972,398.908375774965
"859","tau[127]",2.51307285,1.0033056022209,1263.63921032009
"860","tau[128]",1.15389825,1.00999200201039,394.861107884025
"861","tau[129]",1.6779781,1.00715191924009,685.980384466492
"862","tau[130]",1.3549105,1.00786213428504,509.910690914536
"863","tau[131]",1.3123176,1.00939276827048,456.864968660314
"864","tau[132]",2.22217135,1.00454978058144,1099.90846032212
"865","tau[133]",1.5798033,1.00592130064659,610.256158880936
"866","tau[134]",1.17220835,1.01008626231426,396.090637362514
"867","tau[135]",1.51164485,1.00628920515999,616.402587470937
"868","tau[136]",2.05078295,1.00573194885346,979.216399672659
"869","tau[137]",1.8276414,1.00531499071553,852.107852862294
"870","tau[138]",0.97360506,1.009831256797,360.57532145782
"871","tau[139]",1.2073027,1.00786718705019,416.598177334517
"872","tau[140]",1.09393545,1.00991588471221,417.768688672508
"873","tau[141]",1.90557845,1.00511949461933,901.132190712686
"874","tau[142]",1.25719525,1.00814336111655,514.976913042062
"875","tau[143]",2.13286895,1.00582792544954,992.768422042781
"876","tau[144]",1.96832105,1.0044570871168,988.995372526368
"877","tau[145]",1.1786335,1.00940994715085,409.763973726965
"878","tau[146]",2.44978455,1.00345930333286,1525.3229755249
"879","tau[147]",1.62899115,1.00748434601977,670.116194408987
"880","tau[148]",2.01504325,1.00527448383846,796.560156259252
"881","tau[149]",2.8590198,1.00268652820628,1957.1764376629
"882","tau[150]",1.50565675,1.00701763296455,554.375349217174
"883","tau[151]",1.87508825,1.0052838052798,772.430273441738
"884","tau[152]",1.7164817,1.00514139956982,931.713363447175
"885","tau[153]",2.14133115,1.00450487847849,1001.5317810882
"886","tau[154]",1.52572095,1.008214658736,499.782891681593
"887","tau[155]",1.2683704,1.00910547827375,459.616663744443
"888","tau[156]",1.3930552,1.00829630474222,489.049134765992
"889","tau[157]",1.897038,1.00527645364683,892.241948385848
"890","tau[158]",1.53822115,1.00839080096416,548.772950848523
"891","tau[159]",3.317374,1.00169590647205,2407.18885663473
"892","tau[160]",1.89222615,1.00505834195868,857.476986312306
"893","tau[161]",1.8576471,1.00610396615774,726.586447851714
"894","tau[162]",1.5845891,1.00776827431598,576.401033618365
"895","tau[163]",1.2849426,1.01012268317625,420.455767864488
"896","tau[164]",1.382919,1.00681806161339,518.899694851037
"897","tau[165]",1.4436495,1.00704534865156,528.345380731621
"898","tau[166]",1.13347805,1.00882700178542,410.056219735847
"899","tau[167]",1.36289835,1.00781577674527,502.127940828438
"900","tau[168]",1.10966355,1.00952364398748,411.053597565619
"901","tau[169]",2.02506395,1.0043017428171,981.425727205456
"902","tau[170]",1.52099515,1.00764568592227,588.409643589179
"903","tau[171]",3.2151476,1.00199354572583,2335.49752493947
"904","tau[172]",1.3095962,1.00922551259243,451.194172817298
"905","tau[173]",0.910226655,1.01066427982874,337.572886799515
"906","tau[174]",2.27677465,1.00424759024277,1065.0482682963
"907","tau[175]",1.1948943,1.0075120929145,468.072603098575
"908","tau[176]",1.582922,1.00609601761597,564.882323048072
"909","tau[177]",1.7710847,1.00560430277588,791.75077142268
"910","tau[178]",1.4850547,1.00798733226326,516.610430251214
"911","tau[179]",2.52478625,1.00432531704868,1406.21626855572
"912","tau[180]",1.14948915,1.00891057838759,422.750263818529
"913","tau[181]",1.6072108,1.00677454537759,583.529911583177
"914","m[1]",0.557103835,1.00476528256518,990.241192667259
"915","m[2]",0.419416445,1.0058047990947,716.437840319787
"916","m[3]",0.364638995,1.00238020437641,839.567633605408
"917","m[4]",1.2572234,1.00296489363637,1678.3097939598
"918","m[5]",1.14906485,1.00203385180973,2417.32481969502
"919","m[6]",0.594482945,1.00444830513002,993.988936712882
"920","m[7]",0.3680201,1.0046692087564,706.836696777863
"921","m[8]",0.493136875,1.00377007236994,1055.83176855811
"922","m[9]",0.45370452,1.0032073539058,1075.33939098069
"923","m[10]",0.51777314,1.00222453308682,1273.35573382362
"924","m[11]",0.37399784,1.00251884811192,780.913008802716
"925","m[12]",0.472454185,1.00288567503448,1156.37145243016
"926","m[13]",0.4829037,1.0030636989384,979.775283141903
"927","m[14]",0.485434325,1.00248288663608,1057.3905048966
"928","m[15]",0.23816882,1.00589178855235,534.901874952171
"929","m[16]",0.4800794,1.00241874917949,1401.80595116017
"930","m[17]",0.21578738,1.00589321476475,515.737741392222
"931","m[18]",0.23889158,1.00412614523196,598.252654825038
"932","m[19]",0.302108475,1.00375632512552,653.597326652326
"933","m[20]",0.3478149,1.00597485834427,650.400131269321
"934","m[21]",0.79609,1.00504758605023,1024.24537443391
"935","m[22]",0.288551955,1.00467474551118,673.342168358283
"936","m[23]",0.27061185,1.00367767623878,624.599834891029
"937","m[24]",0.20620976,1.00360368751349,504.891378641356
"938","m[25]",0.833275225,1.00489085412179,1095.83541973004
"939","m[26]",0.27551722,1.00393295622936,587.525025056195
"940","m[27]",0.20113807,1.00480230702355,494.97262166316
"941","m[28]",0.55548681,1.00636933436289,1009.84409012594
"942","m[29]",0.370249745,1.00532519217242,640.221618452347
"943","m[30]",0.64083395,1.00530701061627,1104.66258846997
"944","m[31]",0.186099785,1.00418420205425,492.742214411924
"945","m[32]",0.46483269,1.00436211930608,1163.6211337051
"946","m[33]",0.22331768,1.00348951438311,518.68437867207
"947","m[34]",1.2924182,1.00130643231148,3167.51274131567
"948","m[35]",0.15304073,1.00743639079051,419.074246312508
"949","m[36]",0.29915025,1.00357045563526,625.593769210791
"950","m[37]",0.272368365,1.0038665105401,585.055738732046
"951","m[38]",0.57192664,1.00358212860748,1130.30726076911
"952","m[39]",0.86485865,1.00271366647036,1908.09407054862
"953","m[40]",0.24477203,1.00495670533936,628.567546191563
"954","m[41]",0.30888173,1.00425467872782,672.229056252664
"955","m[42]",0.369292665,1.0054115339935,653.564068251025
"956","m[43]",0.418666795,1.00478854262052,861.756490259681
"957","m[44]",0.17625028,1.00565683251288,468.749391790801
"958","m[45]",0.236919125,1.00588093071465,562.560271961442
"959","m[46]",0.180091875,1.00752219118198,410.284869939134
"960","m[47]",0.309549485,1.00333578619716,664.551849293914
"961","m[48]",0.21440456,1.00613120422268,489.180426773348
"962","m[49]",0.205083515,1.00481854571381,516.701353059915
"963","m[50]",0.70955254,1.00282141154799,1514.26827951718
"964","m[51]",0.713814165,1.00320596265646,1420.63759841947
"965","m[52]",0.34448882,1.00436935555555,696.993601223135
"966","m[53]",0.44504144,1.00479049616097,729.066532040265
"967","m[54]",0.71859799,1.00387137708198,1993.65373469253
"968","m[55]",0.22827769,1.00558085341984,515.237454492368
"969","m[56]",0.52989514,1.00255766577977,1130.31706006968
"970","m[57]",0.236231875,1.0064050566581,499.265632636147
"971","m[58]",0.670929365,1.00342569100166,1271.72517198525
"972","m[59]",0.778176555,1.00330277139899,1554.5914279218
"973","m[60]",0.333597065,1.00428482306942,689.914893355173
"974","m[61]",0.551279,1.00359305196644,1287.98405360599
"975","m[62]",0.642004505,1.00497175038041,1098.27017962882
"976","m[63]",0.88794069,1.00473307589935,1195.5754572693
"977","m[64]",0.895769215,1.00471397639106,910.42600205629
"978","m[65]",0.32445536,1.00298374716231,650.360869496967
"979","m[66]",0.29903751,1.00462556331313,653.832404385493
"980","m[67]",0.56439991,1.00538999093089,876.353970042
"981","m[68]",0.737722475,1.00220419267257,1961.50604607307
"982","m[69]",0.772933175,1.00367012993772,1500.40217060132
"983","m[70]",0.87959875,1.00374340490116,1095.99765725501
"984","m[71]",0.80986429,1.00286396629509,1600.17439237912
"985","m[72]",0.4988027,1.00326525169787,1097.65825961534
"986","m[73]",0.387872905,1.00359121116037,813.729709817903
"987","m[74]",0.36001361,1.00436574289113,654.146004695886
"988","m[75]",0.94756528,1.00206914394498,2039.46022328855
"989","m[76]",0.363146125,1.00441129067159,732.926070486417
"990","m[77]",0.89588502,1.0055620799275,850.809612396821
"991","m[78]",0.53458925,1.00680336363875,703.244229794166
"992","m[79]",0.21816606,1.00546723882528,503.50705204402
"993","m[80]",0.346182045,1.00504785094079,702.765572088667
"994","m[81]",0.199240495,1.00636257568206,497.571673345458
"995","m[82]",0.47962043,1.00456000993266,946.364948883401
"996","m[83]",0.721057995,1.00396010314172,1589.33550621243
"997","m[84]",0.5362199,1.0066239214275,836.514484859807
"998","m[85]",0.505038805,1.00555576962552,922.831148087017
"999","m[86]",0.295776235,1.00471646447847,656.802310199996
"1000","m[87]",0.35453836,1.00459115057966,689.177790656539
"1001","m[88]",0.52738833,1.00349252070612,1178.96744570592
"1002","m[89]",0.28435747,1.00337350438062,614.082531974399
"1003","m[90]",0.471184205,1.00419005900725,1017.20512015734
"1004","m[91]",0.201560415,1.00800238440474,451.995990100711
"1005","m[92]",0.20497473,1.0050027212335,526.390630382632
"1006","m[93]",0.263738665,1.00445160740573,515.856067716073
"1007","m[94]",0.70644734,1.00347911211264,1731.04851663472
"1008","m[95]",1.6334239,1.00217913475886,2104.80110112637
"1009","m[96]",0.459392215,1.00277165753014,1154.81904857079
"1010","m[97]",0.56567471,1.00455843856834,988.557153977425
"1011","m[98]",1.9779929,1.00261902323949,1687.23589843077
"1012","m[99]",0.24462732,1.00562366506633,528.940020648169
"1013","m[100]",0.57158763,1.00396594974697,1184.55487519144
"1014","m[101]",0.68865792,1.00304106767291,1702.18178056785
"1015","m[102]",0.313015055,1.00442468971628,718.746304200763
"1016","m[103]",1.4175909,1.00129723843714,2401.16751588323
"1017","m[104]",0.42341443,1.00528434117226,888.451100437316
"1018","m[105]",0.604510855,1.00545927358662,1157.4779600205
"1019","m[106]",0.17023107,1.0059186837639,455.842105044774
"1020","m[107]",0.421178555,1.00630079909535,697.782131664182
"1021","m[108]",0.757929,1.00359894639184,1388.01334324562
"1022","m[109]",1.44158235,1.00322986872783,1402.38324194708
"1023","m[110]",0.40136018,1.00539614073957,721.419447357303
"1024","m[111]",0.381133835,1.00392522961481,829.556713561183
"1025","m[112]",0.55530477,1.00353304456218,1190.98309233629
"1026","m[113]",1.0130734,1.00161857369223,2721.89122541706
"1027","m[114]",0.45158796,1.00591538373018,820.2221547458
"1028","m[115]",0.35287121,1.00380224992258,720.940374730342
"1029","m[116]",0.423575525,1.00401270969379,808.723512174862
"1030","m[117]",0.39191689,1.0047195865869,703.297625632575
"1031","m[118]",0.25309108,1.00478313494638,555.231732306366
"1032","m[119]",0.340724115,1.00444762191187,689.818630157805
"1033","m[120]",0.65266437,1.00481144138999,1063.14731753706
"1034","m[121]",0.11206701,1.00505395370948,400.898438967166
"1035","m[122]",0.240519025,1.00491131881808,559.337935101811
"1036","m[123]",0.24881818,1.00551590455277,515.967935824207
"1037","m[124]",0.731196585,1.00456363091344,1320.20353098075
"1038","m[125]",0.566467295,1.00299982266153,1264.59241753836
"1039","m[126]",0.206840995,1.00403871666678,514.003653428592
"1040","m[127]",0.915967935,1.00262545524528,2051.99797535014
"1041","m[128]",0.228885655,1.00585355403329,469.490058768802
"1042","m[129]",0.43765888,1.00285963691406,1104.52698072054
"1043","m[130]",0.344479435,1.00296626715868,746.450860489775
"1044","m[131]",0.28144149,1.00677097104846,537.082028030985
"1045","m[132]",0.636464635,1.0031154378065,1677.36951886123
"1046","m[133]",0.5238191,1.00425007637509,1106.49943778291
"1047","m[134]",0.24894141,1.00561849481947,529.592224179417
"1048","m[135]",0.381266355,1.00385160750565,826.291252078251
"1049","m[136]",0.56167976,1.00493359921506,1186.97203296083
"1050","m[137]",0.57815188,1.0039056836302,1214.15827351826
"1051","m[138]",0.169146515,1.00545668439578,406.328863159463
"1052","m[139]",0.2348387,1.00643019017779,559.183144394595
"1053","m[140]",0.200381255,1.00531023197738,481.145093084382
"1054","m[141]",0.7725016,1.00494509000973,1097.43056059589
"1055","m[142]",0.427681375,1.00382559423055,773.592103827841
"1056","m[143]",0.87216034,1.00566424963702,1141.85623486568
"1057","m[144]",0.7291927,1.00420625921098,1468.72216981708
"1058","m[145]",0.2349552,1.00579465756081,517.113779946245
"1059","m[146]",0.83080671,1.00304618269713,1515.1258490809
"1060","m[147]",0.50913989,1.0045749960476,858.784650395012
"1061","m[148]",0.537054225,1.00422932192889,1023.06952134651
"1062","m[149]",1.2140051,1.00339372476547,2005.02986308993
"1063","m[150]",0.38453369,1.00294713049711,924.652737930634
"1064","m[151]",0.459168825,1.00470635846031,1114.99849841387
"1065","m[152]",0.912048505,1.00523986194218,1046.73594785468
"1066","m[153]",0.571691315,1.00258579323409,1220.7809959664
"1067","m[154]",0.376099545,1.00549194245286,817.382437630787
"1068","m[155]",0.26552069,1.00490550627527,604.158813661718
"1069","m[156]",0.331131615,1.00505459334813,781.657698663916
"1070","m[157]",0.751699665,1.00463248543479,1123.08444635769
"1071","m[158]",0.413970165,1.00354970737651,915.818321006249
"1072","m[159]",0.987862585,1.00191183031162,2351.41773252796
"1073","m[160]",0.58155953,1.00377756369983,1131.4798640873
"1074","m[161]",0.43213317,1.00410232340148,854.080866706922
"1075","m[162]",0.40857279,1.00415958612632,749.535540762767
"1076","m[163]",0.265885105,1.00490438877047,541.244620577463
"1077","m[164]",0.35027241,1.00466954160786,703.479626928759
"1078","m[165]",0.33407045,1.00485448427107,698.314379282909
"1079","m[166]",0.229325185,1.00583920357996,487.072278232003
"1080","m[167]",0.32166047,1.00330638455581,730.81499172147
"1081","m[168]",0.21326582,1.00533153052089,526.797498020402
"1082","m[169]",0.63091761,1.0044983484271,1199.93085168633
"1083","m[170]",0.365122765,1.00436436023574,738.612235357674
"1084","m[171]",1.47596685,1.00252458397942,1712.43521654244
"1085","m[172]",0.298721915,1.00455835614699,595.873088340766
"1086","m[173]",0.124172515,1.0047209056244,401.653722852049
"1087","m[174]",0.72249628,1.00330000808683,1462.69752959457
"1088","m[175]",0.236926105,1.00444292859859,545.91890727198
"1089","m[176]",0.36137475,1.00391737917841,676.117869657151
"1090","m[177]",0.50406667,1.00376909083253,1083.62102227907
"1091","m[178]",0.380378275,1.00472708307006,703.679035857906
"1092","m[179]",0.87168351,1.00306044826477,1791.73905385174
"1093","m[180]",0.212851045,1.00440039421019,552.853139165642
"1094","m[181]",0.42781864,1.00434166796485,1066.90198460353
"1095","bias[1]",0.195737545,0.999806054581707,9766.08821718795
"1096","bias[2]",0.47664248,1.00107706174483,9932.20964659414
"1097","bias[3]",0.463519205,1.00233762421143,7452.15540330596
"1098","bias[4]",0.038610076,1.00031672966156,6608.66379531665
"1099","bias[5]",0.161933825,0.999809001196793,7250.19147962175
"1100","bias[6]",0.173768725,1.00013383405392,9162.20641235564
"1101","bias[7]",0.679729125,1.00212201310958,3990.79674080278
"1102","bias[8]",0.305622465,1.00051507316989,10222.3589043129
"1103","bias[9]",0.674056,1.00003305259935,6357.38936883216
"1104","bias[10]",0.682562295,1.00064439865181,5193.68311465294
"1105","bias[11]",0.695867565,1.00142943800014,3747.09779089104
"1106","bias[12]",0.778186025,1.00010237334413,12580.8886058581
"1107","bias[13]",0.717864875,1.00016567564032,5488.54860250985
"1108","bias[14]",0.600535885,0.99987246467993,6761.17629713526
"1109","bias[15]",0.8425825,1.00099067882769,13040.7552309089
"1110","bias[16]",0.79070061,1.00150224861323,4251.60767612905
"1111","bias[17]",0.47208028,1.00059856656725,8059.56596652334
"1112","bias[18]",0.51301869,1.00002674267215,6923.29492335006
"1113","bias[19]",0.52229177,1.00022168252583,5137.06013425506
"1114","bias[20]",0.423798255,1.00007550505426,6853.14154512321
"1115","bias[21]",0.245620805,1.00151855092925,6546.45935161249
"1116","bias[22]",0.489397015,1.00048525872233,6224.69446073985
"1117","bias[23]",0.416948205,1.00113045073902,8334.29491232945
"1118","bias[24]",0.478870825,1.00074183788568,4169.69654450936
"1119","bias[25]",0.41003724,1.000149342739,11904.7871024036
"1120","bias[26]",0.49586287,1.00064254046562,18541.7464551078
"1121","bias[27]",0.4109778,0.999921037889689,4968.16621439103
"1122","bias[28]",0.461765955,1.00014589197054,5641.39859850784
"1123","bias[29]",0.41485538,0.999889787130279,8913.52016690865
"1124","bias[30]",0.42035795,1.00028752138207,8774.23743972568
"1125","bias[31]",0.35279496,1.00064555061651,13100.1186045763
"1126","bias[32]",0.704954415,1.00157833299924,10464.7214556171
"1127","bias[33]",0.50110104,1.00061650613327,4339.15435459725
"1128","bias[34]",0.72202528,1.00028457369001,5173.52966379048
"1129","bias[35]",0.529750095,1.00042483561329,5456.00065899439
"1130","bias[36]",0.464047535,1.00004587582131,6258.62142569367
"1131","bias[37]",0.57236182,1.00029251925555,3083.23762145628
"1132","bias[38]",0.53316599,1.0000436884203,5521.42031416199
"1133","bias[39]",0.294262335,1.00016332044289,8406.43904995685
"1134","bias[40]",0.42197323,1.00021426186392,5707.41678619028
"1135","bias[41]",0.663236665,1.00149428685914,4072.49035295245
"1136","bias[42]",0.454085865,1.00070149518261,5125.74535914583
"1137","bias[43]",0.45971003,1.0006216523588,6581.73259735942
"1138","bias[44]",0.473080445,1.00171342014373,4009.15708735235
"1139","bias[45]",0.583546515,1.00116974740768,3675.39640746439
"1140","bias[46]",0.58709852,1.00178443184793,2956.77181386848
"1141","bias[47]",0.56300952,1.0010989354748,4294.39838765328
"1142","bias[48]",0.57614299,1.00079955637363,3065.80989149914
"1143","bias[49]",0.52630944,1.00075606244126,3155.17675918163
"1144","bias[50]",0.49363437,1.00065816536879,8318.46832946012
"1145","bias[51]",0.35114821,0.99970562159344,10729.6800298175
"1146","bias[52]",0.347798755,0.999942994685092,5842.57241273346
"1147","bias[53]",0.329429005,1.0004408614419,7932.51288578617
"1148","bias[54]",0.439006605,1.00016288685206,7415.22545902851
"1149","bias[55]",0.550660985,1.00057136899713,3260.16104563563
"1150","bias[56]",0.43187388,0.999847789818043,8036.26509491803
"1151","bias[57]",0.39626509,1.00037276841185,5430.60934980929
"1152","bias[58]",0.583052035,1.00030648118995,10418.8036376946
"1153","bias[59]",0.219237535,1.0004052367344,10404.3035874407
"1154","bias[60]",0.671081255,1.00033576466662,7609.60007499662
"1155","bias[61]",0.144807845,0.99984884270392,10759.916656033
"1156","bias[62]",0.36855013,1.00027915677672,15348.417115198
"1157","bias[63]",0.48238866,1.00062863024747,6629.66059404154
"1158","bias[64]",0.32193584,1.00021231552087,7590.42750102506
"1159","bias[65]",0.74582684,1.00024169253224,4561.1398902472
"1160","bias[66]",0.46873681,1.00058055014263,8844.3963594558
"1161","bias[67]",0.41260103,1.00007966428782,11314.0602881891
"1162","bias[68]",0.774935005,1.00076670802537,3877.09737181232
"1163","bias[69]",0.224541055,1.00035221918973,9144.1364281527
"1164","bias[70]",0.35892227,1.00044720153617,8602.83384116813
"1165","bias[71]",0.199843475,1.0000516468219,8196.14189899705
"1166","bias[72]",0.55268284,1.00144310661918,6923.89477546833
"1167","bias[73]",0.361947115,0.999934237432727,7345.25495501611
"1168","bias[74]",0.63837523,1.00089480416735,5396.20794167191
"1169","bias[75]",0.39741563,1.00073107394954,4269.73860394203
"1170","bias[76]",0.739984945,1.00202160813883,3237.25053873834
"1171","bias[77]",0.238745275,1.00002131237433,5552.10801073677
"1172","bias[78]",0.30335946,1.0019904016278,2933.00785962135
"1173","bias[79]",0.53401968,1.00137327298189,3374.73418334573
"1174","bias[80]",0.409346345,1.00074784419033,6729.33357089128
"1175","bias[81]",0.17761002,1.00031519883623,7737.13036959128
"1176","bias[82]",0.704515935,1.00066391630247,4319.58258224593
"1177","bias[83]",0.19436539,1.0000876428767,8314.59384623078
"1178","bias[84]",0.421953295,1.00008556626691,10712.3265157638
"1179","bias[85]",0.38954395,1.00154859978913,11287.2561739582
"1180","bias[86]",0.538711615,0.999888769119501,5576.27720625798
"1181","bias[87]",0.526382265,1.00043010526883,7089.53631675307
"1182","bias[88]",0.59294,1.00106610592887,8602.30326684515
"1183","bias[89]",0.598498185,1.00002770706573,11422.2738834668
"1184","bias[90]",0.471860085,1.00017901091663,5923.9200159102
"1185","bias[91]",0.22239852,1.00057024113367,8643.72200204992
"1186","bias[92]",0.48346382,1.00116882684251,6288.83780335675
"1187","bias[93]",0.49071642,1.0003602017876,4697.83651864312
"1188","bias[94]",0.68107811,1.00003624287854,6750.32543691738
"1189","bias[95]",0.277846765,0.99996926538184,9714.64567403645
"1190","bias[96]",0.639218545,1.00067312769169,6359.49806490922
"1191","bias[97]",0.33365329,1.00014605241525,7742.68512221858
"1192","bias[98]",0.347286135,1.00026429670145,7708.22831669421
"1193","bias[99]",0.71516659,1.00086593910426,3266.72638055199
"1194","bias[100]",0.60226681,1.00024747499258,7383.18147533959
"1195","bias[101]",0.527698995,1.00031061152656,6447.7275462393
"1196","bias[102]",0.684962215,1.00158934656336,3157.30775043691
"1197","bias[103]",0.666544595,0.999922391174233,8694.55624703397
"1198","bias[104]",0.56800059,0.999715931720105,15884.9884923073
"1199","bias[105]",0.26967204,1.00000368305461,7760.10981354715
"1200","bias[106]",0.36323821,1.00057030129331,4913.82514800468
"1201","bias[107]",0.372606015,1.0002818249704,8579.60041113046
"1202","bias[108]",0.32506855,1.00082448967949,8783.37993397974
"1203","bias[109]",0.624655375,1.00018831019093,6899.99405932114
"1204","bias[110]",0.248653285,0.999877574268051,9906.85976084224
"1205","bias[111]",0.800447175,1.00071658098538,4206.95575035251
"1206","bias[112]",0.844695925,1.00077325949567,16308.3371943209
"1207","bias[113]",0.51635931,1.00058429218303,19647.2334268569
"1208","bias[114]",0.221967565,1.00045429254777,5185.59100562854
"1209","bias[115]",0.47576136,1.00026525066654,11012.4559512356
"1210","bias[116]",0.49835716,1.00019798031167,9111.86446460897
"1211","bias[117]",0.35621142,0.999999493773024,7279.62023728685
"1212","bias[118]",0.512234865,1.00044247956574,4682.65142583321
"1213","bias[119]",0.50593553,1.00027054464469,5105.12924471906
"1214","bias[120]",0.269550285,1.00001844130371,8469.59034926587
"1215","bias[121]",0.58073165,0.999918892405953,12382.792950956
"1216","bias[122]",0.707827135,1.00088808241366,3992.43760128677
"1217","bias[123]",0.6786016,1.00073395665923,16058.7788907598
"1218","bias[124]",0.193440805,1.00004685313896,9454.0443844211
"1219","bias[125]",0.668951895,1.00009140628323,5654.36404449602
"1220","bias[126]",0.606265725,1.00060731764644,3308.9250487684
"1221","bias[127]",0.0884836975,1.00006929487196,9577.74863848519
"1222","bias[128]",0.12564943,0.999995640261521,11966.0898664261
"1223","bias[129]",0.6262744,1.00053020196711,6852.17124934791
"1224","bias[130]",0.61246696,1.00041591307924,4638.28893096776
"1225","bias[131]",0.599529755,1.00147874342295,3584.93765901883
"1226","bias[132]",0.55087364,1.0015302836653,7469.52733071712
"1227","bias[133]",0.59422504,0.999978654004552,6310.98118462447
"1228","bias[134]",0.430703055,1.00034998082212,6699.24128283296
"1229","bias[135]",0.447498835,1.00042762037984,6923.46520781149
"1230","bias[136]",0.401565745,1.00085327075668,10670.1229152597
"1231","bias[137]",0.46016952,1.00038067692984,8956.28193170416
"1232","bias[138]",0.41785211,1.00038294325852,16283.7827068054
"1233","bias[139]",0.4811887,1.00119760908828,3918.86218186422
"1234","bias[140]",0.58932963,1.00032050864918,17751.5616094759
"1235","bias[141]",0.369811295,1.00076550528374,9292.30484203503
"1236","bias[142]",0.38603399,1.00033148314203,7073.46128506422
"1237","bias[143]",0.529309005,1.00150440486264,8963.70067827097
"1238","bias[144]",0.40536817,1.00003891568836,7351.61273822955
"1239","bias[145]",0.2872112,1.00073150589682,7931.25035542915
"1240","bias[146]",0.1157048,1.00079080330535,10778.8787235794
"1241","bias[147]",0.55465049,1.00021930413293,6282.64371383094
"1242","bias[148]",0.444158675,0.999998126997682,8273.15704214898
"1243","bias[149]",0.34687601,1.00009147277556,10976.2339998868
"1244","bias[150]",0.42864758,0.999907081714651,8157.90000075198
"1245","bias[151]",0.65005905,1.00019280484514,6321.2641523394
"1246","bias[152]",0.180687445,1.0011153307423,6000.35010115881
"1247","bias[153]",0.32424782,1.0007390061999,10051.3751986623
"1248","bias[154]",0.619450035,1.00039488162823,6424.74489474446
"1249","bias[155]",0.60355849,1.00008242948579,8740.24340421851
"1250","bias[156]",0.77695217,1.00000222858791,15553.2689324552
"1251","bias[157]",0.204748145,1.00149084929924,7144.88407639889
"1252","bias[158]",0.77209166,1.0004547752719,4470.69360037916
"1253","bias[159]",0.190019305,0.999783485167031,7764.47632533911
"1254","bias[160]",0.4903423,1.00083333577519,9732.47859336051
"1255","bias[161]",0.31270811,1.00059996624531,8353.91625924689
"1256","bias[162]",0.51966937,1.00026618228343,9618.96073443437
"1257","bias[163]",0.320700165,1.00070336174102,6719.76497411071
"1258","bias[164]",0.384428435,1.00106337617616,6542.18222215725
"1259","bias[165]",0.467789915,1.00008916279046,6009.48845409696
"1260","bias[166]",0.500339465,1.00090368920105,3394.84062660731
"1261","bias[167]",0.600683825,1.00034771826807,17493.9301071046
"1262","bias[168]",0.58102121,1.00054050825067,4382.12569653844
"1263","bias[169]",0.57593064,1.0003281742234,9083.65018522755
"1264","bias[170]",0.743008275,1.00193548793969,2686.19974844488
"1265","bias[171]",0.758549195,1.00013137285249,6502.29769406177
"1266","bias[172]",0.250345565,1.00016379829169,8804.76522076108
"1267","bias[173]",0.446506955,1.00058239974536,3845.02468801839
"1268","bias[174]",0.257833795,0.999843653160805,9178.39469798341
"1269","bias[175]",0.630640105,1.00053812260784,6148.54422889691
"1270","bias[176]",0.485530635,1.00093156858392,8769.46838602343
"1271","bias[177]",0.34911876,1.00012128040627,6537.29551466217
"1272","bias[178]",0.51058979,1.00021194431105,8051.82357394329
"1273","bias[179]",0.27996687,1.00052581841598,13435.7533495079
"1274","bias[180]",0.509113535,1.00032547443586,4081.02862551413
"1275","bias[181]",0.398604485,1.00098481462431,10351.5178079581
"1276","lambda[1]",3.452402,1.000521143628,5853.01425637828
"1277","lambda[2]",3.6862893,1.00157051266598,4602.41682015833
"1278","lambda[3]",2.3244632,1.00150623689179,5521.9169156253
"1279","lambda[4]",2.23881775,1.00003271932727,8258.71678751298
"1280","lambda[5]",2.36505055,1.00010595807601,7506.60520835733
"1281","lambda[6]",3.1216571,1.00023725258208,8180.68214643057
"1282","lambda[7]",2.0186239,1.00142270183455,3624.09857571054
"1283","lambda[8]",3.15021965,1.00094530875999,10150.0466490203
"1284","lambda[9]",2.56543085,0.999948447136346,8627.25371061012
"1285","lambda[10]",1.99860045,1.00097936572521,4725.07377370906
"1286","lambda[11]",2.23561195,1.00086452182893,4192.66325396176
"1287","lambda[12]",2.5449695,1.00106659270036,8720.33509321782
"1288","lambda[13]",2.6397374,1.00057324013697,6738.2804318667
"1289","lambda[14]",2.6250828,1.000026951981,9752.69161110057
"1290","lambda[15]",2.39651355,1.00250946685523,7188.70077032822
"1291","lambda[16]",2.06141375,1.00109336248808,3258.56595656573
"1292","lambda[17]",1.87593745,1.00227661573078,2172.98296615244
"1293","lambda[18]",1.9791825,1.00061399750513,2786.18949616698
"1294","lambda[19]",2.11907275,1.0007933222861,4298.36442741612
"1295","lambda[20]",2.2899573,1.00178555080001,6140.0704279245
"1296","lambda[21]",3.3779536,1.0007204074168,4836.5565101866
"1297","lambda[22]",2.2875253,1.0002463516531,5891.4808053003
"1298","lambda[23]",2.2290847,1.00278152182771,3950.03391949342
"1299","lambda[24]",1.95894865,1.00125830833305,2414.47657390702
"1300","lambda[25]",3.75960665,1.00094433586914,3447.80353995691
"1301","lambda[26]",2.603811,0.999841998395324,8415.69009369752
"1302","lambda[27]",2.44234465,1.00077785626229,5419.94960335772
"1303","lambda[28]",2.2755639,1.00015446698586,6118.48918798398
"1304","lambda[29]",2.99553085,1.00107143089431,11606.1414523618
"1305","lambda[30]",3.74572285,1.0018381201815,3220.77556810264
"1306","lambda[31]",1.8971893,1.00188267479744,2116.90305814274
"1307","lambda[32]",2.3491673,1.00132446749948,7343.37352397132
"1308","lambda[33]",1.8208536,1.00119126896635,2292.92522048261
"1309","lambda[34]",1.5024881,1.0013195435494,2410.77905184179
"1310","lambda[35]",1.95600295,1.00154801057458,2326.57719615265
"1311","lambda[36]",2.2802139,1.00287499645305,6131.12616513216
"1312","lambda[37]",2.0359763,1.0005034332168,2282.98470117187
"1313","lambda[38]",2.19680785,1.00096179662977,4992.03483334682
"1314","lambda[39]",2.49561705,0.999926826948563,8779.14105756107
"1315","lambda[40]",1.85597825,1.00118246582162,2558.9873821208
"1316","lambda[41]",1.9557352,1.00226178751512,2172.7638943736
"1317","lambda[42]",2.38876245,1.00035835189916,7010.08944957368
"1318","lambda[43]",2.1764697,1.0003829939148,5595.8272427696
"1319","lambda[44]",2.0519519,1.00105434098995,3676.68999676461
"1320","lambda[45]",2.00823405,1.00055210403212,2635.74127643081
"1321","lambda[46]",2.28752665,1.00117428289539,2845.98509227422
"1322","lambda[47]",2.1214214,1.00126905907425,3936.51292076804
"1323","lambda[48]",1.95510045,1.00117079676998,2440.29713011385
"1324","lambda[49]",2.07425745,1.00156830647392,2888.7180546061
"1325","lambda[50]",2.8594934,1.00020602576412,9400.32660677703
"1326","lambda[51]",3.7477886,1.00003833707171,4184.50152156487
"1327","lambda[52]",1.961493,1.00068241986624,4366.44761586823
"1328","lambda[53]",2.9107347,1.00024780195228,12590.5157070449
"1329","lambda[54]",1.98939715,1.00032028040409,6588.07433762796
"1330","lambda[55]",1.9816367,1.0010979507,2267.73932232709
"1331","lambda[56]",2.9927339,1.00137392873658,10792.898503575
"1332","lambda[57]",2.10511205,1.00177528149512,4310.29107735028
"1333","lambda[58]",4.0435302,1.00187961959142,2677.72001833541
"1334","lambda[59]",2.8199124,1.00078201564156,9328.19139787384
"1335","lambda[60]",2.3481753,1.00051069443595,8704.69709835509
"1336","lambda[61]",2.60716765,1.00063122318698,12281.6712630228
"1337","lambda[62]",3.39752925,1.00086081909643,5795.22996933893
"1338","lambda[63]",3.0558842,1.00072722122826,8240.60249542613
"1339","lambda[64]",3.0925439,1.00106943139087,8275.97166161001
"1340","lambda[65]",1.910714,1.00041387734804,2766.65885250537
"1341","lambda[66]",2.34346975,1.00057823323499,5343.01429379621
"1342","lambda[67]",3.72557065,1.00048590339488,3501.00999761062
"1343","lambda[68]",1.6737549,1.00110734451882,2730.67690896554
"1344","lambda[69]",3.20850205,1.00039806238725,7172.643739298
"1345","lambda[70]",2.87926955,1.00100058715805,9113.5503538191
"1346","lambda[71]",2.75635935,1.00012367585047,8834.0264728413
"1347","lambda[72]",2.390195,1.00055630163215,6878.36842202532
"1348","lambda[73]",2.8494417,1.00072969701671,13070.5102996709
"1349","lambda[74]",2.38868915,1.000160999353,6412.14338770645
"1350","lambda[75]",1.73416285,1.00062681602627,4702.07731071423
"1351","lambda[76]",1.81275575,1.00096620788709,2604.1040098483
"1352","lambda[77]",3.2804662,1.000417910129,9266.90232960519
"1353","lambda[78]",2.8563139,1.00436747640476,11432.1162131946
"1354","lambda[79]",1.85470595,1.00123346020845,2441.69526828295
"1355","lambda[80]",2.3819837,1.00065543729459,7051.89049301091
"1356","lambda[81]",2.54902005,1.00155983977382,11097.0155144537
"1357","lambda[82]",2.1722582,1.0014477267558,3872.5005795544
"1358","lambda[83]",3.3620303,1.00045421157911,8991.88804594613
"1359","lambda[84]",3.7133358,1.00090162209342,3823.30615816106
"1360","lambda[85]",3.46254055,1.00072591817526,5654.83008678056
"1361","lambda[86]",2.51264995,1.00084710782899,7298.65560268367
"1362","lambda[87]",2.6370055,1.00065237900888,12273.4677734498
"1363","lambda[88]",2.4606107,1.00105279015957,8272.19043001413
"1364","lambda[89]",2.10711765,1.0008626093884,4486.87890472569
"1365","lambda[90]",2.34794705,1.00049024144278,6766.76069096835
"1366","lambda[91]",2.5136175,1.00112819312404,9741.58903291836
"1367","lambda[92]",2.13532635,1.00174669872811,3450.25389237557
"1368","lambda[93]",2.22074865,1.00034570112144,3937.84236596805
"1369","lambda[94]",2.48735235,1.00018281612677,7435.44213851598
"1370","lambda[95]",1.82596755,1.00013632379159,5580.06280465034
"1371","lambda[96]",2.09147335,1.00081782600539,4537.21073312553
"1372","lambda[97]",2.49122285,1.00000045212132,9289.03977853062
"1373","lambda[98]",1.5391673,1.00094620412275,3980.57153861717
"1374","lambda[99]",1.99208155,1.00125321779187,2137.6973050353
"1375","lambda[100]",2.72325115,1.00060159879071,9660.17625032852
"1376","lambda[101]",2.06755445,1.00040377340236,6497.66312955277
"1377","lambda[102]",1.7506721,1.00174316175803,2134.06464140365
"1378","lambda[103]",1.7461839,1.00104386980877,3564.14488425379
"1379","lambda[104]",2.0597061,1.00067586084192,4979.83226985023
"1380","lambda[105]",2.61573015,1.00095617164987,10278.2452988104
"1381","lambda[106]",2.00871095,1.00161708657972,3028.07270443666
"1382","lambda[107]",3.3644191,1.00131456259833,6454.84761424982
"1383","lambda[108]",3.6026796,1.00041973205721,4101.22253108599
"1384","lambda[109]",2.8415458,1.00044585603528,8135.04352216462
"1385","lambda[110]",3.23244675,1.00030943798269,10388.9823710188
"1386","lambda[111]",2.07327875,1.00119615062021,3457.5022996528
"1387","lambda[112]",2.79646235,1.00193492483413,12222.5248075385
"1388","lambda[113]",2.25867085,1.0001100241936,10283.4651640193
"1389","lambda[114]",1.91928285,1.00055360153279,4962.99036372689
"1390","lambda[115]",2.1006153,1.00034093636201,4143.47567933357
"1391","lambda[116]",2.83387085,1.00107800073426,15567.003754042
"1392","lambda[117]",2.66040745,1.00119735929338,12067.8439539999
"1393","lambda[118]",2.2010347,1.00178051797851,4359.49968388589
"1394","lambda[119]",2.2422396,1.00041447990538,4927.50750326736
"1395","lambda[120]",3.52624475,1.00023124593549,5559.46434816429
"1396","lambda[121]",1.7637866,1.00264448629981,1747.7975631494
"1397","lambda[122]",2.089913,1.00158215617537,2689.82438734727
"1398","lambda[123]",2.0902294,1.00132423181175,3745.61744628943
"1399","lambda[124]",3.16950495,0.999963889848674,7786.07171159065
"1400","lambda[125]",2.1989399,1.00066691218862,4779.57805679611
"1401","lambda[126]",1.9141419,1.00043304582685,2320.73730174333
"1402","lambda[127]",2.1292493,1.00002865299436,8926.19073968929
"1403","lambda[128]",2.38263965,1.00176694146653,7089.4988405404
"1404","lambda[129]",2.15583695,1.00144677411658,5641.32066281524
"1405","lambda[130]",2.22668655,1.00124441735152,3564.89626184699
"1406","lambda[131]",2.2386726,1.00051023355465,4608.52707091891
"1407","lambda[132]",2.3870825,1.000347502018,9843.54687583762
"1408","lambda[133]",2.5560567,1.00089307201274,9560.08770195207
"1409","lambda[134]",2.4950731,1.00113394027494,8077.50270510046
"1410","lambda[135]",2.45221705,1.00107405494945,8197.8411807362
"1411","lambda[136]",3.493237,1.00070207097275,5780.4448501375
"1412","lambda[137]",3.12250435,1.00047853477469,10201.3957810538
"1413","lambda[138]",2.3043481,1.00294446248103,3304.19268004773
"1414","lambda[139]",1.74980585,1.00208702268335,2307.70837088315
"1415","lambda[140]",1.9844496,1.00055018969572,2487.655690834
"1416","lambda[141]",3.4621658,1.00009094359265,6086.71788690852
"1417","lambda[142]",2.8316655,1.00105073247755,13312.9756678907
"1418","lambda[143]",3.6689341,1.00122191690688,3781.02389077641
"1419","lambda[144]",2.5952881,1.00114256121546,9620.59489992386
"1420","lambda[145]",2.43834425,1.0013034453904,7236.67763157424
"1421","lambda[146]",3.14310135,1.00088433926247,7422.94099471789
"1422","lambda[147]",2.22723395,1.00081406692482,7000.40911809493
"1423","lambda[148]",2.67730285,1.00084103202144,12904.7862515355
"1424","lambda[149]",2.5019232,1.00076902091899,9563.04607299919
"1425","lambda[150]",1.96461515,1.00057465356916,4424.61059662018
"1426","lambda[151]",2.6312153,1.0018678486239,7306.23863611843
"1427","lambda[152]",2.54227495,1.00019729981717,10066.1783728428
"1428","lambda[153]",3.2380224,1.00023489051969,6143.49339912784
"1429","lambda[154]",2.50555695,1.00064701719771,7012.28533785642
"1430","lambda[155]",2.12342545,1.00139505390173,3659.64383998367
"1431","lambda[156]",2.28663865,1.00067844659296,5083.24361946678
"1432","lambda[157]",3.16696145,1.0001384053229,8474.99252356584
"1433","lambda[158]",2.0821614,1.00142255220658,3375.52403748591
"1434","lambda[159]",2.413769,1.00027018013598,7999.77435368892
"1435","lambda[160]",3.27159255,1.00008824260238,8886.95931199448
"1436","lambda[161]",2.7786977,1.00095940672604,13423.7141421615
"1437","lambda[162]",3.18555235,1.00010046486713,10173.7253001932
"1438","lambda[163]",2.55138945,1.00084490988702,11172.5286708181
"1439","lambda[164]",2.8377299,1.00145415023934,10233.7620916492
"1440","lambda[165]",2.42987225,1.00093591661317,7430.93311849067
"1441","lambda[166]",1.86717165,1.00105132519705,2527.43137398772
"1442","lambda[167]",2.51951295,1.00193103370508,8023.74804917945
"1443","lambda[168]",2.5805842,1.00232958716237,5754.99306573191
"1444","lambda[169]",3.4411995,1.00044128383432,5819.82009582949
"1445","lambda[170]",1.64457865,1.00220663289936,1756.96621468332
"1446","lambda[171]",2.5097732,1.0009901398262,7544.81180019441
"1447","lambda[172]",2.93212395,1.00088929679874,15484.1225118412
"1448","lambda[173]",1.9898425,1.00080522715384,1824.14694540078
"1449","lambda[174]",2.8748877,1.00034638725906,8705.03598065381
"1450","lambda[175]",1.9663073,1.00188363709824,2768.2105351483
"1451","lambda[176]",2.93357385,1.00034632264096,12935.1582757809
"1452","lambda[177]",2.4453504,1.00218613500089,9834.40542807848
"1453","lambda[178]",2.9036144,1.00121787753754,11282.5981107497
"1454","lambda[179]",3.83769645,1.00170276452628,2975.49158972021
"1455","lambda[180]",1.7539555,1.00095762955881,2237.07159878875
"1456","lambda[181]",2.7860095,1.00073556945303,11388.7278552421
"1457","log_lik[1]",-93.931096,1.00006480138235,5902.23550519854
"1458","log_lik[2]",-87.8396285,1.0010792584291,2824.01012119087
"1459","log_lik[3]",-102.718465,1.00007533110467,4845.70649312344
"1460","log_lik[4]",-73.780172,0.999982623382928,5937.85070785301
"1461","log_lik[5]",-82.097941,1.00011711624246,4846.9756007867
"1462","log_lik[6]",-89.5793765,1.00065500970591,4688.33452073427
"1463","log_lik[7]",-64.8086475,1.00081877639075,7089.75613004222
"1464","log_lik[8]",-96.915846,1.00039172739305,3421.2822160768
"1465","log_lik[9]",-76.7552545,1.00010152282489,4222.66440103356
"1466","log_lik[10]",-67.635589,1.00009954760718,5166.089527753
"1467","log_lik[11]",-79.070367,1.00020169714389,5933.57071429336
"1468","log_lik[12]",-72.927717,1.00049139053007,4235.19632417294
"1469","log_lik[13]",-68.5495955,1.00130765657561,4101.88634113665
"1470","log_lik[14]",-81.529344,1.00053469861432,3692.23912290165
"1471","log_lik[15]",-65.982772,1.00040803121667,5585.00524361775
"1472","log_lik[16]",-64.197926,1.00091950631665,4961.43527993716
"1473","log_lik[17]",-103.287245,1.00039690181808,5808.118359144
"1474","log_lik[18]",-102.7146,0.999943296350486,5894.25195322443
"1475","log_lik[19]",-96.884909,1.0002293479105,5108.20926060608
"1476","log_lik[20]",-101.908065,1.00017011820263,3294.98121790008
"1477","log_lik[21]",-94.330221,1.00104906242081,3420.7687774635
"1478","log_lik[22]",-101.5864,1.00001833238298,5815.18674448955
"1479","log_lik[23]",-102.101385,1.00108494360099,5405.03268178164
"1480","log_lik[24]",-101.27225,1.00023347750955,7491.91716691241
"1481","log_lik[25]",-41.9415165,1.00044995792633,5122.83700252785
"1482","log_lik[26]",-99.8659245,1.00040848699898,3479.58867946319
"1483","log_lik[27]",-102.72987,1.00064055435589,6092.20694917468
"1484","log_lik[28]",-92.302073,1.00102044028424,3135.87130990645
"1485","log_lik[29]",-89.7461945,1.00038564302939,3957.10652037878
"1486","log_lik[30]",-48.479854,1.00104010643243,3469.2030670787
"1487","log_lik[31]",-97.4136785,1.00152174741852,5215.2196325416
"1488","log_lik[32]",-85.12602,1.00012723819681,4160.5796183004
"1489","log_lik[33]",-103.041935,1.00028472548519,6925.71249577226
"1490","log_lik[34]",-1.0778238,1.00020366619044,6477.77928278931
"1491","log_lik[35]",-102.454295,1.00032333315469,6491.98635448573
"1492","log_lik[36]",-101.25559,1.00034910227469,5114.80770058345
"1493","log_lik[37]",-95.77644,1.00064161612526,5344.97948537498
"1494","log_lik[38]",-97.9698665,1.00083635494913,2863.89659732469
"1495","log_lik[39]",-86.453184,1.000433184264,4549.4805722895
"1496","log_lik[40]",-102.626045,1.00004648589864,6092.17849391185
"1497","log_lik[41]",-89.803431,1.0004090262919,6159.85380670269
"1498","log_lik[42]",-99.1204455,1.00140050228246,3650.30953473788
"1499","log_lik[43]",-98.6799355,1.00078771914715,3329.1569605582
"1500","log_lik[44]",-100.87968,0.99977231442845,8091.67124944951
"1501","log_lik[45]",-97.238836,1.00052956035471,7595.93541244307
"1502","log_lik[46]",-98.010325,1.00034949929108,5884.19259092893
"1503","log_lik[47]",-84.6780245,1.00016847963057,5829.43395334344
"1504","log_lik[48]",-95.5717015,1.00075211150484,7621.98653862625
"1505","log_lik[49]",-100.244935,0.999899271591188,7705.5970883153
"1506","log_lik[50]",-90.683318,1.00077720913948,3254.98255746119
"1507","log_lik[51]",-84.217867,1.00078645006239,3496.79357628066
"1508","log_lik[52]",-100.16469,1.00020858303627,3214.93350809111
"1509","log_lik[53]",-99.6866015,1.00010060881909,4119.82579142384
"1510","log_lik[54]",-98.2374955,1.00151572027675,3549.66263225366
"1511","log_lik[55]",-97.0042525,1.0003390798122,6601.87662259711
"1512","log_lik[56]",-87.2679715,1.0000458775687,3465.35143829012
"1513","log_lik[57]",-102.85335,1.00124846169981,5486.53138222342
"1514","log_lik[58]",-52.7669505,1.00210408544543,2381.21695050255
"1515","log_lik[59]",-88.463175,0.999936199511197,4652.28628655154
"1516","log_lik[60]",-99.698112,1.00077005031649,4042.09507741103
"1517","log_lik[61]",-65.0206305,0.999911841201227,4205.22901069067
"1518","log_lik[62]",-93.1063995,1.00035826346994,3555.26055192739
"1519","log_lik[63]",-83.3277245,1.00090863825246,2801.94905828106
"1520","log_lik[64]",-91.424503,1.00140878202012,2038.10605194547
"1521","log_lik[65]",-76.7803855,1.0001296850314,7517.42648802465
"1522","log_lik[66]",-101.25952,0.999974422406748,4120.18006504156
"1523","log_lik[67]",-83.9074565,1.00083664981333,3682.72302772343
"1524","log_lik[68]",-33.408119,1.00035817647913,4840.24724369606
"1525","log_lik[69]",-92.2319655,0.999850746286759,4716.96172880673
"1526","log_lik[70]",-64.232327,1.00016040578028,3560.47796313261
"1527","log_lik[71]",-82.366849,1.00030669611622,5327.80045555943
"1528","log_lik[72]",-76.9567835,1.001623952589,3259.66156645504
"1529","log_lik[73]",-101.214805,0.999925561109781,3660.09543419912
"1530","log_lik[74]",-79.898142,1.00056286467959,4277.36896984083
"1531","log_lik[75]",-92.099474,1.00081471264732,3065.293602756
"1532","log_lik[76]",-69.751474,1.00074899648494,7436.80928446464
"1533","log_lik[77]",-98.292995,1.00222526340051,1802.83430317225
"1534","log_lik[78]",-98.5984245,1.00370330679649,1656.17045569822
"1535","log_lik[79]",-99.9017835,1.00050109000112,8429.17277669216
"1536","log_lik[80]",-102.608985,1.00020082665384,3595.67322655167
"1537","log_lik[81]",-78.6628015,1.00057153859716,4992.40840936628
"1538","log_lik[82]",-59.1431975,1.00080318291838,6431.22802152864
"1539","log_lik[83]",-84.44066,1.00036066350954,4287.67154879914
"1540","log_lik[84]",-89.810792,1.00201079388718,2945.35391591144
"1541","log_lik[85]",-93.768947,1.00151377465361,3175.91681413892
"1542","log_lik[86]",-97.885899,1.00037153950375,4834.04825156887
"1543","log_lik[87]",-88.5162575,1.0002927521044,4501.52984462661
"1544","log_lik[88]",-65.440502,1.00111329127396,3572.90644161593
"1545","log_lik[89]",-101.060285,1.00022813420368,3902.36138631598
"1546","log_lik[90]",-100.682185,1.00081192833861,2934.83380498658
"1547","log_lik[91]",-84.754671,1.00078929201622,5256.05618846049
"1548","log_lik[92]",-103.27029,1.000444041402,6564.44978694426
"1549","log_lik[93]",-100.67412,1.00034137465061,5608.00589641415
"1550","log_lik[94]",-57.501118,1.00238743006096,3485.32547719286
"1551","log_lik[95]",-72.941676,1.00019524843589,3821.2299803377
"1552","log_lik[96]",-88.532176,1.00040933869931,3723.70780524014
"1553","log_lik[97]",-96.9648835,1.00045217189235,3685.33686575192
"1554","log_lik[98]",-78.287645,1.0013196216174,3905.11063579992
"1555","log_lik[99]",-81.943516,1.00018383118815,9413.40785076906
"1556","log_lik[100]",-64.7528905,1.00049112566989,3695.08423426175
"1557","log_lik[101]",-88.7744555,1.00027713970253,3559.48294698595
"1558","log_lik[102]",-86.0465955,0.999690805175534,7033.89095513892
"1559","log_lik[103]",-0.80925766,1.00063719432001,6805.78880099936
"1560","log_lik[104]",-101.54017,1.00038202291937,2921.69596209964
"1561","log_lik[105]",-98.2455625,0.999915892866708,3703.09278538825
"1562","log_lik[106]",-99.81735,1.00043847553879,7526.09935938214
"1563","log_lik[107]",-90.5724305,1.00257238452626,2789.94324302112
"1564","log_lik[108]",-73.4329535,1.00083194094229,4880.99686900368
"1565","log_lik[109]",-60.559105,1.00072085086791,2543.09664634785
"1566","log_lik[110]",-98.43262,1.00044704077443,3759.0996046001
"1567","log_lik[111]",-64.616047,0.999918423542348,6930.72708654789
"1568","log_lik[112]",-59.868298,1.00013591529892,4693.55613205413
"1569","log_lik[113]",-97.272782,1.00007360095806,4509.42100063121
"1570","log_lik[114]",-91.202247,1.00099041475101,3249.77297927201
"1571","log_lik[115]",-102.07116,1.00035949586858,3243.5914089568
"1572","log_lik[116]",-83.077922,1.0005112384277,4833.54132671705
"1573","log_lik[117]",-99.945384,1.00032169600446,3408.75801580988
"1574","log_lik[118]",-98.2401295,1.00099551248369,7326.65877128102
"1575","log_lik[119]",-100.17875,1.00018737516345,4247.90014200053
"1576","log_lik[120]",-94.2174915,1.00158420495712,3790.64401118534
"1577","log_lik[121]",-101.0978,1.00023663704006,5293.18552509597
"1578","log_lik[122]",-80.780725,1.00001143071591,6949.43076956156
"1579","log_lik[123]",-85.1627975,1.00176455588542,4768.82188086666
"1580","log_lik[124]",-89.556654,1.00068917234574,4596.12346930749
"1581","log_lik[125]",-56.4144245,1.00046129395316,3912.16190469666
"1582","log_lik[126]",-93.471851,1.00049491748111,9132.03491162752
"1583","log_lik[127]",-54.8932,0.999852276751018,5650.30128441852
"1584","log_lik[128]",-59.047592,0.999984662132136,6009.61530320264
"1585","log_lik[129]",-93.1645455,1.0005773293466,3693.91824526851
"1586","log_lik[130]",-89.455546,1.00033007359173,5885.70740143204
"1587","log_lik[131]",-82.5993055,1.00089481441062,6558.97242100328
"1588","log_lik[132]",-64.5018745,1.00154375019879,2961.61608963156
"1589","log_lik[133]",-79.7343655,1.00165200866781,4269.28960443963
"1590","log_lik[134]",-101.605385,1.00037374958015,4717.60392843505
"1591","log_lik[135]",-101.283025,1.00218314944035,3747.39381752505
"1592","log_lik[136]",-91.857558,1.00242806153071,2760.42929477088
"1593","log_lik[137]",-66.111557,1.00000058905111,3927.3029665253
"1594","log_lik[138]",-101.73533,1.00030335241834,4961.13769389407
"1595","log_lik[139]",-102.76794,1.0005474621665,6268.91505576279
"1596","log_lik[140]",-100.354785,1.00056463216577,4957.94891263305
"1597","log_lik[141]",-93.8748955,1.00227814126766,3707.59213309723
"1598","log_lik[142]",-88.2407475,1.00053680917543,3121.51330056227
"1599","log_lik[143]",-81.7178755,1.00197438909932,4217.14433539764
"1600","log_lik[144]",-78.9698225,1.00050622160301,3788.53153143323
"1601","log_lik[145]",-93.789739,1.00163883101796,5303.18244675521
"1602","log_lik[146]",-69.3382585,1.00109612733747,4483.20124260051
"1603","log_lik[147]",-90.15861,1.00059344092126,3333.1980516303
"1604","log_lik[148]",-80.2782295,1.00011623696294,3130.4064201049
"1605","log_lik[149]",-85.273735,1.00071952180302,4318.04655176462
"1606","log_lik[150]",-101.7068,1.00014408744284,3535.12647437999
"1607","log_lik[151]",-79.778488,1.00076825049676,3390.66150222737
"1608","log_lik[152]",-95.550567,1.00247805160911,2393.70890757851
"1609","log_lik[153]",-96.5300705,1.00099242043494,2389.16401177736
"1610","log_lik[154]",-86.5251135,1.00048256977051,4990.01393089467
"1611","log_lik[155]",-101.196015,0.9998991844775,4631.13388918771
"1612","log_lik[156]",-77.720163,1.00016371903083,5316.58172195766
"1613","log_lik[157]",-94.929367,1.00144676447244,4047.12426078218
"1614","log_lik[158]",-61.156889,1.00050840229045,6604.47220272563
"1615","log_lik[159]",-85.059734,1.00009007780994,4974.36100384504
"1616","log_lik[160]",-60.032411,1.0000520114224,4090.37252592279
"1617","log_lik[161]",-92.7139045,1.00128443695163,3070.29895050589
"1618","log_lik[162]",-83.922857,1.00017231026059,3913.0209625094
"1619","log_lik[163]",-100.580885,1.00077040171977,3864.1391638017
"1620","log_lik[164]",-101.946845,1.0010601930197,3678.7081445019
"1621","log_lik[165]",-101.426545,1.00111147260091,3211.99291351798
"1622","log_lik[166]",-101.560215,1.0006634862745,6709.83094308582
"1623","log_lik[167]",-100.134525,1.0009454475936,4219.98115804313
"1624","log_lik[168]",-95.838538,1.00006314060021,5816.8108931291
"1625","log_lik[169]",-87.327406,1.00075790767071,3952.1836359888
"1626","log_lik[170]",-73.794825,1.00026029006853,5704.55156936595
"1627","log_lik[171]",-59.5471435,1.00142714349308,4670.73386037094
"1628","log_lik[172]",-69.330449,0.999800343995667,4154.63200917151
"1629","log_lik[173]",-103.45911,1.00014884478821,6720.17956401335
"1630","log_lik[174]",-93.616736,1.00057849629,4049.90572289695
"1631","log_lik[175]",-94.020215,0.999867281097759,7130.06102065808
"1632","log_lik[176]",-79.2735515,1.00065423618946,3657.71975513327
"1633","log_lik[177]",-100.601235,1.00084108035987,3019.79661474361
"1634","log_lik[178]",-98.8331235,1.00007704818268,3507.0113543679
"1635","log_lik[179]",-66.4383905,1.00054448509018,5894.50868396679
"1636","log_lik[180]",-102.940285,1.00011197814942,6509.71540655068
"1637","log_lik[181]",-101.03701,1.00038200521863,3748.41310015796
