"","variable","mean","median","sd","mad","q5","q95","rhat","ess_bulk","ess_tail"
"1","lp__",-16164.22165875,-16164.2535,27.8562954968423,27.8676908999979,-16210.31805,-16118.62285,1.00310709048772,1294.19460556175,3001.06904219896
"2","mu_pr[1]",-1.07750019837927,-1.09814055,0.245185631998057,0.242106719337,-1.43767975,-0.641354528500001,1.00794309735987,548.240196115588,1145.14845456261
"3","mu_pr[2]",-2.517584996775,-2.4665415,0.451177211908192,0.43706128788,-3.329194555,-1.878947135,1.00298888970813,1176.61768396923,4305.33709521627
"4","mu_pr[3]",-1.40998537794875,-1.3983662,0.192962062279804,0.19591232073,-1.74870811,-1.114671685,1.00899362316548,571.098881715909,1015.0061718231
"5","mu_pr[4]",-0.0926831329907421,-0.0913794275,0.0548548730992594,0.0558323253075,-0.1855166055,-0.00340793122500001,1.00235063334982,1349.12642049876,2329.78434773229
"6","mu_pr[5]",0.0258743096915013,0.027962169,0.115718339721179,0.1088696916426,-0.164841178,0.2088187895,1.00187911342436,1680.87956715004,1800.49033891614
"7","sigma[1]",0.654191176235,0.66054058,0.123330727243349,0.117123457794,0.4411817355,0.8458703035,1.00358733144795,694.875233422158,1111.15579581968
"8","sigma[2]",0.22314761031851,0.184687285,0.17336289770845,0.1648716538182,0.01799849975,0.5645348515,1.00167060847877,4004.29080670002,4911.46468308683
"9","sigma[3]",0.441977725801911,0.446429225,0.16216652586271,0.16033444266,0.1607007295,0.699071549,1.00642471213437,548.128300501696,962.336228914987
"10","sigma[4]",0.544703679525,0.54358249,0.0402607181131524,0.04045066536,0.4814365,0.6129342305,1.00185869451584,1572.79688735112,3121.25903291404
"11","sigma[5]",0.4579963410243,0.444411115,0.15669794953453,0.148129872198,0.227139484,0.741507752,1.00361667865767,741.836948319272,1474.00051884912
"12","tau_pr[1]",0.379062018488806,0.35297288,0.641246672851793,0.5721861820605,-0.6290369305,1.45435007,1.00137107786518,6345.50177056705,4778.52857077171
"13","tau_pr[2]",0.146209496052273,0.135464115,0.730070725324126,0.662889778278,-1.007328425,1.34406395,1.00007288884396,7122.05035837764,4773.82548485236
"14","tau_pr[3]",-0.238817638751115,-0.21969657,0.87314162013869,0.835630210023,-1.718338365,1.182592685,1.00081316622869,10095.4523798194,5954.09752018758
"15","tau_pr[4]",0.990078314414781,0.97723778,0.556139925135282,0.520202389833,0.1106631705,1.90848284,1.0030178613741,1689.12170544402,2403.92871916564
"16","tau_pr[5]",1.36567826663311,1.35911185,0.652944607313453,0.627327771441,0.314590967,2.481472165,1.00148832037211,3353.59167385734,3818.68282196993
"17","tau_pr[6]",0.515359322370068,0.489501435,0.583239428347585,0.521902568796,-0.395678867,1.51589424,1.00232497988395,4163.53219846388,2902.60015084893
"18","tau_pr[7]",-0.253888246612447,-0.25600586,0.860196664186467,0.816388189554,-1.669798685,1.151108165,1.00053690941299,7687.5944117384,5778.4347476577
"19","tau_pr[8]",0.334070629768008,0.3311386,0.702176870266699,0.646509405612,-0.8042042335,1.477464515,1.00049001604532,7122.1781375776,5669.95519169354
"20","tau_pr[9]",0.0513892248120171,0.067503062,0.829746024531331,0.778682380182,-1.35328589,1.391765365,1.0003571503372,8206.11367676632,5701.41018179449
"21","tau_pr[10]",0.0324681222285087,0.0648083695,0.857095815505922,0.8212058159697,-1.4225029,1.39018988,1.00001749064015,8324.26060598972,6587.85380225624
"22","tau_pr[11]",-0.26350863129201,-0.254400315,0.838028601726379,0.785177354262,-1.638546215,1.087107705,1.00029665425771,8663.4154073406,5186.22968693867
"23","tau_pr[12]",0.073168007231472,0.0858686115,0.89258166578582,0.8609137936161,-1.41351371,1.531270765,1.00052203366098,10016.7803793203,6112.21360320894
"24","tau_pr[13]",0.0311194682014166,0.033637894,0.785411483145738,0.729055095405,-1.282114435,1.300624405,1.00116532114392,7181.74319628548,5676.27285156586
"25","tau_pr[14]",0.13945474865347,0.1626413,0.811393030451312,0.74565298773,-1.221538485,1.4209538,1.0008960561088,7752.67526213906,5260.44739009223
"26","tau_pr[15]",-0.588061903504935,-0.578350235,0.85297353411611,0.8143649275881,-1.989935905,0.8064438795,1.0016404147674,10090.0104735619,5536.29036667176
"27","tau_pr[16]",0.045771339178305,0.058070923,0.979516061485733,0.9956684633028,-1.597599085,1.60611164,1.00001357163715,7977.94606325074,6132.37413179414
"28","tau_pr[17]",-0.72861813201255,-0.75095458,0.875830299224038,0.836634997695,-2.13399859,0.778183316,1.00088923886015,7960.79621674699,5106.21715195757
"29","tau_pr[18]",-0.662926703402564,-0.686387055,0.852725364082137,0.796614182553,-2.041779385,0.7891744445,1.00033560628926,7226.95020243749,5485.8439218918
"30","tau_pr[19]",-0.445186573238499,-0.450635995,0.831682489711218,0.7814145695769,-1.834337305,0.920407570499998,1.00003429346511,8228.60998173062,4995.47579148335
"31","tau_pr[20]",-0.241709315531922,-0.24489267,0.829402910068799,0.788836855842,-1.58767238,1.14388254,1.00012894073523,7050.92131394781,5191.37792190854
"32","tau_pr[21]",0.173914346600135,0.15308263,0.642137987214192,0.583620560355,-0.8501216075,1.248507165,1.00122047606105,2546.77769019037,2581.1589760744
"33","tau_pr[22]",-0.478929279224567,-0.473694935,0.84677792696183,0.8172402019677,-1.86076239,0.917250470999999,1.00072347015065,8430.54108903388,5747.80160540049
"34","tau_pr[23]",-0.488461694625164,-0.48188034,0.822291560303858,0.784443823086,-1.83219542,0.845097659499999,1.00071932543091,9119.43612308127,5411.31599415584
"35","tau_pr[24]",-0.800256352934637,-0.83658336,0.857593877055488,0.804683284944,-2.16920089,0.64847816,1.00081527441725,7186.49379185445,5319.60568973212
"36","tau_pr[25]",0.394818326325898,0.370389575,0.609839618089322,0.54048188567163,-0.56499051,1.430543375,1.00092251761394,2689.47740536332,2145.80955778199
"37","tau_pr[26]",-0.38824750002957,-0.374071175,0.858782082989248,0.830540347854,-1.810337405,1.00034571,1.0004055444257,8488.10713706146,5786.47061709932
"38","tau_pr[27]",-0.753874149649838,-0.768949365,0.844315934247618,0.798912805593,-2.100370175,0.657550632,1.00014286426827,6496.87771531175,4166.11040607604
"39","tau_pr[28]",0.377971110373516,0.349852355,0.624280599565677,0.5658135736302,-0.6028205215,1.43893688,1.00124938615692,4401.58832128428,3506.88749183627
"40","tau_pr[29]",-0.12094629127121,-0.13293426,0.764138586234955,0.683551314117,-1.36488012,1.15309573,1.00167936765519,7967.56868440282,6074.83697929184
"41","tau_pr[30]",0.583823524403095,0.569210735,0.539294294777173,0.482493385458,-0.266528537,1.48906309,1.00138754169338,3649.89165267982,2532.23115941386
"42","tau_pr[31]",-0.900704050134016,-0.927891665,0.866128316547431,0.808879398768,-2.271042065,0.5577858285,1.00043690891526,6377.73544454684,4828.3004049836
"43","tau_pr[32]",0.00182460220108431,0.0162890425,0.876356040194445,0.821472788493,-1.47820349,1.43405259,0.999848711581368,9280.87066966841,5865.93960730958
"44","tau_pr[33]",-0.76540791537155,-0.78639907,0.900685304982977,0.889747244967,-2.228688515,0.745206682,1.00049772382506,6886.06927753476,5616.37019759014
"45","tau_pr[34]",1.72738937839488,1.75450585,0.752546832405637,0.70242244737,0.4723827345,2.91706862,1.00006545305185,4711.67320509683,3640.37592207384
"46","tau_pr[35]",-1.03968048501247,-1.06272245,0.814090780150774,0.774252823575,-2.327172895,0.327460169499999,1.002067997201,5745.82135491938,4122.06101831193
"47","tau_pr[36]",-0.433364312171056,-0.441450935,0.865941772769571,0.828180923388,-1.855730215,1.016149845,1.00033092621209,8071.9038854684,4950.48013861222
"48","tau_pr[37]",-0.570261879182072,-0.58169713,0.835482342391337,0.772555016772,-1.94059869,0.830319350999999,1.00059589811763,6601.54109762627,5470.9850844295
"49","tau_pr[38]",-0.033092352238005,-0.00096097471,0.862767168026472,0.813364286007,-1.52584356,1.31525709,1.00012947793868,7888.1849562159,6032.15660219637
"50","tau_pr[39]",1.04800594166804,1.05153335,0.635589635590377,0.601126715679,0.0169014785,2.09471042,0.999922171406353,5109.98582858074,3098.84746142296
"51","tau_pr[40]",-0.712257719577967,-0.737299325,0.84873979265046,0.826309444821,-2.093879235,0.710692822,1.00091510175213,7111.27823643643,6168.18956593896
"52","tau_pr[41]",-0.516059165547587,-0.516226995,0.841184733107473,0.7990160182746,-1.90406388,0.8857554685,1.00054905366477,7238.44832495911,4845.04817203172
"53","tau_pr[42]",-0.222527324295499,-0.202454145,0.793601783959285,0.721703845695,-1.538562365,1.068083225,1.00061353316272,8675.25174075484,5407.68026755288
"54","tau_pr[43]",-0.0556796945296,-0.058824387,0.746039557006588,0.6840642907518,-1.26905222,1.153144945,0.999962837866316,8421.39560894536,5836.42931529008
"55","tau_pr[44]",-0.913494441808398,-0.93926205,0.830678913581593,0.78340168872,-2.233914595,0.520072095499999,1.00102232432488,5133.53229809338,4526.7855111519
"56","tau_pr[45]",-0.689498007911024,-0.7074545,0.869681152682076,0.814422232302,-2.072109235,0.7807752105,1.00051386056004,4208.86661456503,4633.37127550864
"57","tau_pr[46]",-0.897921103669782,-0.91788275,0.830038099335346,0.781500661935,-2.239162845,0.474129479,1.00061998116307,5342.47403593814,4947.49048130105
"58","tau_pr[47]",-0.447465201764677,-0.4509656,0.784653615743286,0.7166852721231,-1.726296835,0.834850374999998,1.00082737990301,7729.93803477417,5612.33783420526
"59","tau_pr[48]",-0.775740113818058,-0.799891465,0.849789593434411,0.83217011073,-2.11902393,0.6751467125,1.00037791827617,5258.25852794646,5030.00419271276
"60","tau_pr[49]",-0.809149329378426,-0.839913405,0.833880391173097,0.770930420757,-2.12505601,0.601363472999999,1.00105944052473,6016.65489582249,3731.31801635138
"61","tau_pr[50]",0.557634788541104,0.543650655,0.722117214982671,0.6833132100396,-0.6262727455,1.7392883,1.00012697428501,5225.95979422771,4598.94773383434
"62","tau_pr[51]",1.02301820498558,0.993205705,0.589665357477206,0.549193224363,0.0962310483500001,2.049172965,1.00191497578641,6060.68158306886,3738.13377443264
"63","tau_pr[52]",-0.295601040920743,-0.296564935,0.852135962947672,0.81965229654,-1.6899068,1.11022509,1.00060256895925,7682.65233812005,5913.72982470617
"64","tau_pr[53]",-0.0120395227875137,-0.00640995535,0.745601050938617,0.67459930808109,-1.22587686,1.19245118,1.00034418939065,8393.61806917533,5581.0239814125
"65","tau_pr[54]",0.648996903622817,0.648895365,0.765978952603168,0.737803606659,-0.601730963,1.890948255,1.00143889411624,6498.61335613319,5040.07762860591
"66","tau_pr[55]",-0.818611336999797,-0.820585225,0.834105913237761,0.769972142247,-2.174078555,0.582735596499999,1.00037626858945,6087.03998432758,4344.15821961879
"67","tau_pr[56]",0.274350240280409,0.284058005,0.764310402972643,0.70323750672,-0.9852879455,1.532378765,1.00093898342286,7271.54217401157,5585.73330098371
"68","tau_pr[57]",-0.691425456455771,-0.70283751,0.828309925796057,0.761728730574,-2.04672806,0.694883983,1.00016959457231,8108.99877325531,4276.42183489082
"69","tau_pr[58]",0.818074485754471,0.7960764,0.603136532077522,0.557198626845,-0.124337113,1.861661575,1.00153717932515,5658.27537697404,3043.46809361518
"70","tau_pr[59]",0.760812253358369,0.744637355,0.61970963925417,0.578936167047,-0.2139311205,1.798556975,1.000786030755,3830.71074082889,3103.14788997022
"71","tau_pr[60]",-0.154192889079323,-0.12951364,0.85994122034925,0.82779762681,-1.605670495,1.21311727,1.00038897171625,8614.32053053906,5827.79296672568
"72","tau_pr[61]",0.381739842210195,0.40629658,0.883885359648048,0.847569565584,-1.09935517,1.80322475,1.00018961680877,8400.93716375092,6389.63653321817
"73","tau_pr[62]",0.547237762613073,0.53131103,0.713700556620682,0.667413265008,-0.5905848335,1.7552756,1.00090037739622,5438.78253979343,4910.32907192783
"74","tau_pr[63]",0.403203435577433,0.39309502,0.648603250530642,0.5998102602828,-0.645121147,1.46805152,1.0016658311944,2683.39047693098,2945.34142248591
"75","tau_pr[64]",0.117392368441826,0.118112635,0.576222859222472,0.521554943574,-0.801961031,1.06399318,1.00240467449449,2571.08060697121,3246.51569788041
"76","tau_pr[65]",-0.475386179297383,-0.50402882,0.899847538940451,0.8832220058319,-1.91894123,1.05120795,1.00089141608881,7545.80649216324,5332.05485786567
"77","tau_pr[66]",-0.353573744264516,-0.35776991,0.861864638905852,0.823069259586,-1.789810115,1.044035165,1.00031303996412,7570.74025753561,5787.76282867772
"78","tau_pr[67]",0.2660741084696,0.24605124,0.58425898994451,0.5098060539285,-0.657715713,1.24730553,1.00090780508859,3973.73719205197,2782.17569956213
"79","tau_pr[68]",0.533588513438514,0.5375837,0.763308203265323,0.7102730775315,-0.7348369415,1.791771575,1.00124540251424,5652.28426125326,5148.74381229805
"80","tau_pr[69]",0.736321666330904,0.72146868,0.628826541113418,0.591679699674,-0.268503928,1.78991927,1.00139169664636,3707.03150831456,3867.090605926
"81","tau_pr[70]",0.399481733059588,0.402594885,0.551251742114529,0.5000083881975,-0.4815609575,1.293888675,1.00217795083901,1916.97229565023,2680.31573626067
"82","tau_pr[71]",0.856327085171903,0.847522395,0.535269641185751,0.486405270036,-0.00382718342999996,1.73245634,1.00136231678193,2711.94283461082,2677.07914220591
"83","tau_pr[72]",0.0403851997194455,0.053620645,0.776811369663642,0.704939034849,-1.249214685,1.306706565,1.00177734231762,8775.7347798754,5335.93636566393
"84","tau_pr[73]",-0.0891751733325137,-0.078976673,0.783510630908848,0.7150113033042,-1.429804395,1.16942323,1.00068702137532,7319.26532464446,5211.35768415711
"85","tau_pr[74]",-0.298552365419893,-0.30868813,0.777747197411082,0.704371532634,-1.562537525,1.00462011,1.00122303727522,7914.6453998161,4967.18211956013
"86","tau_pr[75]",0.764354345839264,0.782612235,0.745882777547278,0.731907128547,-0.4716488925,1.93977138,1.00173631600589,3614.82396143252,4707.59680994034
"87","tau_pr[76]",-0.389164863350924,-0.380938,0.90016349349036,0.87588612846,-1.8713729,1.11198678,1.0012413034963,6596.3446929888,5724.20043319226
"88","tau_pr[77]",-0.236065633326779,-0.219896595,0.582022675886609,0.529218206454,-1.20940542,0.683101063499999,1.00272010869568,1785.45899904736,2371.11922891169
"89","tau_pr[78]",-0.478299240758217,-0.46442106,0.597579311172047,0.525419570277,-1.44444624,0.415798798999999,1.00160169582762,2872.87109270181,4025.26057432598
"90","tau_pr[79]",-0.80555315892764,-0.817457145,0.85163242190772,0.806036179683,-2.196148495,0.610044466999999,1.0004090576947,5035.81229065594,5463.61959873007
"91","tau_pr[80]",-0.281764640626084,-0.2760381,0.858305086028534,0.82519151253,-1.698328565,1.137755555,1.00087347317501,8189.17866116134,5363.08752427278
"92","tau_pr[81]",-0.775243044067101,-0.81207637,0.863481147600195,0.801170368026,-2.139371235,0.710693931499999,1.00060467341589,4682.23580221203,4778.33370178378
"93","tau_pr[82]",-0.0420619789195176,-0.0433750505,0.807639123966929,0.757841479395,-1.35552693,1.28902026,1.00038807373912,8530.44691016282,6044.26516477165
"94","tau_pr[83]",0.378578111310613,0.41117341,0.784947035097702,0.718120483038,-0.965368148,1.60353788,1.00043509363846,5804.14971857964,5172.1445987397
"95","tau_pr[84]",0.389355002592048,0.364317165,0.621771976316324,0.561491317233,-0.581941369,1.461468715,1.00174461387237,6435.87516678242,4520.31400420247
"96","tau_pr[85]",0.392371141651491,0.37131228,0.637818252483882,0.5805842281722,-0.600513119,1.49230821,1.00134304421162,6089.50040624217,3176.30531432166
"97","tau_pr[86]",-0.42209244476589,-0.413565065,0.818367901668687,0.762058779573,-1.79462279,0.908090717,1.00006261767792,7053.55154259837,4154.86429794406
"98","tau_pr[87]",-0.288208453172037,-0.287514845,0.847894455818765,0.78693791211,-1.67803356,1.113413495,1.00046364656861,8921.08431504123,3991.07388962276
"99","tau_pr[88]",0.250155186996789,0.26159664,0.813661611218267,0.730959539583,-1.12797289,1.594245935,1.00125683198429,7464.47586582295,5525.80846993659
"100","tau_pr[89]",-0.345607754068604,-0.33604924,0.89296170394791,0.868155696387,-1.81766565,1.11654858,1.0005090737251,9193.66350737689,5213.04770100597
"101","tau_pr[90]",-0.00207923285393238,0.0234519475,0.843656978675821,0.807003620661,-1.422170275,1.332319055,1.00064375225906,7993.72385882201,5971.38404307616
"102","tau_pr[91]",-0.734045321133317,-0.758807365,0.835790772515999,0.802535583171,-2.070368705,0.688945667499999,1.00027630486245,5756.04270247018,5163.19361162872
"103","tau_pr[92]",-0.798307752349412,-0.818758945,0.841349022106771,0.806732208492,-2.15160077,0.6183545575,1.00122733415689,4803.21714094616,3611.50327622787
"104","tau_pr[93]",-0.574468692846533,-0.567317725,0.82271567711255,0.771077628111,-1.927767745,0.775886801999999,1.00051689105363,8086.5462771464,4882.81600805375
"105","tau_pr[94]",0.769029806903754,0.762644505,0.702636752200536,0.668478876345,-0.374241547,1.93508722,1.00108656738146,6168.20249565103,4841.29599462492
"106","tau_pr[95]",2.12173414458338,2.11250495,0.631067674465463,0.63498364356,1.109073475,3.163426485,1.00108846647708,3602.84129914621,4432.6942535866
"107","tau_pr[96]",-0.0336309954206112,-0.0167965115,0.95029343070089,0.9349363614549,-1.63547357,1.51177966,1.00045770352423,8151.45434223923,5271.71690741291
"108","tau_pr[97]",0.0757141068657898,0.06895149,0.654417211840411,0.598228492134,-0.985586539,1.137118555,1.00098051310097,5372.81508352412,4943.12278155771
"109","tau_pr[98]",1.97930184980784,1.9623092,0.654718842974211,0.6341806674,0.9435462475,3.08002016,1.00126735147518,3400.3771473288,3461.5236228177
"110","tau_pr[99]",-0.698229420295305,-0.71484875,0.906805566944592,0.870356912607,-2.14651384,0.825954476999999,1.00081374240588,5883.82552453665,5167.86432699246
"111","tau_pr[100]",0.254115851519522,0.26543433,0.708217691207103,0.644580713511,-0.9187658705,1.40512339,1.00073442913057,8238.64106249911,5228.90284797007
"112","tau_pr[101]",0.615150045928252,0.64691167,0.841163659308331,0.798894777177,-0.8159441705,1.918909145,1.00117367910878,6777.34864200233,6167.65334903702
"113","tau_pr[102]",-0.512377228337435,-0.528609235,0.882595786710424,0.8201915567076,-1.930118035,1.00716489,1.00159694172903,6895.53687911096,5750.01145080322
"114","tau_pr[103]",1.6552220584362,1.64144215,0.678651221364271,0.65114665224,0.5800483985,2.79069471,1.00077270084094,3496.9199743636,4885.50873291429
"115","tau_pr[104]",-0.160070751009814,-0.149675865,0.883220095327636,0.869386728819,-1.62817,1.255975195,1.00006913076635,9762.51223821265,6220.12627129907
"116","tau_pr[105]",0.47076445657208,0.47393032,0.714460959999907,0.6563325839238,-0.7145887565,1.646048845,1.00073613360109,8192.30752310759,5045.14493222248
"117","tau_pr[106]",-0.978316464432962,-1.016918,0.856902819079103,0.796600816914,-2.298996785,0.469183396,1.00212576730663,4110.57951387505,3511.52946042257
"118","tau_pr[107]",0.208359518713168,0.194266145,0.704733019441654,0.65877003318,-0.934038168,1.4004288,1.00022858134129,6878.55847365988,5442.28731567223
"119","tau_pr[108]",0.775191286745876,0.749612935,0.578945510166558,0.533804814879,-0.1369292955,1.732898445,1.0006225400046,3761.1738248131,2978.58991166236
"120","tau_pr[109]",1.0622556335479,1.05637125,0.674854270427936,0.63828784005,-0.0184836734,2.17576102,1.00094170084212,3429.64735844569,4241.5143223823
"121","tau_pr[110]",0.00797099193271105,0.00564263685,0.765286241057936,0.69912370410519,-1.264434175,1.265681105,1.00159401935499,9012.08488915482,5037.56654502115
"122","tau_pr[111]",-0.338971771782738,-0.347269965,0.902313490452022,0.875026316829,-1.831826165,1.14438639,1.00054764694836,7244.76484658059,5249.29420465179
"123","tau_pr[112]",0.243582409695014,0.276402405,0.919269924878223,0.896207326056,-1.346912015,1.69199331,1.00002007888983,10820.0638648955,5403.5270717781
"124","tau_pr[113]",1.19082400603401,1.18712395,0.726124953521916,0.685873703235,-0.00249541072499988,2.366059045,0.999936478407457,4922.1760847819,4173.53858104459
"125","tau_pr[114]",-0.0188146243801738,0.00126273175,0.840840256045745,0.814794001665,-1.42256876,1.30499052,1.00069549972323,7414.41179267066,5819.3280631464
"126","tau_pr[115]",-0.162597930785882,-0.13644272,0.820053909605143,0.76659708489,-1.55975777,1.14626029,1.00035003041997,9450.05632420772,5650.66861179962
"127","tau_pr[116]",-0.0845006173161888,-0.09231995,0.808601239195031,0.751453378536,-1.39244841,1.23040769,1.00018803182748,9749.17316985749,6022.02471234429
"128","tau_pr[117]",-0.0855835227831,-0.082697259,0.774363429823216,0.693932835141,-1.376972815,1.19801583,1.00037464262765,8731.3635563169,6056.91354178065
"129","tau_pr[118]",-0.602698174081894,-0.61255398,0.856990714902681,0.817600793268,-1.984242,0.8346630695,1.00034598884472,5962.32244605885,5477.08592913536
"130","tau_pr[119]",-0.300726470804536,-0.296859645,0.875540832100372,0.848599446261,-1.715999705,1.121940505,0.999876185644193,8604.1046889965,5903.45484118778
"131","tau_pr[120]",0.515912982695253,0.497376905,0.59914867846612,0.549552858645,-0.4241541875,1.50751365,1.00100999089926,2882.45423955134,3082.24673019264
"132","tau_pr[121]",-1.29851063159105,-1.342464,0.837061244777232,0.752980990272,-2.57137972,0.152250897499999,1.00125552868551,4865.19028122025,3025.69389473653
"133","tau_pr[122]",-0.725703180923783,-0.733923575,0.847349750039632,0.823165324653,-2.084483595,0.696523541,1.00205665479886,5298.06772252278,5496.09005967534
"134","tau_pr[123]",-0.567363574496877,-0.574562215,0.848323850995152,0.8205611088423,-1.951835405,0.853350710999999,1.00070158781781,10133.1608599636,6112.93251526929
"135","tau_pr[124]",0.68804951358282,0.65770052,0.619731318673604,0.587890529898,-0.2884683345,1.724459315,1.00183496086237,3744.00365153258,2824.55036109259
"136","tau_pr[125]",0.19468676660067,0.209626325,0.736663249441404,0.680041177074,-1.026059885,1.358596365,1.00078131648815,6963.4828751652,5641.68120691071
"137","tau_pr[126]",-0.841142481691132,-0.867721235,0.866562248527926,0.841662331209,-2.22872789,0.648545283,1.00134819511151,4733.14339069728,4465.30588840542
"138","tau_pr[127]",0.907720351305531,0.92143029,0.674656217948743,0.627820869375,-0.2278252935,1.99835423,1.00109024650041,5654.15843677357,3575.94061140466
"139","tau_pr[128]",-0.680425983351009,-0.69791048,0.86897538563316,0.848976300942,-2.07602911,0.7558348865,1.00095993994447,6506.55785642191,4909.75204838561
"140","tau_pr[129]",-0.0264621858420878,-0.0069911278,0.922914255414869,0.879515933562,-1.589735305,1.49366386,0.999900597281678,9043.66194190175,5764.89750233841
"141","tau_pr[130]",-0.376191210569687,-0.36318818,0.821680266247074,0.777081127704,-1.73654804,0.9790633965,0.999917442533339,7065.95098487972,5706.35501987894
"142","tau_pr[131]",-0.444747895252128,-0.445333365,0.811774092926914,0.7383424917288,-1.771518165,0.9070634305,1.00119873813179,5398.64443950881,4666.25078410874
"143","tau_pr[132]",0.608427196329188,0.611725775,0.726972947980049,0.669175475955,-0.584145249,1.79084883,1.00092759302645,6565.57742875149,4469.67668234991
"144","tau_pr[133]",-0.0188234247972837,-0.000708863765,0.782699446978856,0.723709447671,-1.332417865,1.23721882,1.00051566169746,7739.63340387819,5481.23800383839
"145","tau_pr[134]",-0.593585857048587,-0.597027675,0.842258039130991,0.7660810852338,-1.969200805,0.782940917499999,1.00059734403293,7395.59736189894,4607.16977133632
"146","tau_pr[135]",-0.202564115138861,-0.187364735,0.88762042958633,0.862500933966,-1.6799011,1.236824355,1.00023575764229,9548.7171639994,5877.70854999862
"147","tau_pr[136]",0.57691286787004,0.56465382,0.59802178618502,0.540556671648,-0.3391344975,1.59321455,1.00144649264984,5429.99599720585,2998.2324337395
"148","tau_pr[137]",0.246570785861386,0.25927602,0.709619412772553,0.653132342898,-0.9038548605,1.39204417,1.00070266195935,7076.34256244829,5922.81653945188
"149","tau_pr[138]",-0.950328604302013,-0.96420063,0.823213432071466,0.773363182032,-2.26153245,0.420780058,1.00095338477601,5473.38499334341,3878.30883039179
"150","tau_pr[139]",-0.743810983371301,-0.750759735,0.880503160541312,0.836385594723,-2.16323823,0.735381760999998,1.00081163423402,5730.87807648636,5083.39097517115
"151","tau_pr[140]",-0.846993710441867,-0.8685311,0.864848449969125,0.80466313641,-2.23304919,0.6043030715,1.00168541162278,7977.11229668448,4842.70723706456
"152","tau_pr[141]",0.457195526642245,0.447910515,0.610047263939735,0.574164418947,-0.5133796575,1.44451743,1.00246016116819,3175.16402313968,2967.43257105019
"153","tau_pr[142]",-0.37695868449892,-0.4054247,0.697193752762519,0.614389499304,-1.468898565,0.820019352499999,1.00180416006887,6892.47253312876,4734.8314357278
"154","tau_pr[143]",0.750615287195638,0.74213026,0.573422784833666,0.53788779891,-0.1307096245,1.690078005,1.00100622610192,2962.52545373791,3742.66434050834
"155","tau_pr[144]",0.447856436787659,0.444418115,0.681401231819838,0.630900088728,-0.6709439625,1.57277806,1.00064846932497,5173.2717052554,4680.14047853072
"156","tau_pr[145]",-0.646849790057904,-0.65086847,0.858530931018468,0.803937818838,-2.047601965,0.767509427999998,1.00067002354481,7902.01557251787,4969.6565958252
"157","tau_pr[146]",0.953115634475132,0.95072316,0.667462356130933,0.622575905007,-0.115707914,2.06052273,1.00106725006427,4133.59552399305,4014.1649792718
"158","tau_pr[147]",0.0355490999715075,0.051859051,0.756085430414515,0.688117166142,-1.236568885,1.24673879,0.999795243690824,7485.88479043822,5414.12364543968
"159","tau_pr[148]",0.399040558346804,0.413026195,0.75911061958305,0.699482785155,-0.8707591845,1.6407479,1.000767859881,8302.89931946446,5140.58984227551
"160","tau_pr[149]",1.27499614902366,1.2600636,0.622779642112008,0.60056108154,0.2838378695,2.324384875,1.00071338248385,3055.2332658441,2936.32165279665
"161","tau_pr[150]",-0.189894417618476,-0.1905771,0.830735054381303,0.77079573396,-1.544014215,1.163632365,1.00154366226347,8065.60934379234,5572.0183838447
"162","tau_pr[151]",0.398585307769917,0.39104179,0.732068424603632,0.6919320301173,-0.77691887,1.62642862,1.00028095786633,7650.15689691533,5155.244980518
"163","tau_pr[152]",0.154697692642077,0.15658423,0.618108597937858,0.566753094285,-0.86662364,1.14511103,1.00196416869679,1774.05287764936,2268.42175717437
"164","tau_pr[153]",0.620964942138431,0.60836678,0.648300192064031,0.585456241545,-0.4141833565,1.673096645,1.00230063347837,5853.89661426543,4440.29846450897
"165","tau_pr[154]",-0.18668676084594,-0.17556673,0.817816783627814,0.771264628449,-1.55791672,1.15332216,1.00054453744456,8714.03791657539,5819.90304797154
"166","tau_pr[155]",-0.448348025050829,-0.443558535,0.856411179467745,0.833582331708,-1.875573105,0.9648953065,1.00038082170407,7602.00558108232,5238.13560878601
"167","tau_pr[156]",-0.318279801974797,-0.305477905,0.90676353832102,0.92036635236,-1.8058964,1.179682635,1.00051505545073,11297.2127648546,6035.82156658992
"168","tau_pr[157]",0.3732054341257,0.37050943,0.640325300127835,0.6059967342135,-0.660011195,1.436469475,1.00073196457865,3717.93410097079,3286.91204813645
"169","tau_pr[158]",-0.222880022406401,-0.223291785,0.848723842106593,0.826320831189,-1.604021755,1.174821315,0.999777075736362,7834.55706140625,6382.0355484058
"170","tau_pr[159]",1.42002274213458,1.40278195,0.594794631759608,0.56875731003,0.496264181,2.41247216,1.00070236402492,3163.7491916916,3491.38871383004
"171","tau_pr[160]",0.330084211173592,0.298839025,0.702218234191644,0.646984148958,-0.760772941,1.54012505,1.00108368571472,7825.6279677446,5329.52974668842
"172","tau_pr[161]",0.204569519200418,0.220077035,0.817489443025825,0.745384659369,-1.18623553,1.505699625,1.0005827048812,7405.16952319125,5450.53641876142
"173","tau_pr[162]",0.00228127050090812,-0.012515411,0.742131223064239,0.6709564432746,-1.169416085,1.270192415,1.00017946457919,7941.31692145744,5425.03396839672
"174","tau_pr[163]",-0.475750378268104,-0.489487985,0.865486969448943,0.833787004638,-1.87776511,0.959054766,1.00014314116495,5958.11283637751,5377.01465853766
"175","tau_pr[164]",-0.238000670894207,-0.22939361,0.762510676129002,0.706855606695,-1.51083807,0.993529694499997,1.00057177070471,8154.6657771665,4846.58099475339
"176","tau_pr[165]",-0.263580876081862,-0.24257929,0.832349523312212,0.782839998297,-1.66598448,1.09937297,1.00054912102581,7508.80572386476,5186.70310166055
"177","tau_pr[166]",-0.755238295996773,-0.77859824,0.852659035580834,0.817460776524,-2.100807495,0.693818344999999,1.00105502035886,5022.42147414763,5308.09792082173
"178","tau_pr[167]",-0.339414516262807,-0.32608984,0.894273467726257,0.853116201987,-1.83693217,1.13062179,1.0011125057797,9992.18942470958,5593.42067932449
"179","tau_pr[168]",-0.724339642244757,-0.74522676,0.829387313619322,0.776185918998,-2.05035318,0.691322331499998,1.00052762627009,4468.85610804318,5150.31109852905
"180","tau_pr[169]",0.647074823936992,0.645133455,0.693982563169765,0.651496686687,-0.4875337075,1.773598325,1.00033008218764,6234.5966204187,5511.36288931568
"181","tau_pr[170]",-0.407135283015211,-0.42070255,0.927310853323657,0.9171222753,-1.899265135,1.139046255,1.00144097863238,6275.12734297479,5147.02189969017
"182","tau_pr[171]",1.72224232142319,1.71047375,0.645606974764727,0.62542576614,0.6866384205,2.79449874,1.00052745191807,4071.22557428034,4155.96705605047
"183","tau_pr[172]",-0.43088435056158,-0.43400647,0.852723112063848,0.80743448646,-1.8218476,0.961618559499999,1.00033841364062,7003.68892530158,4009.09298026376
"184","tau_pr[173]",-1.23074237507148,-1.28676545,0.858045567890424,0.765389640624,-2.53532196,0.2766195695,1.00066960894405,3415.54035899057,2214.57443530781
"185","tau_pr[174]",0.731504729604261,0.72002194,0.625716216858039,0.581753240481,-0.279060725,1.76931879,1.00129782871562,4791.54300322651,3420.65255439636
"186","tau_pr[175]",-0.712430782040083,-0.73023276,0.860717944227828,0.825527091627,-2.110037395,0.709389741499999,1.00046984784743,6652.99344290019,5692.59109898076
"187","tau_pr[176]",-0.0723768317001639,-0.083385236,0.787460349063276,0.7004233747644,-1.36308225,1.2586923,1.00054453788432,6923.03624686283,5087.27836545778
"188","tau_pr[177]",0.216583104889569,0.226221405,0.773815660076348,0.71802888801,-1.07133833,1.469453775,1.00031683309737,7413.74850163901,5994.56268293409
"189","tau_pr[178]",-0.0928142643423187,-0.086943379,0.799798087312587,0.742762740573,-1.433795495,1.20502171,1.00028989443462,8332.74823870745,5744.08441600833
"190","tau_pr[179]",0.811969439732189,0.7948678,0.661623405643595,0.633312293754,-0.2423554965,1.920081775,1.00157678435812,4755.82874352157,4013.71303994563
"191","tau_pr[180]",-0.839961622682036,-0.872240245,0.898832195833792,0.855382259718,-2.230311805,0.7195573475,1.00060230271482,5417.03888836207,5099.3925067994
"192","tau_pr[181]",0.0287034231659583,0.0463070805,0.858111016402406,0.8237129444607,-1.3912701,1.408433365,1.00159149232781,7524.90317831306,6052.58959576057
"193","m_in_pr[1]",-0.0120911849370012,-0.0162222675,1.00297390697998,1.010193950661,-1.64687601,1.63571459,1.00050833910611,14074.606559764,5311.27023905788
"194","m_in_pr[2]",0.00462535210232486,-0.0032814857,0.989146199866867,0.97717157194482,-1.62939536,1.61210689,1.00066191826913,15718.7576770698,5709.34057927638
"195","m_in_pr[3]",-0.0323701531371043,-0.036479717,1.0043893332659,0.997302743661,-1.71319507,1.612060745,0.999854840492544,15230.7803501021,5733.12719653744
"196","m_in_pr[4]",-0.0679029638809938,-0.046550937,0.976521490261718,0.991089003975,-1.67124177,1.493318175,1.00067837619406,13030.7726589111,5700.54053809854
"197","m_in_pr[5]",0.047180010507575,0.045253822,1.00109387019735,1.011541863864,-1.58931387,1.692475555,1.00123698522952,14239.2187314567,5175.68816163014
"198","m_in_pr[6]",-0.0320084928856125,-0.0265057815,0.992156572770049,0.9995470168089,-1.66451219,1.585866795,0.999806432481442,13231.4488755432,5187.39826067291
"199","m_in_pr[7]",-0.00325718272653748,-0.0090328325,1.0166215179318,1.0052882978355,-1.640488795,1.656993485,1.00072845695248,16223.3798328981,5753.14204735569
"200","m_in_pr[8]",0.01139386547354,0.0069638498,0.98986543825135,0.99460649501052,-1.6412001,1.651030075,1.00047826149719,12718.2394129048,5812.48432998076
"201","m_in_pr[9]",0.0294141010346749,0.030873238,0.995478293209096,1.0159990813392,-1.587014385,1.66464999,1.0001405307033,14272.0588160181,5778.60966818336
"202","m_in_pr[10]",0.016915452054795,0.00940509575,1.04582100289371,1.05783340353495,-1.708440635,1.729817825,1.00023192440594,13651.018038165,5373.22684807539
"203","m_in_pr[11]",-0.0374305552461656,-0.0307573995,0.982810792829545,0.9896440034523,-1.66300574,1.588497655,1.00068206511623,14623.5951863029,5705.82150121037
"204","m_in_pr[12]",0.0132615845354887,0.0135123035,1.00262554485425,0.99822998394,-1.61441998,1.66034369,1.00039883011756,13865.0362072588,5534.35031712691
"205","m_in_pr[13]",0.0272492399165337,0.026622169,0.991242002312051,0.9946146653226,-1.620101585,1.664955135,1.00011422953153,13159.5272932101,6050.28264397495
"206","m_in_pr[14]",0.0170672111361575,0.0130632895,1.02031198840556,1.0242832548753,-1.65664472,1.70554734,1.00066779093808,14616.7600295546,5895.6345473639
"207","m_in_pr[15]",-0.0488304450054271,-0.048920847,0.970977942067558,0.9851351892732,-1.627441405,1.5332124,1.00131715643806,14806.1100114561,5777.33350565864
"208","m_in_pr[16]",0.00891276862033753,-0.00521160315,1.00869352137555,0.993824423214,-1.661909765,1.67198382,1.0002071094113,15532.0776144148,5508.74492099088
"209","m_in_pr[17]",-0.059690551599153,-0.055477168,1.00012284087905,1.0019713517268,-1.716921065,1.576221315,1.00110526100665,14657.9531445173,5355.13674032288
"210","m_in_pr[18]",-0.0438129525230405,-0.0391145815,0.991034564147964,0.976196613147,-1.68416499,1.601276635,0.999717265317349,13892.4033805464,5736.59169623426
"211","m_in_pr[19]",-0.00344308882605913,-0.00298916595,1.0145528228202,1.009037641269,-1.659984455,1.66527589,1.00137238757531,14646.1162429352,5523.79469246007
"212","m_in_pr[20]",-0.00665209696879375,-0.012861435,0.98918871775102,0.994680261477,-1.60603059,1.62485765,1.00045084245861,12978.4406590602,5805.92751972441
"213","m_in_pr[21]",-0.00227099297082898,-0.00850820635,1.01942889237578,1.01280233532051,-1.677612665,1.679054405,1.0002982687314,13464.4184070117,5375.73261998629
"214","m_in_pr[22]",-0.0333161794827883,-0.0192985035,0.991398738851749,0.9921117214701,-1.680688295,1.58390717,0.999804882481663,15536.8619332576,6124.10584967277
"215","m_in_pr[23]",-0.0521391279459262,-0.0553949025,0.994035200470238,0.991913544552,-1.678581715,1.573212615,1.00001149220419,14038.2283504947,5843.7619629612
"216","m_in_pr[24]",-0.0604461433353962,-0.0622328285,0.979898180643352,0.9966725104161,-1.678100915,1.533875195,0.999858439706028,12592.1692833866,6016.83489043704
"217","m_in_pr[25]",0.0100327969900463,0.0209178825,1.00012244314176,0.993786639153,-1.622753645,1.64239453,0.999949580168071,14572.3613210646,5691.54769376237
"218","m_in_pr[26]",-0.0240057938347765,-0.02461962,1.01126967371136,1.003292121489,-1.6896286,1.635681785,1.00014517704504,14981.651921516,5264.03991938187
"219","m_in_pr[27]",-0.0616727638940537,-0.0621325855,0.977947114748968,0.9763338285183,-1.647182075,1.567735035,1.00001062416442,15599.0019861555,6091.53616153631
"220","m_in_pr[28]",-0.0264055958406525,-0.0255319,0.990104171696519,0.998240058207,-1.66584513,1.58957895,1.00070573727088,13835.5338564634,6257.13563705929
"221","m_in_pr[29]",-0.011587847225328,0.00122816225,1.01105107033206,1.00632820125915,-1.66622172,1.626360135,1.00025469947982,13557.4354129827,5767.04343929561
"222","m_in_pr[30]",-0.04865444044863,-0.044799211,0.964758483344618,0.9704106495216,-1.657856395,1.544616895,1.00073626156967,12752.9847356692,5921.38249703059
"223","m_in_pr[31]",-0.07355715091278,-0.0756166665,0.997648869800334,0.983565928338,-1.72571882,1.55758456,1.00080521388606,13645.6551026249,5477.96535306687
"224","m_in_pr[32]",-0.0135051526752762,-0.0246607315,1.02103488903574,1.0162274187891,-1.69654599,1.662664215,1.00073270819292,15018.2110403303,5315.64216657075
"225","m_in_pr[33]",-0.0697967771379937,-0.083209396,0.993714892094093,0.966077289933,-1.677728675,1.586531285,1.00026531464626,14112.6996790363,5858.52615685654
"226","m_in_pr[34]",0.123755367239894,0.118265475,1.04834976540363,1.040098719135,-1.61885929,1.868450105,1.00246134730086,12085.5442464439,5333.59292751128
"227","m_in_pr[35]",-0.0706618217423088,-0.0622246815,0.989853387522858,0.9837843056811,-1.72045462,1.54388434,1.00018449631199,12723.8974447442,5655.51331737387
"228","m_in_pr[36]",-0.0179617186683525,-0.028478989,0.996734909272562,0.999792814839,-1.659566355,1.64136312,1.00044656828239,13731.0013070342,5431.8461235634
"229","m_in_pr[37]",-0.0275414426448387,-0.022363627,0.978549572243358,0.958379741928,-1.66692636,1.596619495,1.00027828432907,14419.4394575267,5850.14566839032
"230","m_in_pr[38]",-0.00467926890833287,-0.00075209276,1.02266193841235,1.03211407637402,-1.67978455,1.690705275,0.999929109690582,14163.0881343015,5560.54406503051
"231","m_in_pr[39]",0.0626978246936738,0.059286819,1.0137805106287,1.0078294571856,-1.60317442,1.71370547,0.999958725202753,13992.966198874,5547.86757238944
"232","m_in_pr[40]",-0.0404731004279925,-0.036534474,0.985198434509752,0.9696568704774,-1.64658383,1.55494983,1.00065595135272,13180.3077860081,5669.22992070737
"233","m_in_pr[41]",-0.0602632118571812,-0.057658644,1.0018578299522,0.9925609233246,-1.731979425,1.57603385,1.00079908140496,13636.8568200122,5416.50386238852
"234","m_in_pr[42]",-0.0149269671558075,-0.036381995,0.993445623600883,0.978958222515,-1.633200105,1.61688355,1.00044616646912,12818.2825511076,5552.09375677775
"235","m_in_pr[43]",-0.011866283444705,-0.0080199431,0.983625963658277,0.99181051408194,-1.646212915,1.616997125,1.00075323195931,16241.066786876,5725.35823988909
"236","m_in_pr[44]",-0.0446654286878029,-0.046649719,1.00105530351597,1.006831903119,-1.66926721,1.58475296,1.00011045074633,12984.857646613,5622.03336766646
"237","m_in_pr[45]",-0.0319683829928912,-0.032821604,0.993695203895736,0.979521491907,-1.673527525,1.60672951,1.00086966734184,12629.6152207197,5836.98870260318
"238","m_in_pr[46]",-0.051615798941268,-0.052449678,0.978605179286606,0.9524230435692,-1.66369224,1.59446785,1.00044830199616,14710.2409957422,5334.28401458329
"239","m_in_pr[47]",-0.00947954853280874,0.0085598239,1.00383105290922,1.01421570494286,-1.65217561,1.64370149,1.00053398563624,15579.9040452255,6178.40723244552
"240","m_in_pr[48]",-0.0325751726381185,-0.043558195,1.008772984014,1.002427691559,-1.66578103,1.64176293,1.00019532394538,13338.6253089927,5990.64141402615
"241","m_in_pr[49]",-0.052701585325355,-0.052479396,1.00396505822917,1.024516615374,-1.718021125,1.605989905,0.999852473159443,12410.4324256222,6152.78346028627
"242","m_in_pr[50]",0.0455926961181715,0.050119314,1.00233335606077,1.0084500216546,-1.629690855,1.67971739,1.00046535332014,12458.3334607051,5968.21429437457
"243","m_in_pr[51]",0.0907457833783325,0.0808289735,1.00414653718236,1.0349785355721,-1.54707442,1.71776319,1.00055510168531,14486.9549117001,6174.27096135103
"244","m_in_pr[52]",-0.0253148054127295,-0.0204303905,0.984238054218824,0.9855660291267,-1.65994107,1.58457495,1.00156342943344,14055.2186833824,5198.01907356454
"245","m_in_pr[53]",-0.0207041937099913,-0.014872367,0.988869829790649,1.0026986485698,-1.67248344,1.582256485,1.001210312193,13232.2321992397,5862.7755943519
"246","m_in_pr[54]",0.027607517582477,0.0317620665,0.983445330784808,0.990010627452,-1.59820349,1.63185439,1.00082974424732,14305.10081402,5976.92181220207
"247","m_in_pr[55]",-0.053841713228031,-0.053543921,0.978359548862828,0.9736345528434,-1.662689735,1.53851034,1.00037396621166,14024.7169341861,6177.46244308715
"248","m_in_pr[56]",0.000779506151531232,-0.00106580836,1.013899405075,1.020533484453,-1.677564295,1.690321455,1.00003820563969,12615.028113254,5646.81268877352
"249","m_in_pr[57]",-0.0427015199104625,-0.0379838625,0.981323073159701,0.983804893806,-1.69771261,1.57405613,1.00093238415034,12552.7702889846,5721.46646306389
"250","m_in_pr[58]",0.0612262492278334,0.067401903,0.993992984713949,0.993315824697,-1.57613521,1.694464615,1.00086811421942,12366.1438065416,5680.09127115758
"251","m_in_pr[59]",0.0107435993147754,-0.0067175518,1.01022502869605,1.03697658325632,-1.63150255,1.65550416,1.00063722411547,16188.2894554332,6075.92249545293
"252","m_in_pr[60]",-0.0137515423136421,-0.012840154,1.0043752494441,0.9894830383116,-1.665798145,1.63090493,1.00044993690032,14621.1875892324,5939.0060530916
"253","m_in_pr[61]",0.0471835260172425,0.0513273375,1.02484284009766,1.030244173455,-1.634587915,1.73244105,1.00049278729825,13672.1574130038,6103.19502424943
"254","m_in_pr[62]",0.0377067067001016,0.038526428,1.00406913915154,1.0009175344728,-1.586085945,1.69229838,1.00103950777968,13778.6736252373,6008.53177593251
"255","m_in_pr[63]",0.0259117406068038,0.0287652955,1.00200997169006,0.98928723726,-1.61924006,1.662077515,1.00082010633274,14303.639218132,5851.51253023383
"256","m_in_pr[64]",-0.00669389277281501,0.0076827921,1.00630560483249,0.983132379033,-1.70470161,1.66876766,1.00040502202714,13954.6220373726,5888.38731732497
"257","m_in_pr[65]",-0.00929683163152914,-0.0188951545,0.999084412456558,0.993284556663,-1.619041365,1.651745165,1.00065626851443,14551.058369731,5911.20540885301
"258","m_in_pr[66]",-0.0286939180384762,-0.018959892,0.984338915639259,0.9789834459888,-1.635574145,1.574256765,1.0008554863331,14156.6537654747,5757.6063188187
"259","m_in_pr[67]",-0.0420001567222325,-0.039522884,1.00966995217539,1.0329120884334,-1.70834765,1.562446205,1.00104555175051,14095.459965923,5324.34827803926
"260","m_in_pr[68]",0.00195400579195702,0.0035553539,0.997043546009062,1.00027532863986,-1.652610915,1.66754815,1.00005848190201,13647.5495664845,6219.19509412458
"261","m_in_pr[69]",0.0276475667215725,0.021718208,1.00177041483306,0.987179002299,-1.620021505,1.656466105,1.00036682231856,14160.3935799385,5906.06846106635
"262","m_in_pr[70]",-0.0324132561374863,-0.033914509,1.00929258945271,0.998740361577,-1.700880085,1.635689345,1.00036821617775,15542.5519784457,5598.69950837753
"263","m_in_pr[71]",-0.0412871266132512,-0.04712948,0.994760075992104,1.007138319474,-1.678092085,1.56670025,1.00181926778381,12345.2360952488,5718.31066843764
"264","m_in_pr[72]",-0.002771892756525,-0.0020065455,0.985417736709903,0.9877433458347,-1.6044031,1.585733035,1.00109606816859,13879.5072417047,5331.96069317708
"265","m_in_pr[73]",-0.00275520817164599,0.012870892,0.972004508445631,0.976605647661,-1.60084846,1.587406095,0.999939158290066,13088.1497978878,6062.28929477827
"266","m_in_pr[74]",-0.0150733037820225,-0.011197315,0.997127483464935,1.023952019055,-1.659231555,1.61296972,1.0000393793958,14386.5675202388,5779.4960620754
"267","m_in_pr[75]",0.0211282076949463,0.0240904115,1.00834401613158,1.0148943286209,-1.61651584,1.678391585,0.999946333855441,15021.8902178911,6221.27990423948
"268","m_in_pr[76]",0.00680353440562645,0.0123890985,1.00073393101975,1.0027814006301,-1.650855205,1.64411277,1.0012862423199,12601.7434020913,5500.86228021964
"269","m_in_pr[77]",-0.0446214589193051,-0.0409971865,0.995264840400182,0.997731659841,-1.67886502,1.587463545,1.00116887592806,14953.1412470913,6090.92964692529
"270","m_in_pr[78]",-0.0425034499626325,-0.0363401795,1.02384753089688,0.996627693642,-1.74771461,1.661954685,1.00081701209992,13297.7629607142,4574.04156852977
"271","m_in_pr[79]",-0.0572060193129552,-0.052952995,0.9930887354355,0.97889747298,-1.673799265,1.581874115,1.00027435532078,12695.9946438777,5589.64957106288
"272","m_in_pr[80]",-0.0166525947712,-0.00889593305,0.990109636287945,0.99198155430507,-1.638267375,1.625522615,1.00081597971716,13406.7632677986,6067.31590154794
"273","m_in_pr[81]",-0.050408404955853,-0.0608067425,0.996815672605299,1.005729397281,-1.69057523,1.61374249,1.00013072448841,15511.6539010407,6399.52250593295
"274","m_in_pr[82]",0.00245198018526536,-0.0104683455,1.01861449396084,1.02928437528,-1.66369565,1.654415795,1.00015862361972,14824.996470457,6081.58835119109
"275","m_in_pr[83]",0.0111465963639688,0.0147561485,1.01274961590041,1.025112657639,-1.64790893,1.681901905,1.00044229764852,14136.0387203593,5881.54765550563
"276","m_in_pr[84]",0.0370304386945324,0.043422278,0.988501082159121,1.0050493479348,-1.567174165,1.66773477,1.00005065456741,14011.0461270054,6039.07690547703
"277","m_in_pr[85]",0.00374320571149537,-0.00093123528,1.01492339204381,1.018156468938,-1.68019254,1.66722439,1.00021886071874,13800.3604454017,6031.89878434327
"278","m_in_pr[86]",-0.0252711755281675,-0.026607527,0.991091584059674,0.967273095789,-1.658789155,1.620095285,1.00117171006993,15142.9136570978,5484.7238734029
"279","m_in_pr[87]",-0.0088543825917725,-0.0101893627,0.999085402649649,0.991637202738,-1.644004745,1.6390371,1.00049313605699,14407.0765453921,5195.10342334663
"280","m_in_pr[88]",0.0239776183884675,0.020234682,1.00137987570985,0.9844072712208,-1.625663115,1.65509772,1.00122278134727,13690.6544062036,5875.94383701362
"281","m_in_pr[89]",-0.0311067582849265,-0.0248299365,0.982043230956667,0.9890643379869,-1.644708585,1.571751335,1.00053233701755,14520.1870124245,5954.74538089526
"282","m_in_pr[90]",0.0140171187281312,0.0191824295,0.999294238486921,0.975661839327,-1.653756385,1.66416529,1.00105304507509,14968.4981888153,5507.53705703937
"283","m_in_pr[91]",-0.0461672471162278,-0.040601079,1.00003854941488,1.0013880049656,-1.68470149,1.61725961,1.00052986936129,15471.2223697642,6108.99341080294
"284","m_in_pr[92]",-0.0541614228593773,-0.045574665,0.98492782945786,1.008619333092,-1.651307925,1.558245485,1.00026395836997,13895.4925169074,5844.3700457943
"285","m_in_pr[93]",-0.020903341224752,-0.0223450515,0.985577007901477,0.997695447336,-1.66618144,1.590134405,1.00037600342728,15409.9976834375,6113.81252322276
"286","m_in_pr[94]",0.0612607636000291,0.0724598295,1.0101835861682,1.033169209821,-1.61368238,1.702894995,1.0004681666826,12754.1036613913,5740.46262430416
"287","m_in_pr[95]",0.264519973080346,0.256671635,1.09836994927172,1.107441917484,-1.554671475,2.114278135,1.00068053847216,8129.09611218488,5151.94966979415
"288","m_in_pr[96]",-0.00480732717737284,-0.0059272871,1.00270663775886,0.990013881759,-1.6343383,1.63241833,1.00052565840987,15161.5015438913,6004.49742164626
"289","m_in_pr[97]",-0.0357372795738755,-0.03021744,0.992182922835814,0.967890895209,-1.677268235,1.58371754,1.00067355002232,14808.2955759671,5314.58473583873
"290","m_in_pr[98]",0.14645337826317,0.12043436,1.08683012534696,1.076609078475,-1.60827064,1.997844545,1.00060595127917,10379.005376653,5526.51256613456
"291","m_in_pr[99]",-0.0408975400939901,-0.043089333,1.00144669907181,1.003332737316,-1.66885004,1.603206025,1.00039448647765,13630.9733439812,5952.92039478066
"292","m_in_pr[100]",0.0153441331949394,0.00517495365,1.01316482606577,1.03080277465851,-1.637643975,1.687268725,1.00027037646631,15128.6343434231,5218.34179632272
"293","m_in_pr[101]",0.05362386645478,0.056143658,1.00951478010948,1.031873550855,-1.6032437,1.688097155,1.00099042030606,13753.2124302849,6074.67460515361
"294","m_in_pr[102]",-0.0508896240466211,-0.0481163205,0.978588080433262,0.959869843884,-1.658299005,1.57005687,1.00048906372037,15351.4980303175,5976.1440516152
"295","m_in_pr[103]",0.106206133644425,0.10632294,1.03761880395755,1.043767953984,-1.58616423,1.81218107,1.00130972129577,13035.6523606411,5949.27977418314
"296","m_in_pr[104]",-0.000280623509518649,-0.0046071477,1.00436324639783,0.99958192640502,-1.626944615,1.67143693,1.00205067560627,15395.0249941147,5810.18852135861
"297","m_in_pr[105]",0.026455589617794,0.0274608895,1.00174766269476,0.999468236634,-1.63005862,1.6729559,1.00034716806672,13754.0883212636,5574.05287368275
"298","m_in_pr[106]",-0.05535395555517,-0.0634645145,1.00070694777965,0.9922170854043,-1.688373855,1.57862855,1.00079194835451,14321.4845771951,5506.09419052065
"299","m_in_pr[107]",0.0331565702069584,0.028733281,1.003794523841,0.9933285839526,-1.615022065,1.68871404,1.00164567905846,15562.3084153921,6223.01917548589
"300","m_in_pr[108]",-0.0301365735359525,-0.0362504945,1.02229506460842,1.0168865189973,-1.72828456,1.627708525,1.00051204351686,14311.5036070317,5388.61472138485
"301","m_in_pr[109]",0.056466614155665,0.0551017785,1.03091762626967,1.033817788017,-1.61938497,1.782898325,0.999973286126732,12177.3253987426,4552.64948230273
"302","m_in_pr[110]",-0.0357787156366665,-0.0409713005,1.00033617360676,1.0043598462723,-1.67536035,1.613523305,1.00219782485667,15097.3019805481,5144.92665971559
"303","m_in_pr[111]",-0.0152896318167637,-0.0145526265,1.00651167962685,1.00827015114,-1.684533075,1.64069254,1.00075306291355,14170.5582043707,5447.88230163745
"304","m_in_pr[112]",0.023022990631835,0.0276193775,0.990536395737453,1.0092485077605,-1.587210475,1.64323248,1.00106012860577,15389.17173744,5615.23844119044
"305","m_in_pr[113]",0.0340224192769918,0.042597264,1.00678721961168,1.017663600807,-1.634236375,1.69939961,1.00023059015473,14795.6870369813,5951.70347730028
"306","m_in_pr[114]",-0.00353658326471623,0.00172201355,0.998474378828835,0.987632833572,-1.62622859,1.65334702,1.00028686313158,14058.674538904,6189.8742164226
"307","m_in_pr[115]",-0.0159614228116505,-0.0173641595,0.985901274942938,0.9700788414177,-1.659616035,1.6211111,1.0008379419822,13334.7059714618,5493.40699035623
"308","m_in_pr[116]",0.000962617075111227,-0.0051473778,0.998232608821504,0.98793264909528,-1.65335123,1.639067245,1.00111783651463,13926.2389009739,5164.35461165003
"309","m_in_pr[117]",-0.00752968017595002,-0.0010535375,0.993173353538335,0.986585028261,-1.671350935,1.614889365,1.00044927764788,15668.4226962093,5474.13945955588
"310","m_in_pr[118]",-0.0378204802484512,-0.04617012,1.00424016701867,0.992560358454,-1.68830882,1.6391276,0.999875336875125,13686.4488603223,5764.01961390777
"311","m_in_pr[119]",-0.0263572102384188,-0.0271680055,0.979763670203971,0.98031617292,-1.61975451,1.590392525,1.00130432134428,12848.4884952639,4592.32734689151
"312","m_in_pr[120]",-0.0246426485456066,-0.021360097,0.97968405483039,0.9822090720918,-1.65906814,1.56647745,1.00203563449882,14868.8022583764,5990.09174848249
"313","m_in_pr[121]",-0.115704004634348,-0.12137144,0.985582892852122,0.971260696749,-1.752752195,1.50180766,1.00030538641239,13569.6144999297,6197.08866293668
"314","m_in_pr[122]",-0.038976858620852,-0.047206379,1.01271102042057,1.029855272649,-1.71201285,1.63944398,1.00101218751642,14213.868505294,5833.23162129117
"315","m_in_pr[123]",-0.0405603587683032,-0.0381195755,1.00368666958371,1.007024225991,-1.69335726,1.613379835,1.0013255728037,14632.3039880797,5450.1661525597
"316","m_in_pr[124]",0.0027213170879526,0.0038679928,0.992661091943891,0.98262109701,-1.611426785,1.663315025,1.0001856465596,15892.1025968802,6076.41832808215
"317","m_in_pr[125]",0.0211297123326763,0.03270745,0.993951199467903,0.987672567252,-1.6269729,1.641896205,1.00100133950673,13381.8045300297,5584.35956352744
"318","m_in_pr[126]",-0.0496823968687525,-0.045092751,0.97353583954952,0.9782296862184,-1.65895403,1.54494063,1.00096622619538,13590.7749565084,5552.80340566369
"319","m_in_pr[127]",0.081825962204463,0.0803185605,1.00661982475807,1.005658039743,-1.549213095,1.78278989,1.0005561835845,12949.7312368573,6302.94249991222
"320","m_in_pr[128]",-0.0376272586713017,-0.0379059825,1.00241129601986,1.002192113832,-1.6787018,1.624924885,1.00049155649006,14852.283594709,5875.7664477169
"321","m_in_pr[129]",-9.42386852362261e-05,0.015926437,0.964232025132462,0.9768646830852,-1.583701565,1.55435812,1.00132093410181,13569.0539231075,5737.87590204992
"322","m_in_pr[130]",-0.0144733289629334,-0.0085073122,0.969959834018488,0.97664084132328,-1.608354585,1.566328125,1.00035609258143,15726.8699827416,6074.89297414194
"323","m_in_pr[131]",-0.00987262255913627,-0.0170511355,1.00145689654181,0.990659101866,-1.63593552,1.641657555,1.00239218186304,14949.9685286933,6140.56107446046
"324","m_in_pr[132]",0.03903817687355,0.0249141735,0.983170165839448,0.9880258730559,-1.56357333,1.67172838,1.00141355880255,15718.042254729,5552.63946861135
"325","m_in_pr[133]",-0.00236602329003253,0.00423173615,0.985442314099111,0.968207200506,-1.63371386,1.60101838,1.00112227977826,14245.3948614827,5814.71241658157
"326","m_in_pr[134]",-0.0247922353304578,-0.0185277395,0.985425751614592,0.972881386113,-1.65546402,1.61709296,1.00289073753342,14309.1677547364,5603.15413650922
"327","m_in_pr[135]",0.0104270702227225,0.0173334435,0.999607975670829,0.9931357206729,-1.64997072,1.656891935,1.00009837410081,14621.0726371067,5337.87736731711
"328","m_in_pr[136]",0.00281412207402762,-0.0093560673,0.997490875820825,0.98768006520498,-1.6404725,1.6314577,1.00012769847614,12674.3317429573,5571.82253722236
"329","m_in_pr[137]",-0.00759768575877995,-0.015298149,0.997138886686731,0.990467638902,-1.640137115,1.6637673,1.0004362143319,13796.4049650582,6137.73156805754
"330","m_in_pr[138]",-0.0659958435294325,-0.06394779,1.00453670477207,1.002377742765,-1.712659365,1.595130785,1.00028200582732,13520.1676118284,4876.22985884053
"331","m_in_pr[139]",-0.0471687665513775,-0.029904311,0.970232828559803,0.9633705056304,-1.655474425,1.529297055,1.00053859707775,13543.8910404091,6136.48150307075
"332","m_in_pr[140]",-0.071029780595005,-0.0600788105,1.00019570314707,1.016055602499,-1.71680078,1.5615659,1.00080815145373,14513.3443612087,6143.56453493326
"333","m_in_pr[141]",-0.0081932129953486,0.00111182303,1.01058777576603,0.988970482690722,-1.6941587,1.65773619,1.00033808744947,13337.6504797996,5368.93645689001
"334","m_in_pr[142]",-0.0267489177419922,-0.017548927,1.01389359932635,1.0211468479338,-1.70288496,1.61942104,1.00112990053499,14523.0115366847,5630.45189022756
"335","m_in_pr[143]",0.0321012053359,0.0367325435,0.987867054578799,0.9943182350199,-1.562099585,1.66182355,1.00001852574227,14106.2675269449,5561.35163140641
"336","m_in_pr[144]",0.01016559916227,0.0183569765,0.996717618137362,1.004984227695,-1.640952085,1.62027523,1.0002893868813,14984.7874010373,5756.57808877032
"337","m_in_pr[145]",-0.0364538887998976,-0.049180565,0.979877417947975,0.980255112039,-1.632194625,1.594510945,1.00133639072724,13523.5172432073,5996.13104929702
"338","m_in_pr[146]",0.10045750294119,0.096911287,1.01902850564369,1.015747510806,-1.54410535,1.75532673,1.00065720029002,13081.0680058077,5671.87897733795
"339","m_in_pr[147]",-0.00197782332360248,-0.0099007635,1.00080530752171,1.006829004636,-1.646015075,1.64298063,1.00102224873472,13418.0918305919,5616.52874545114
"340","m_in_pr[148]",0.029683258078535,0.026244997,1.00612971708571,0.977703260919,-1.63443618,1.70349128,1.00070179569031,13878.1653805683,5696.74463284198
"341","m_in_pr[149]",0.110544369775528,0.098676452,1.00663060065314,1.004210377212,-1.522903715,1.77854492,1.00047812643665,13050.9482441371,5293.47881853666
"342","m_in_pr[150]",0.00175977185018484,0.00250131045,1.01218937938684,1.024758968583,-1.6768204,1.69551981,1.00097040148658,15219.7046686842,5919.70774502199
"343","m_in_pr[151]",0.0945600536232659,0.10306579,1.0141065004715,1.022739971316,-1.58562562,1.745775385,1.00085234206426,14130.4205525912,6053.38718856655
"344","m_in_pr[152]",-0.0552870690532575,-0.064691284,0.98022761593117,1.0032062656056,-1.65923028,1.54405134,1.00056439508318,12653.426999408,5593.63227901839
"345","m_in_pr[153]",0.0404489842506246,0.051044077,1.00706766698184,1.004321794602,-1.616975795,1.694583285,1.00023383619589,15712.1020170082,5322.28729420154
"346","m_in_pr[154]",-0.00810471916117654,-0.00064186897,0.990121961973583,0.992211851085,-1.62999471,1.605067175,1.0028569277399,13905.7144461168,5213.53652817236
"347","m_in_pr[155]",-0.0386160504074513,-0.0419601605,0.98212022168528,0.9839897525283,-1.624374015,1.57394551,1.00017621067094,14418.1284014929,5321.23488483865
"348","m_in_pr[156]",-0.0246672580773743,-0.012530091,0.997709343733085,0.995564172771,-1.649304925,1.608762995,1.00005997078563,14320.6723122308,6308.92181793208
"349","m_in_pr[157]",-0.0342839097185913,-0.027535538,0.989292201268423,0.9775843890162,-1.66354918,1.58608571,1.00038581933831,13979.8914560446,5285.76668189062
"350","m_in_pr[158]",0.0120274737262538,0.000907783405,1.00568722136103,1.003702972188,-1.645059725,1.69149013,0.99999442824515,13877.9143016257,5986.307079328
"351","m_in_pr[159]",0.0743161527403413,0.08019062,0.992920157723456,0.993699929292,-1.57513395,1.690725645,1.00024422018776,13926.5886494574,6448.81971619535
"352","m_in_pr[160]",0.0295316375243645,0.035606844,1.00431343990963,1.0001060229846,-1.61395801,1.69061208,1.00058798829986,13136.8300819802,5620.72891746617
"353","m_in_pr[161]",0.01041919657802,0.0268730515,0.965879948754445,0.98505107841,-1.586513195,1.585812185,1.00117851310526,14880.0335282762,5849.05751484318
"354","m_in_pr[162]",0.0211938129900142,0.014523432,1.01490826167105,1.005665171049,-1.654816765,1.687522845,1.00093766189221,14530.6632051751,5541.00689953831
"355","m_in_pr[163]",-0.0104092864470571,-0.010387062,0.995102164003434,0.9859605393498,-1.638896375,1.64874179,1.00073467055922,13181.7748896747,5650.50235672385
"356","m_in_pr[164]",-0.0366196091831387,-0.0399975495,0.973741083789468,0.957356132649,-1.628918935,1.576659715,1.00091442394897,13537.2249991586,5861.53444118675
"357","m_in_pr[165]",-0.02184109396596,-0.00753554225,1.01157480409807,1.03517890710885,-1.67831772,1.63760371,1.00060861254644,13928.4893601601,5802.84824316992
"358","m_in_pr[166]",-0.0488908046460323,-0.047944186,1.0042381135205,1.0191255867366,-1.700360715,1.61134033,1.00191247266654,14031.6371344926,5998.30179020487
"359","m_in_pr[167]",-0.0116024120563579,-0.0055085813,0.982436561593443,0.999775683396,-1.623302075,1.6089281,1.00091856012029,15287.3722389117,5946.37118379667
"360","m_in_pr[168]",-0.0154006325731663,-0.0190294955,0.975457865063927,0.9694803528627,-1.59785693,1.581809635,1.0004304267135,14856.0565268769,5856.37353581115
"361","m_in_pr[169]",0.122973084304469,0.12595458,1.01457397971888,0.986192991756,-1.54767005,1.78278041,1.00096175643503,14040.978452683,5233.26757562856
"362","m_in_pr[170]",-0.0173234249979624,-0.0082349319,0.982988534220088,0.97406002805706,-1.63393178,1.56608445,1.00028221332069,14532.0051011732,5529.05216860815
"363","m_in_pr[171]",0.204357162235909,0.199084785,1.07747819640752,1.074612164535,-1.54152633,1.994161725,1.00068971007424,9400.2594268191,6456.94590540149
"364","m_in_pr[172]",-0.00465342208575639,-0.0174454125,1.00897493199925,0.9981437151525,-1.650575275,1.665019125,1.00038746493732,14385.4719025516,5784.7482426709
"365","m_in_pr[173]",-0.0849211113690957,-0.084390916,1.01282363730792,0.9965135052726,-1.74941215,1.59418014,1.00060517355519,13033.7368310868,5892.26598997428
"366","m_in_pr[174]",0.0402468990366825,0.0407711275,1.01658252937077,1.019672672067,-1.63171872,1.72671014,1.000714682788,13433.5254483753,5548.61572911679
"367","m_in_pr[175]",-0.0525215091269175,-0.0519629395,0.989898193249555,0.960630343554,-1.715674505,1.582612355,1.0003295424468,14651.4996901927,5868.02532334352
"368","m_in_pr[176]",0.00504086572597623,0.0056764952,1.00918133313938,1.01718154853952,-1.651478805,1.648682085,1.00000133571018,15016.7273153493,5933.40732407097
"369","m_in_pr[177]",0.0229126007000212,0.0132007605,0.996371455578152,0.997072510707,-1.612642945,1.68300875,1.0004850633305,13350.4141104988,5531.56217098377
"370","m_in_pr[178]",0.0203857515329935,0.019572878,1.01020693056223,1.003483473258,-1.66177437,1.697550415,1.00047283273563,14617.2815842383,5757.15031463339
"371","m_in_pr[179]",0.0168952399384295,0.0205413295,1.01334612892722,0.9997898192457,-1.667674785,1.67612119,1.00060211510492,15400.1393223579,5507.01894497149
"372","m_in_pr[180]",-0.062606631981055,-0.0491759245,0.991508639391873,1.0076894752827,-1.677305875,1.56917566,1.00016649724614,13570.0078917339,5454.07949312561
"373","m_in_pr[181]",0.008924404572175,-0.001243048,0.990626702554978,0.9856538042358,-1.624871905,1.636808665,1.0010299516381,13162.5281040033,5974.63998264272
"374","m_out_pr[1]",-0.000458226021144486,0.0263186065,0.707663981157714,0.6392537813781,-1.216821,1.12440159,1.00064573736914,5060.37280597988,4022.71187768985
"375","m_out_pr[2]",-0.212621036768283,-0.209273505,0.768166162135016,0.713627285826,-1.482720805,1.03272899,1.00081563985213,8607.10209634025,4789.84037532725
"376","m_out_pr[3]",-0.137579107685184,-0.13109738,0.969834473125552,0.981483564747,-1.711721085,1.45306686,1.00079400761041,10784.1608559084,5630.08423800495
"377","m_out_pr[4]",1.0149921861989,1.01655425,0.685677726529255,0.64738455474,-0.106248097,2.136031205,1.00097660322597,3466.03807638582,2915.10441005356
"378","m_out_pr[5]",0.954829260365868,0.94728213,0.753763598678183,0.69564177627,-0.270215619,2.19132254,1.00136548316883,2928.35159628303,2900.03527896257
"379","m_out_pr[6]",-0.0172389779690075,0.0063883864,0.643829427496526,0.60008560638264,-1.1187376,0.996808188,1.00243096266412,3107.01987654134,3590.19971041471
"380","m_out_pr[7]",-0.36132669366661,-0.3566004,0.879247950471403,0.841220175411,-1.84873818,1.096534455,1.0002432133805,9673.04596872679,5122.00479646693
"381","m_out_pr[8]",-0.11959270421503,-0.101848885,0.719370928924263,0.671168668569,-1.34578678,1.00777097,1.00046595423053,6242.28176314643,5685.92347244325
"382","m_out_pr[9]",-0.136454726029475,-0.15176126,0.910011334148313,0.855665228754,-1.60651939,1.407643595,1.00038796000233,9380.44737848519,5399.13903927636
"383","m_out_pr[10]",-0.0191067048152437,-0.0195871825,0.944854626555321,0.9354138861585,-1.55538497,1.556951975,1.00017955517202,10241.5008106226,6266.77946027218
"384","m_out_pr[11]",-0.119435416485191,-0.12862942,0.96755289324173,0.973818989766,-1.684275245,1.48297198,1.00001652265953,10660.8912157218,6467.736944431
"385","m_out_pr[12]",0.0287974705531637,0.0273277505,0.972805384048217,0.9695410075113,-1.553653375,1.66691972,1.00040964877866,11125.041979243,6469.79938748566
"386","m_out_pr[13]",0.0448826745008313,0.0228254125,0.984504892899112,0.9806168256675,-1.542914445,1.69395165,0.999798795506694,12089.127236438,6313.56480875314
"387","m_out_pr[14]",-0.0587626409484863,-0.061918361,0.878927512440607,0.8427783894936,-1.50146682,1.38228161,1.00073008263499,10822.5535930684,6026.22266838182
"388","m_out_pr[15]",-0.301412616110961,-0.343123365,1.0077698000507,0.989428514214,-1.918825265,1.388454095,1.00139988370111,7480.68269277485,5767.61860098103
"389","m_out_pr[16]",-0.111376547937804,-0.108130995,0.927065722488478,0.893516599794,-1.64151258,1.42375701,1.00072357375053,10935.7521293478,5774.57666775835
"390","m_out_pr[17]",-0.484501120352605,-0.51743679,0.965635850431432,0.938965228362,-2.013422055,1.18008722,1.00128076662469,6471.42914687253,5835.4864191098
"391","m_out_pr[18]",-0.354653135626525,-0.392063505,1.00261827824241,1.004290793436,-1.943010215,1.343336635,0.999977337916491,7085.97089168637,5900.26682263794
"392","m_out_pr[19]",-0.340411761181591,-0.374777295,0.923191338662766,0.891163328118,-1.793013115,1.24649124,1.00008517435973,8925.12802891914,6632.69816971003
"393","m_out_pr[20]",-0.261485774671663,-0.29482671,0.93351077888889,0.920783652369,-1.740662915,1.35488127,1.00008402910011,10143.3579433411,6035.04540658738
"394","m_out_pr[21]",0.693453014479955,0.726260985,0.930401806743011,0.947337611409,-0.9054215805,2.169350635,1.00053941918474,5532.06170580447,5115.33862361233
"395","m_out_pr[22]",-0.317021953453335,-0.338269305,0.941388733710093,0.91934706486,-1.821560465,1.276107205,0.999814605600327,9457.6766505554,6596.28152258729
"396","m_out_pr[23]",-0.230494135446901,-0.25215802,0.990997534916252,0.981409998135,-1.83461704,1.44291169,1.00079150484066,11832.2091448086,6377.72040827068
"397","m_out_pr[24]",-0.424869499553304,-0.459134925,1.00422885150692,0.979152821178,-2.01802113,1.29850758,1.00013118963076,6953.6089941512,5932.97134047048
"398","m_out_pr[25]",0.524190346464669,0.52574239,0.781384131671146,0.7423308102672,-0.77251821,1.792195195,1.00029312591621,5072.85428303288,3744.84229389652
"399","m_out_pr[26]",-0.376240937313445,-0.391213435,0.905134149481185,0.882783539484,-1.82594546,1.170150785,1.00085736068767,9718.12772473548,6226.4031582114
"400","m_out_pr[27]",-0.424019794789315,-0.451173405,0.961866251547984,0.929508931281,-1.961517595,1.211704935,1.00010968416225,5570.99097405535,5550.52576238145
"401","m_out_pr[28]",0.194431741163048,0.17322241,0.826659237007694,0.748857590565,-1.14642,1.598089265,1.00130639423124,9390.86312736445,4486.82458675466
"402","m_out_pr[29]",-0.28219366321535,-0.29480207,0.80489340873731,0.747678767892,-1.574731205,1.082525975,1.0005146322089,9419.77422379793,4941.30249237298
"403","m_out_pr[30]",0.184078448969506,0.193407505,0.668650046529596,0.608316095121,-0.907772247,1.28000431,1.0022620600881,3420.63970993264,4467.41276943284
"404","m_out_pr[31]",-0.429773928893252,-0.47671579,1.03576182509151,1.050428608614,-2.08223191,1.328757265,1.00004916929965,5671.67067373724,5360.69810400657
"405","m_out_pr[32]",0.0360489894524441,0.0416110215,0.959415546726107,0.949852338225,-1.5636169,1.62189771,1.00086381564102,11773.1887165737,6270.3331260804
"406","m_out_pr[33]",-0.465277278537356,-0.52307336,0.99516731107845,0.998433315117,-2.0152435,1.231050905,1.00016534513712,5904.88571853653,5273.5928725572
"407","m_out_pr[34]",0.895171637608341,0.90697044,0.816329733355414,0.767568795756,-0.471052512,2.218069875,1.00083496908427,2942.23841685613,3556.96538438736
"408","m_out_pr[35]",-0.467927894961961,-0.516388235,1.00315373668125,1.005779850159,-2.01718262,1.24888962,1.00089581840801,4118.72100942979,5295.42555777668
"409","m_out_pr[36]",-0.366020047967309,-0.37226289,0.944375816746622,0.901291732257,-1.89002556,1.219798245,1.00057337683886,8834.84953628534,4579.95111120065
"410","m_out_pr[37]",-0.328097259992376,-0.364538925,1.01261952520896,0.996105892572,-1.937647415,1.396712355,1.00014514545963,8390.36848388558,6667.19995038044
"411","m_out_pr[38]",0.156250736629878,0.1771174,0.994634811438331,0.998457362889,-1.505551125,1.774013765,1.00014214839769,9343.55768657255,6493.4880794675
"412","m_out_pr[39]",0.448318464285006,0.44645717,0.768750835851037,0.7352037585879,-0.8019975185,1.714032395,1.00115418856444,4218.00709371291,3973.4848595921
"413","m_out_pr[40]",-0.340291300021041,-0.38903258,1.02177963640034,1.020334319382,-1.966188175,1.421649735,1.00019397205074,7489.81775295698,6488.52732786079
"414","m_out_pr[41]",-0.1324470783855,-0.15133347,1.02104630263828,1.051687862337,-1.76775025,1.562430525,1.0003349702784,9797.51659750999,6275.6313093407
"415","m_out_pr[42]",-0.0857604777008925,-0.10797719,0.948530186470631,0.927025880214,-1.598692795,1.530844505,1.00057035802029,10740.9279724313,6157.0015899054
"416","m_out_pr[43]",-0.0732469751943337,-0.099903113,0.936132804749953,0.921303296256,-1.58739385,1.50919175,1.00260594841438,10537.7528733971,6213.54222721985
"417","m_out_pr[44]",-0.51380933106377,-0.61106924,1.05681084368789,1.036464473646,-2.12161696,1.364538415,1.00096724417182,4036.96059399019,6333.15855657893
"418","m_out_pr[45]",-0.451738083068494,-0.490992715,0.994975358120282,0.967735474251,-2.051287125,1.2746807,1.00016614935165,6543.03517121184,5912.40819007791
"419","m_out_pr[46]",-0.537358312123335,-0.58104082,0.983436332813044,0.9483360809811,-2.07083083,1.159351185,1.00069987017753,4634.6048081636,5750.1509305775
"420","m_out_pr[47]",-0.232341452104879,-0.267513,0.986893481860849,0.959527682043,-1.78934713,1.463697165,1.00093448648219,8594.28834536596,5941.58637475152
"421","m_out_pr[48]",-0.53649483764206,-0.58363832,0.984973050720323,0.9283864348059,-2.057439485,1.198379715,1.00095886290402,6726.37398450418,5609.32230018781
"422","m_out_pr[49]",-0.469206746906327,-0.52592652,1.00400679927619,0.970098286458,-2.024850185,1.293676715,1.00099699259627,6105.81717839289,6291.09596120812
"423","m_out_pr[50]",0.346626025663155,0.34178773,0.884808511449703,0.878632711677,-1.09991754,1.815732435,1.00071021565643,6904.31319843225,5178.7279686045
"424","m_out_pr[51]",0.159616753159381,0.171304325,0.699162117276541,0.642541019148,-1.013662875,1.274580915,1.00081141681131,3299.53704067286,4370.47178574426
"425","m_out_pr[52]",-0.193080341021836,-0.20160782,0.943696245695147,0.918060271842,-1.729609505,1.367905515,1.00066273558485,10525.1216242027,5354.16462361325
"426","m_out_pr[53]",-0.0981454156544188,-0.084768602,0.832078458037995,0.77175445725,-1.48074699,1.28082641,1.00026484141153,10544.5205482635,5979.62163332637
"427","m_out_pr[54]",0.283189437378333,0.28835469,0.866822317188039,0.826301572215,-1.13802185,1.744725895,1.00014362802685,8117.57149706861,5678.04498232907
"428","m_out_pr[55]",-0.295758013848667,-0.36188236,1.06769239969908,1.076687782296,-1.97455122,1.529698125,1.00171352711492,6149.17685891262,6111.93840267196
"429","m_out_pr[56]",0.0569668322352787,0.0573307715,0.811078832377553,0.7437855069939,-1.275398225,1.35723775,1.00074595425951,8177.27500941653,5192.56907582255
"430","m_out_pr[57]",-0.399759431451782,-0.43222976,0.957873807168722,0.947753369514,-1.88787424,1.222334645,1.00098015333406,7143.09367619319,6419.45990353962
"431","m_out_pr[58]",0.154433318289295,0.14988523,0.737170652121888,0.683730590109,-1.029616505,1.38029108,1.00060839951702,3707.64254844567,4092.15291693761
"432","m_out_pr[59]",0.395778216951777,0.39718436,0.709672062298956,0.6528854655351,-0.741602871,1.564262075,1.00059776946545,3883.04239502033,3873.1640780219
"433","m_out_pr[60]",-0.211094603722699,-0.241719335,0.960657771509209,0.931766412171,-1.74714802,1.418694095,1.00152291030346,11549.2056880696,6041.02393150264
"434","m_out_pr[61]",0.0153140308443104,0.00965186195,0.890608588614066,0.84158376371307,-1.480952795,1.50288623,1.00058763054876,10869.0122176927,6127.4980306714
"435","m_out_pr[62]",0.410333013508782,0.408045885,0.945671705930358,0.927324994764,-1.16271691,1.959947245,0.999852851258542,5508.84937030037,5733.72286282545
"436","m_out_pr[63]",0.737176182969791,0.77653595,0.911582287738178,0.88227813597,-0.8256668285,2.19386217,1.00083149226083,5795.9641317213,4976.40198498221
"437","m_out_pr[64]",0.730870880211575,0.75641009,0.90883258948076,0.912324737373,-0.780839069,2.168698595,1.00023236915463,6805.54928578961,5071.51180816683
"438","m_out_pr[65]",-0.284766136963608,-0.306044815,0.983550787543908,0.973861095606,-1.86234804,1.39454723,1.0004668399115,10309.4060156169,6303.9730849169
"439","m_out_pr[66]",-0.309691630053734,-0.33905324,0.950318381101287,0.91492076256,-1.81344288,1.326886705,1.00020286521044,11532.9918167425,6206.45018946642
"440","m_out_pr[67]",0.164659882684996,0.157929645,0.751345042012059,0.7119415548,-1.049894485,1.41565464,1.00035123086759,5851.23904031521,5312.26484477897
"441","m_out_pr[68]",0.365059274489276,0.3681936,0.885004425801397,0.874926330285,-1.079394025,1.78349599,1.00087820992312,6358.09727429698,5600.38959307357
"442","m_out_pr[69]",0.491638824283983,0.48588827,0.81555603338557,0.786090205908,-0.8311888545,1.86200825,1.00058790621314,5161.3457107007,4553.190172717
"443","m_out_pr[70]",0.678129224355583,0.672990335,0.848298976993121,0.839364063993,-0.747139444,2.07049193,1.00194370408888,4439.64997504239,4165.07188941194
"444","m_out_pr[71]",0.452116736008278,0.461762305,0.708985047883516,0.6572702950653,-0.7013522935,1.584562065,1.00110563628841,3435.75358554491,3810.11271119829
"445","m_out_pr[72]",0.0412936691775962,0.0454620035,0.877354586133935,0.8414306579091,-1.41123387,1.46000894,1.00093758971951,11420.7192687018,5971.61536495587
"446","m_out_pr[73]",-0.164892037189399,-0.16258737,0.859861525040639,0.825444533046,-1.57573857,1.26272693,1.0006568534207,10206.5291273398,5897.38873759556
"447","m_out_pr[74]",-0.120881590080741,-0.145787735,0.949311073285555,0.921620224245,-1.628880955,1.472589965,0.999884396615248,11134.2794105015,5941.35018849752
"448","m_out_pr[75]",0.557630047987758,0.56922853,0.880111399078578,0.85468911842076,-0.894137039,1.996878485,1.00029542863015,6235.33443698555,5672.89233722185
"449","m_out_pr[76]",-0.263702904440674,-0.28731515,0.970853281302308,0.946064836374,-1.816529275,1.385983595,1.00077397489809,9045.50596585424,6123.0299028518
"450","m_out_pr[77]",0.91430544775964,0.97228631,0.899710642087574,0.858335865786,-0.6347188865,2.28070229,1.00018211263543,5651.15933131929,5357.60578713119
"451","m_out_pr[78]",0.86761308179088,1.0316656,1.12496304997612,1.1186491281,-1.14799791,2.503429415,1.00022246458731,3526.63126634287,5935.813452771
"452","m_out_pr[79]",-0.453268679738287,-0.497048225,0.998921844043815,0.962967417825,-2.053093155,1.26948372,1.00078037380023,4849.82336822144,6419.9784422833
"453","m_out_pr[80]",-0.186232604582327,-0.19107368,0.941077233049778,0.918628411575,-1.70929738,1.388405885,1.00014986151152,10381.6658929148,5908.6437073019
"454","m_out_pr[81]",-0.48665567341003,-0.53583297,0.9822328927627,0.9402960783216,-2.04241561,1.22050417,1.00095115111494,5904.46083116983,5857.57404818131
"455","m_out_pr[82]",-0.0500409606813012,-0.0670787215,0.908446733436779,0.872581665102,-1.522094595,1.486741465,1.00351801967213,11034.7145894162,5344.19810739629
"456","m_out_pr[83]",0.398411329927183,0.43592086,0.918957347232236,0.878764514817,-1.191436545,1.84636616,0.999771364373676,8541.34740791134,5441.29833071604
"457","m_out_pr[84]",-0.0320685486832525,-0.028856367,0.754275898136009,0.708723074829,-1.2965039,1.182254875,1.00113088371063,6372.99878590119,5195.80400487924
"458","m_out_pr[85]",-0.00106945731287169,-0.00290516015,0.779636229769217,0.71183193113361,-1.25873793,1.30859367,1.00068133909432,6670.26396899385,5500.36409347674
"459","m_out_pr[86]",-0.252703959987144,-0.298501045,0.990363094429341,0.938856034872,-1.804028785,1.4690858,1.00105893775602,9027.8235511934,6098.73731503113
"460","m_out_pr[87]",-0.257478266255304,-0.26188182,0.907088763608836,0.863338410228,-1.74818923,1.244685475,1.0006031697477,9377.6728524557,6002.65177331085
"461","m_out_pr[88]",-0.0364520453819825,-0.0450223695,0.861100150924457,0.806651688486,-1.452866645,1.370063305,1.00083226556628,9831.46508048692,5542.3860456803
"462","m_out_pr[89]",-0.260111685966983,-0.27582135,0.982242556675618,0.97630514688,-1.832010115,1.400915755,1.00048038038,11020.3169091134,6438.21663476484
"463","m_out_pr[90]",0.00135167997855373,0.0015774145,0.95528336774171,0.955813754217,-1.566669,1.59556943,1.00069581140581,11152.4564632847,6265.2250978002
"464","m_out_pr[91]",-0.537569290597906,-0.566794895,0.930803340803138,0.8963324953023,-2.02022207,1.048830595,1.00062220897114,6282.17849778892,5326.67307884466
"465","m_out_pr[92]",-0.428100035755098,-0.49080969,0.997343966595168,0.989004661113,-1.97604285,1.3019471,1.00067497819505,5085.54512680464,6461.33455857284
"466","m_out_pr[93]",-0.320583585605736,-0.37403125,1.00796250159075,0.980657334006,-1.90210968,1.43661567,1.00045719916378,7183.35164146876,5203.95113399647
"467","m_out_pr[94]",0.333022754844959,0.337038615,0.836609256151155,0.792141378504,-1.040728295,1.71200481,1.00067526220103,5365.88428396373,4993.51185636917
"468","m_out_pr[95]",1.17804971020405,1.1760217,0.749971824193671,0.705651431562,-0.0607173616999999,2.38410812,1.00161542743168,2704.62538081919,3357.64664430309
"469","m_out_pr[96]",-0.0689785789038562,-0.059256814,0.958333332499762,0.9379678299684,-1.635126735,1.514957715,1.000722436381,11066.9385148699,6172.44223535765
"470","m_out_pr[97]",0.256559592353619,0.269045485,0.815234837038877,0.764098473936,-1.097368485,1.5681216,1.0001248813992,10144.4855094648,5069.89484373539
"471","m_out_pr[98]",1.44796297195796,1.46506315,0.750150333078887,0.70092791244,0.190794993,2.63530471,1.00188247854509,2902.45415932459,2528.650202698
"472","m_out_pr[99]",-0.501201809641289,-0.530478915,0.959812000813568,0.9210483009168,-2.037448585,1.134210575,1.00048624823419,7189.50142140863,5392.28131445294
"473","m_out_pr[100]",0.108601215165213,0.11477174,0.815598137410386,0.778697013444,-1.226996585,1.42113222,1.00097206184452,10054.1054120184,5520.57899656252
"474","m_out_pr[101]",0.171878808069481,0.175155825,0.863952481859665,0.812605461675,-1.264714525,1.573383805,1.00068620863493,7559.99490833427,6024.03705468803
"475","m_out_pr[102]",-0.188654850742163,-0.209573005,1.03643608806492,1.033877699883,-1.83465356,1.53993382,0.99997274125519,8980.93793647872,6317.31029233046
"476","m_out_pr[103]",1.07497609665539,1.07784195,0.767401709338162,0.719760082965,-0.203723734,2.31339183,1.00125594637284,2947.81757893499,2897.21729370631
"477","m_out_pr[104]",-0.114555055130172,-0.137656575,1.00373483142181,0.975718823058,-1.717255315,1.56315537,1.00025736305176,11101.6186330677,5856.73836090111
"478","m_out_pr[105]",0.136122098943117,0.13293955,0.785505215984283,0.737830953216,-1.18687767,1.41522261,1.001073127935,7469.25216515242,5313.04311854503
"479","m_out_pr[106]",-0.540199075551459,-0.590451775,1.02785739856778,1.015839380115,-2.12803142,1.23870354,1.00084759475917,4084.2309829258,6226.49428497202
"480","m_out_pr[107]",-0.264607108679176,-0.26364581,0.795470639412888,0.732691253448,-1.538093085,1.045021355,1.00178731048717,5836.55557477614,4616.23977735203
"481","m_out_pr[108]",0.346292024402181,0.35930821,0.68545724773128,0.625408886739,-0.7845111685,1.46497662,1.00047446686093,3909.81284584487,4276.89707814673
"482","m_out_pr[109]",1.1332598361792,1.1882418,0.863121854885598,0.78880613637,-0.398687456,2.45399882,1.0008152632811,3180.23343094695,3371.92435301784
"483","m_out_pr[110]",-0.123943596064151,-0.12319868,0.844527499982464,0.794797263666,-1.518072505,1.27949486,1.00027087167944,9667.7647662897,5290.12629196947
"484","m_out_pr[111]",-0.157821254230475,-0.197028545,1.03403295856478,1.055550702507,-1.78380339,1.630112695,1.00088894842287,8545.08078767357,6542.65766770324
"485","m_out_pr[112]",0.119191007995453,0.135288435,0.978541323893557,0.968917981185,-1.533362585,1.69114188,1.00050422292113,12381.1508729142,5912.14232421509
"486","m_out_pr[113]",0.88033871833993,0.905359185,0.87146578647208,0.832591903017,-0.5895246895,2.2420364,1.00077028759483,3334.24717427199,3538.36483039693
"487","m_out_pr[114]",-0.0157272171580226,-0.0362743305,0.964503094557373,0.938718093768,-1.602440195,1.5539503,1.00063771853844,10530.7274451708,6463.27985154475
"488","m_out_pr[115]",-0.167703940011009,-0.174843655,0.932039858025327,0.907692220239,-1.68342707,1.39930869,1.00060841663838,10777.5266955476,6121.27731320884
"489","m_out_pr[116]",-0.142856758700982,-0.14711904,0.848711499682059,0.799652949165,-1.548417205,1.247231965,1.0007225133134,10377.7933907902,6004.54224768826
"490","m_out_pr[117]",-0.181778153197035,-0.181224115,0.857943628189952,0.824773315548,-1.589198855,1.227729225,1.00098387555123,9933.18065457882,5630.09998096638
"491","m_out_pr[118]",-0.437127539727052,-0.466301355,0.957256261066008,0.89762734551,-1.96266291,1.16290749,1.00047523397694,7585.26755217465,5776.4156376729
"492","m_out_pr[119]",-0.286704158942121,-0.29744042,0.905723598736386,0.873840007026,-1.774954585,1.23737343,1.000307663327,11253.2686203075,5848.06470149501
"493","m_out_pr[120]",0.390237695354477,0.386535805,0.776720593065288,0.732025625352,-0.879330456,1.67777149,1.0009006352751,5772.98162525012,4571.91103404162
"494","m_out_pr[121]",-0.505047410237198,-0.56194637,1.08089613816467,1.109478031368,-2.195732405,1.3264209,1.00170902838119,2924.8981813248,5555.17199454421
"495","m_out_pr[122]",-0.444530415424661,-0.513126185,0.989744082067499,0.97103354019,-1.98255584,1.28930875,1.00159482001788,5822.6699918745,5069.01478687289
"496","m_out_pr[123]",-0.256696590151684,-0.291782525,1.02398768981579,1.037295737814,-1.90017101,1.491035275,1.00042857263894,9209.5424265971,5876.97727366853
"497","m_out_pr[124]",0.277435649120932,0.28913113,0.74369200304546,0.696976309008,-0.945734502,1.476943635,1.00087135987271,4197.4197594513,4208.61619895958
"498","m_out_pr[125]",0.118509652621177,0.108023415,0.896259765597529,0.86559799641,-1.358560545,1.6174691,1.00097710126837,10896.3945007957,5825.43801379568
"499","m_out_pr[126]",-0.592232339547411,-0.64257441,0.972146851521494,0.9379842430917,-2.09909903,1.077640035,1.00080886391728,5410.41669109272,5342.06560753586
"500","m_out_pr[127]",0.564532786731641,0.559428215,0.893508609521619,0.890045381001,-0.8941795795,2.043987345,1.00041248919666,4348.94053788261,5039.02038241472
"501","m_out_pr[128]",-0.448505006335111,-0.48044672,0.959502189352312,0.925974976269,-1.98793467,1.186829195,1.00066706244808,6825.01397256384,6121.7976497896
"502","m_out_pr[129]",-0.0915661590834734,-0.0871252655,0.923077637158718,0.904940181054,-1.60363243,1.42113833,1.00001952905329,10946.8424119974,6271.17886429114
"503","m_out_pr[130]",-0.141156077494716,-0.181613295,1.01493095167407,1.026361051317,-1.746261765,1.55962382,1.00052476607532,10131.9686293849,6331.68227791156
"504","m_out_pr[131]",-0.410552828343689,-0.46274446,0.952561243518844,0.874289153283,-1.895585155,1.2526684,1.00042059447709,6648.80782428599,5719.49285088444
"505","m_out_pr[132]",0.152221006720431,0.16025674,0.823250908284018,0.764241114882,-1.19533397,1.48967964,1.00089013558051,6943.64799665661,5173.71578581642
"506","m_out_pr[133]",0.133979489155468,0.14432003,0.954346508614117,0.950507602947,-1.440249775,1.682584535,0.999999429471736,10571.5535156199,6207.1146371228
"507","m_out_pr[134]",-0.401543023049434,-0.440828695,0.946169171140407,0.916344747969,-1.886879755,1.22166245,1.00056338728952,7393.27911795376,5155.01719251737
"508","m_out_pr[135]",-0.193630117137095,-0.20507641,0.945137423216843,0.924843455949,-1.755798255,1.39186375,1.00001337200787,10247.0264676888,6439.09604559007
"509","m_out_pr[136]",0.0950713859811357,0.093183093,0.78491113414707,0.7367005181592,-1.163872885,1.397646985,1.00038787080474,4769.50742050135,4917.15120158631
"510","m_out_pr[137]",0.243351199858777,0.23422312,0.90567154076141,0.882046264743,-1.23824694,1.73963428,1.00103039981849,9150.54722390281,6098.95047712078
"511","m_out_pr[138]",-0.461196910756914,-0.5119198,1.02850390599478,1.024630315968,-2.050909155,1.321339765,1.00067173457255,4692.52577796346,5522.88456561474
"512","m_out_pr[139]",-0.415292194769104,-0.46082638,1.00121404937481,0.997949283282,-2.00446334,1.30517443,1.00111965813443,6143.75819820162,5795.03432269116
"513","m_out_pr[140]",-0.4373228346362,-0.469469185,1.01445073301211,1.032706757229,-2.039848505,1.25755668,1.00097087673387,5027.92785877899,5640.24653375942
"514","m_out_pr[141]",0.545539784434679,0.556590305,0.815409180549923,0.7850867851932,-0.8024109595,1.88581735,1.00088631393573,5786.73440010744,4218.01774280655
"515","m_out_pr[142]",0.321087220580356,0.266288105,1.05555900843163,1.102928134371,-1.347503235,2.08359541,1.00046882198661,6198.16332016505,6626.20475774302
"516","m_out_pr[143]",0.679376127761229,0.685304265,0.846311591495752,0.812398483302,-0.7241026745,2.045921415,1.00208915491221,4026.84710508644,4210.9936689601
"517","m_out_pr[144]",0.544853056629004,0.557504115,0.93022729079688,0.9184239795675,-1.00353223,2.07193827,1.00006299865259,6089.04651287144,5128.24938122025
"518","m_out_pr[145]",-0.461882334715126,-0.492090915,0.94355401231349,0.907385529603,-1.98213038,1.14722314,1.00085592411853,6904.96327123242,5150.41697859303
"519","m_out_pr[146]",0.378178045176869,0.37824705,0.832504408339464,0.796555790352,-0.989184544,1.75549756,1.00075311652557,3272.98798796855,3912.72442291082
"520","m_out_pr[147]",0.121951029679258,0.116101325,0.930170334086879,0.916478352468,-1.39930499,1.66358237,1.00033087307143,11887.9623845699,6667.60221943445
"521","m_out_pr[148]",-0.0531767497740669,-0.0407830145,0.760272759317004,0.7150338054657,-1.311376215,1.1673752,1.00087846429825,6405.82142227422,5117.89901774965
"522","m_out_pr[149]",0.857515134413865,0.85875142,0.781581316802664,0.746018367087,-0.423170559,2.133748675,1.00095287022051,3174.26302436355,3705.26292886122
"523","m_out_pr[150]",-0.143038273458056,-0.18411744,0.982350946415713,0.961586954139,-1.70218102,1.544359015,1.00024797646065,11001.3989731148,6240.79383191584
"524","m_out_pr[151]",-0.15720654248588,-0.20173792,0.927075881602996,0.880182495696,-1.60730343,1.49028845,1.00103464933541,8420.42613035404,5040.11422896958
"525","m_out_pr[152]",1.04051965195865,1.0837267,0.886668911129264,0.8737250907,-0.490147412,2.42264141,1.00136548397365,4218.06282574921,3765.62147715901
"526","m_out_pr[153]",0.0862338553685439,0.10372466,0.754897992421015,0.68931285339,-1.16266649,1.30828563,1.00079101258765,5136.5044987271,4948.97602733939
"527","m_out_pr[154]",-0.16023290483908,-0.19062947,0.943289768103136,0.914579386497,-1.675396655,1.431184515,1.00047927557648,10869.9027472909,6186.20620032979
"528","m_out_pr[155]",-0.263533800185444,-0.27934819,0.960400007512542,0.932414219415,-1.84160749,1.360521925,1.00032615227452,9919.97241490415,6574.20737005585
"529","m_out_pr[156]",-0.205962139413925,-0.20309502,0.980969449801089,0.995394533679,-1.797705235,1.402971585,1.00085733527332,12068.2219325587,5450.25322250701
"530","m_out_pr[157]",0.482026298172473,0.48776712,0.756952177870254,0.721852060371918,-0.7671895515,1.69146179,1.00155820499096,6561.12478222375,5159.44431510409
"531","m_out_pr[158]",-0.184864221202859,-0.20836467,0.950552877420302,0.928212531015,-1.704958295,1.434258355,1.00021960771689,11041.649720824,6428.51293911184
"532","m_out_pr[159]",0.691788831762452,0.68198071,0.75930065858734,0.706526143323,-0.5334919855,1.9513386,1.00224461828226,2724.47178692593,3042.50162150774
"533","m_out_pr[160]",0.0698679897047822,0.0690932745,0.805120806715096,0.751563046458,-1.22373453,1.395010615,1.00036564393774,7601.64027777585,4495.24571549613
"534","m_out_pr[161]",-0.247967028258179,-0.22831427,0.801010477909491,0.751581230547,-1.57693144,1.040112485,0.999942328341221,8083.52990709408,4933.92272514534
"535","m_out_pr[162]",-0.219708285252031,-0.24181493,0.872190430356172,0.807472774605,-1.625924115,1.26296909,1.0013334787208,10129.7352826662,5606.71994263266
"536","m_out_pr[163]",-0.483288519984877,-0.49475724,0.869226577284649,0.8369623817205,-1.88197307,0.9890938035,0.999984918390128,9542.64220310791,4875.4397810781
"537","m_out_pr[164]",-0.0156329633110864,-0.0265682135,0.956091846990783,0.9328052499759,-1.554832855,1.57956873,1.00084785503916,11045.9651531021,6175.35132508363
"538","m_out_pr[165]",-0.295890275825449,-0.295960695,0.884616658594907,0.853578194973,-1.755762905,1.20741687,1.00073758342949,9683.96277785687,6419.17854117929
"539","m_out_pr[166]",-0.39816940345381,-0.441959975,1.048837106334,1.043795137455,-2.05091713,1.42379179,1.00056043460457,5201.1100172888,5789.09028302243
"540","m_out_pr[167]",-0.234199948640885,-0.257476615,0.944770098882602,0.930267829743,-1.753198945,1.3539549,0.999755058976193,10567.3021600479,5765.90180885118
"541","m_out_pr[168]",-0.507236159138433,-0.57449616,0.992495036789336,0.9684369404955,-2.039502575,1.231525505,1.00040824532187,5530.19863191523,5706.12062175191
"542","m_out_pr[169]",0.226981088908833,0.203629595,0.936278433457194,0.918316479948,-1.305357635,1.77796941,1.00077345569457,6333.26951997851,5522.36589703855
"543","m_out_pr[170]",-0.15258398933393,-0.172103,1.03988672902238,1.047653314848,-1.813474915,1.600473165,1.00092989265576,9154.99265542947,5928.54606683603
"544","m_out_pr[171]",0.980748641566247,1.0038474,0.824122516432693,0.794021737845,-0.443830416,2.274299035,1.00117433142936,3164.63507185524,4149.80665446124
"545","m_out_pr[172]",-0.336648505655201,-0.362411805,0.93425889237009,0.915271731045,-1.8330636,1.25290352,1.00013331743315,10035.4462411309,5983.70909509663
"546","m_out_pr[173]",-0.668004261955876,-0.73394209,1.03913546420888,1.0488290930019,-2.25530279,1.1553655,1.00125468469651,3057.30484443563,5765.99628360912
"547","m_out_pr[174]",0.267336890570132,0.26426858,0.765450729465508,0.700655062149,-0.981025245,1.53539806,1.00067945145551,4820.45128733557,4868.66308617132
"548","m_out_pr[175]",-0.380235346375546,-0.418261525,0.977096821488887,0.970536216846,-1.91115175,1.28780218,1.00055563796924,7436.16316031277,6373.40518207363
"549","m_out_pr[176]",-0.396751893444505,-0.38307451,0.793016428994386,0.747808740021,-1.70669919,0.8827273615,1.00159427265994,9480.90681065638,5139.0756011325
"550","m_out_pr[177]",0.0233054076369025,0.0244667885,0.852465583129242,0.81399684471,-1.39492284,1.424449215,1.00036254297463,10371.8973654368,6237.18661659534
"551","m_out_pr[178]",-0.21953927347745,-0.21993238,0.879418486430866,0.839030019387,-1.649638415,1.247668055,1.0012606537395,10925.7286598136,5722.76340213895
"552","m_out_pr[179]",0.426435647094697,0.449414315,0.667248103472813,0.6196205583666,-0.7050017985,1.453699305,1.00091006813648,3375.83286042897,3388.14428485161
"553","m_out_pr[180]",-0.457447591510377,-0.50495265,1.00771682624424,0.981906661722,-2.045253015,1.27883131,1.00114992974839,4563.0951949373,5774.0806166556
"554","m_out_pr[181]",-0.114523481504579,-0.12310225,0.918059964979342,0.909696799221,-1.613780035,1.38497453,1.0008027548486,10757.0471842339,5912.89057033839
"555","bias_pr[1]",-1.44886372208307,-1.4364168,0.663920828402143,0.64489237827,-2.55140276,-0.363691042,1.00047606483537,8668.01061244456,5467.67882649297
"556","bias_pr[2]",0.107094141765274,0.119153175,0.478831026907827,0.475001740941,-0.7080009355,0.894506802,1.00037155662355,7171.69736975466,5748.12993206582
"557","bias_pr[3]",-0.00428017284251963,0.0137663545,0.278102237452487,0.2575571689593,-0.4911968265,0.41315736,1.00007538196035,5830.78107544618,5422.08898136014
"558","bias_pr[4]",-2.9798220718375,-2.96804255,0.575744204952285,0.57782652249,-3.94238273,-2.057496495,1.00029723877725,7923.30363935726,6046.39650344026
"559","bias_pr[5]",-1.67202353253213,-1.65463245,0.532096104767831,0.53075842029,-2.579498855,-0.8232388925,1.00055968755296,7917.66945974639,6161.31529352867
"560","bias_pr[6]",-1.54491780591269,-1.51923805,0.522172164111699,0.50927109849,-2.44608865,-0.7188066945,1.00027253958117,7731.36132938842,6154.00218213636
"561","bias_pr[7]",1.07762505250424,1.19496525,0.695155164509387,0.64659796131,-0.2416018885,2.00090358,1.00029338331453,6692.13944170273,5180.12941808926
"562","bias_pr[8]",-0.79023954650218,-0.76511819,0.561414951636438,0.554990857533,-1.741784325,0.108362218,1.00010827639988,7943.24102793848,6017.62792976466
"563","bias_pr[9]",0.989038070115146,1.0334558,0.446859956328445,0.418646862144,0.194137847,1.626568925,1.00079759107376,6116.82802383096,4595.62744211692
"564","bias_pr[10]",1.02947530765825,1.157067,0.690269968364968,0.63583925202,-0.3072067435,1.932789215,1.00025086573658,5431.91663838954,5412.69053550146
"565","bias_pr[11]",1.09662156370897,1.14055245,0.406425883682425,0.36370987527,0.381920834,1.66860641,1.00011768029832,6166.80875423518,4931.07365120652
"566","bias_pr[12]",1.5952793385975,1.5881544,0.259144531968566,0.25606911225,1.18245602,2.030120415,1.00045955400236,4055.90395069915,5909.48475893374
"567","bias_pr[13]",1.23505774767058,1.2810986,0.463772570376249,0.420596688708,0.4228296865,1.900725945,1.00021293405409,6557.26204549671,4802.76704001725
"568","bias_pr[14]",0.62680069836555,0.685120425,0.536297996638633,0.510863247804,-0.348704834,1.388144155,1.00023080444441,6515.51889563846,5362.39786169423
"569","bias_pr[15]",2.0009822804125,1.9896813,0.284909647889775,0.28132883562,1.552652975,2.49061641,1.0000925778744,3128.23210976085,4471.60059790829
"570","bias_pr[16]",1.68992201915889,1.7137972,0.348501827305013,0.32160284919,1.094690865,2.217212935,1.00024607788054,5773.64137538659,5162.96262532213
"571","bias_pr[17]",0.0597321150360208,0.063621415,0.220817019103596,0.2163155238972,-0.302374036,0.4143138505,1.00020484035886,5940.14996440904,5574.60979350011
"572","bias_pr[18]",0.248839350247844,0.253407725,0.222780695369355,0.214720769655,-0.115097556,0.600672477,0.99982478509692,5617.21036951757,5242.54212378114
"573","bias_pr[19]",0.251821219202991,0.334509265,0.486521312524321,0.4453154417313,-0.679092709,0.8944307885,0.999950830237983,6724.80300558799,5413.3227139194
"574","bias_pr[20]",-0.179290419419588,-0.160139645,0.273245243671268,0.2598508104633,-0.644499444,0.231694342,1.00070384978106,5871.77778905001,5377.15384120151
"575","bias_pr[21]",-1.17059852210018,-1.1451138,0.622606529805129,0.613442125317,-2.20545972,-0.172796984500001,1.00129146044689,7623.09578664709,5663.72099154019
"576","bias_pr[22]",0.117843210827781,0.14637438,0.314885377675349,0.2879564986935,-0.446102675,0.5763400985,1.00112980875555,7207.35282693335,5466.31690726218
"577","bias_pr[23]",-0.204404544259115,-0.19842645,0.232971748002015,0.2321638040253,-0.597331348,0.167786861,1.00024081276213,5092.55940273013,6229.11539104093
"578","bias_pr[24]",0.0878544512098588,0.097188749,0.243587004249798,0.2287162534587,-0.3235665565,0.4642699635,1.0002485653989,6717.68460954151,4568.74204511384
"579","bias_pr[25]",-0.310356120239785,-0.30459835,0.717057660586177,0.722789946564,-1.486685465,0.8338554115,0.999801099816267,9965.46133012428,5723.06900537473
"580","bias_pr[26]",0.141557135163297,0.141070715,0.210597702165147,0.207962552532,-0.2048468685,0.489683368499999,1.00024447777897,4361.26298461274,4866.62832508889
"581","bias_pr[27]",-0.250400703324525,-0.23077632,0.28970489494207,0.2769421728549,-0.7530194635,0.1865038185,1.00017665151627,6849.28199094154,5204.31514241236
"582","bias_pr[28]",-0.00789711031214499,0.0151579235,0.348929507967509,0.3333328267899,-0.611113822,0.526857298,1.00009057989358,6764.83276162523,5304.80592784833
"583","bias_pr[29]",-0.19842781520709,-0.151136655,0.698301896573777,0.705010169997,-1.42123738,0.8700711265,1.00043784695104,8161.43446505024,6064.24039442567
"584","bias_pr[30]",-0.481314670811476,-0.448570395,0.638589729448459,0.6323551991001,-1.56558387,0.534806986,1.00008553418687,6486.64313954291,6177.59553287078
"585","bias_pr[31]",-0.519043108175588,-0.51484441,0.221394170914475,0.218341367811,-0.8903890395,-0.162477734,1.00024950838,4839.34007825874,5277.44590464965
"586","bias_pr[32]",1.16859174322875,1.1723079,0.252669504437628,0.24886619667,0.746227529,1.58419005,1.00048699756193,4550.69788523129,6326.65370696808
"587","bias_pr[33]",0.197666098485517,0.205528345,0.237699673287818,0.2262149589987,-0.1997999145,0.564586072,0.999926243623493,6139.64729189727,5623.53637768182
"588","bias_pr[34]",1.43178000765999,1.43625605,1.01742437618943,1.042083483168,-0.2573300305,3.118925565,1.00027354864203,6085.6236592821,5635.87576112556
"589","bias_pr[35]",0.317510595920551,0.32756412,0.231988373586649,0.223997916765,-0.07574327675,0.679090822,1.00082026876919,5318.40517680452,5266.04214148485
"590","bias_pr[36]",-0.0413703963639287,0.052707862,0.498855356665254,0.428240344203,-1.00497689,0.603940062,1.00028473517593,6289.39443618772,4894.30642980194
"591","bias_pr[37]",0.497797615473529,0.5529767,0.39340401027858,0.342806616327,-0.207772953,1.03672062,1.00044757790147,5763.88171802576,3570.77339924688
"592","bias_pr[38]",0.29680133923722,0.353789425,0.412500941033409,0.361307462817,-0.4678195265,0.860721714499999,1.00055634519234,5602.926766321,5089.21726763101
"593","bias_pr[39]",-0.869489469287846,-0.83965768,0.481581662391953,0.474240796491,-1.733723065,-0.1441979615,0.999989945579621,7294.47130283049,5962.45180563274
"594","bias_pr[40]",-0.168721297957261,-0.15544356,0.241063350223994,0.231119133672,-0.5803202825,0.204675741999999,1.00033488627352,5587.48150192252,5159.9977499874
"595","bias_pr[41]",0.949780783349476,0.96800601,0.293395478280436,0.267841942179,0.4443530125,1.39199261,1.00058761689849,5612.95409607879,4746.45912696875
"596","bias_pr[42]",-0.0623709016318763,-0.010087503,0.451233001595207,0.430766902167,-0.8778649515,0.5818404335,1.00062105295665,6528.21308018288,5687.71582417357
"597","bias_pr[43]",0.00766072129175314,0.041270979,0.382931008747143,0.3703899386166,-0.682102765,0.572354369,1.00060163083773,6846.96088384379,5725.26859165106
"598","bias_pr[44]",0.0375334881081414,0.106455445,0.414625436647684,0.349050652944,-0.74201095,0.577781146,1.00107506103773,5721.40432316655,3814.61195223376
"599","bias_pr[45]",0.58135525351908,0.60515881,0.305883502447382,0.272322515052,0.04489394475,1.03259467,1.00008927291331,5087.6470357364,3740.71942023119
"600","bias_pr[46]",0.599835158042687,0.61687242,0.27237281488607,0.252530005203,0.147127744,1.017955115,1.00095059976326,5904.29896463195,4992.55598950218
"601","bias_pr[47]",0.457968027131054,0.551349055,0.636706426767698,0.618977101071,-0.733206284,1.323736045,1.00083139957431,6314.35241698256,5887.07541395082
"602","bias_pr[48]",0.553511801621962,0.61332601,0.391960141982204,0.330839358234,-0.182262047,1.07678512,1.00106233870902,5005.41703305778,4426.4986472445
"603","bias_pr[49]",0.30088801816701,0.34772707,0.359729281268684,0.311181935484,-0.331690015,0.7863728495,1.00054834759109,6127.33891821169,5096.10858474373
"604","bias_pr[50]",0.10433920967836,0.133370545,0.461660974923779,0.448078547784,-0.7130698225,0.804540951,1.00074565527497,6488.8789826672,5322.53963203961
"605","bias_pr[51]",-0.628648831176463,-0.620412125,0.334153381826363,0.330949559892,-1.192820705,-0.0932718101500002,0.999811063473497,6126.32010275502,5706.12721221725
"606","bias_pr[52]",-0.552840423769474,-0.51144205,0.336333632974535,0.316240618575,-1.160021455,-0.0704785895000002,1.00006126636755,5884.05176574324,5342.31149660892
"607","bias_pr[53]",-0.680184684165227,-0.63036344,0.593047143645789,0.599957010996,-1.732297565,0.200084817,1.00128939093688,7192.9627585488,5808.33278169143
"608","bias_pr[54]",-0.0900699683809044,-0.075650202,0.302597385862652,0.29775611775,-0.6064102965,0.377310609,1.00025954152027,6438.31072825566,6369.17174211874
"609","bias_pr[55]",0.402988625251881,0.43367114,0.323838090517511,0.289336017222,-0.1593061715,0.853380801,1.00022254524912,5373.67113528221,3715.93349670972
"610","bias_pr[56]",-0.228603478586204,-0.19166622,0.643694767035504,0.663100841214,-1.330064225,0.7664427765,1.00185215440603,7657.30027612414,6015.61871927082
"611","bias_pr[57]",-0.343745885693334,-0.27879362,0.404672529622612,0.356479642785,-1.09341654,0.2038486125,0.999883730708858,7328.36165449425,5454.95021431314
"612","bias_pr[58]",0.468253622933071,0.481238115,0.4782448252847,0.469861685349,-0.3488014755,1.22528157,1.00039606151226,7062.31396429285,5461.05328823414
"613","bias_pr[59]",-1.23404496943156,-1.21027615,0.449223261641194,0.445193341467,-1.994136205,-0.5345636455,0.999921667515436,7870.73860651987,6335.30418133196
"614","bias_pr[60]",0.946001120451322,0.87975421,0.467120321229935,0.43915338474,0.3027133075,1.821871335,1.00005024286154,4913.06727790038,5057.11173365727
"615","bias_pr[61]",-1.78472587962375,-1.771575,0.314624627435295,0.31943669646,-2.3246244,-1.29181867,1.00052938289101,4811.21375985781,5751.5425862813
"616","bias_pr[62]",-0.462334483387362,-0.46404004,0.236855450164244,0.237797364525,-0.847791287,-0.0745311373500003,1.00034641417006,4810.04438675898,5600.36898706628
"617","bias_pr[63]",0.0432785625283263,0.063821695,0.533760656302381,0.521616997797,-0.879225943,0.8924259885,1.0006273328047,7599.95385339933,4904.58292734596
"618","bias_pr[64]",-0.77482284731898,-0.75136225,0.541540718720513,0.53607591345,-1.694735755,0.0743904354999999,1.00033422884313,7658.08346470333,5895.85120910213
"619","bias_pr[65]",1.41751231696051,1.4250926,0.30778891659617,0.28643409459,0.908563464,1.89404641,1.00006564295576,5680.11672749083,4800.17503624504
"620","bias_pr[66]",0.03821150637233,0.044512797,0.247321296686286,0.2396054441508,-0.3733800435,0.427682697,1.00025872567438,5965.20740259018,5448.37181695551
"621","bias_pr[67]",-0.314824273440165,-0.29356,0.427492335822656,0.42051859972122,-1.042775395,0.345860922,0.999753991408359,7475.62329994813,5236.11387591954
"622","bias_pr[68]",1.69836262067334,1.78107225,0.686770938737344,0.63518505477,0.439393258,2.68885811,1.00044369448893,5965.19071712547,4877.07669264699
"623","bias_pr[69]",-1.30925706481636,-1.28065315,0.582481141390751,0.586455677031,-2.29186593,-0.407777441,1.00032795711859,8307.37335577239,6126.69018885126
"624","bias_pr[70]",-0.554131919378477,-0.52909365,0.727734274490544,0.7292361342084,-1.787368905,0.609916778,1.00009346433754,8487.41077427751,5901.44939585007
"625","bias_pr[71]",-1.41422145755811,-1.3894444,0.511871946986389,0.50637913893,-2.28938482,-0.622212716,1.00017007568919,8794.92165316285,6218.80140732574
"626","bias_pr[72]",0.363706804840385,0.42171411,0.724819772823919,0.752907534855,-0.9171862755,1.431681025,1.00006411206708,7216.5732177865,5348.50763478921
"627","bias_pr[73]",-0.479820369843259,-0.455177695,0.356925966795027,0.354111871281,-1.10576,0.0519848666499993,1.00032777327632,6381.52032473858,5260.97780044114
"628","bias_pr[74]",0.809077005321203,0.854412915,0.481933801894485,0.465771577425,-0.03120880165,1.52653573,1.00048926357265,7352.09725760524,5304.48078013534
"629","bias_pr[75]",-0.183040716575296,-0.142230475,0.518384842119267,0.52501942395,-1.11519381,0.579656576,1.00094713764861,5126.55957730901,6085.87759711282
"630","bias_pr[76]",1.35391470798451,1.440195,0.502103278322715,0.41580547407,0.3875576185,2.00242221,1.00122421265701,4991.46846709661,4464.47884357011
"631","bias_pr[77]",-1.2498622211702,-1.2394682,0.600751805640597,0.579365283378,-2.250117845,-0.264005575000001,1.00024498496032,7927.22583723524,5576.95681843194
"632","bias_pr[78]",-1.15999886272376,-1.1303889,0.882598152472676,0.92737601103,-2.67897199,0.2322306185,0.999846300178274,3929.20358637212,5721.54687139405
"633","bias_pr[79]",0.332174876029582,0.388423045,0.379587312187906,0.315524218842,-0.3589036535,0.8413742105,1.00066228849112,5696.08797242403,4178.08400446357
"634","bias_pr[80]",-0.295285155436159,-0.231719965,0.409071326030579,0.3710490877506,-1.06226892,0.26679665,1.00047492575037,5614.95436508192,4642.12969670355
"635","bias_pr[81]",-1.56875103939375,-1.5264005,0.396814563542908,0.3713846283,-2.28095257,-0.9962583175,1.00060397060699,6102.71074375143,5198.81924125766
"636","bias_pr[82]",1.18811383275998,1.27433215,0.663067101821807,0.6241805304,-0.0365018107,2.10909565,0.999736138247068,7242.34551296188,5914.79416259551
"637","bias_pr[83]",-1.44540025458375,-1.4261367,0.38604940809768,0.38550995154,-2.108780995,-0.845829306,1.00033833505836,6018.15289195354,5737.23483674025
"638","bias_pr[84]",-0.23843224137845,-0.22662922,0.371631293304404,0.3615683425956,-0.8656123545,0.350237323999999,1.00041307214916,6260.27931053276,5472.51461751592
"639","bias_pr[85]",-0.400058373295099,-0.383504095,0.371475226713019,0.363507166785,-1.04326148,0.169766395,1.00030936789712,6500.87881972724,5746.80835592913
"640","bias_pr[86]",0.352605786419085,0.389468965,0.370562202021868,0.341726764617,-0.2924522135,0.8715793885,1.00070867377203,6496.86894616334,4795.04336559931
"641","bias_pr[87]",0.264494393039985,0.357227485,0.666047935010339,0.666901938507,-0.9576828305,1.187589975,1.000317348311,7393.20808438649,6397.84573284971
"642","bias_pr[88]",0.639379220998599,0.72300048,0.790302203695406,0.801815017332,-0.774914457,1.786061785,1.00074154487135,6431.28083139861,5568.65629066917
"643","bias_pr[89]",0.6111304300693,0.599610725,0.247114166593804,0.234471900138,0.2326874145,1.02115277,1.0003789435966,3825.04039793716,4986.73130276161
"644","bias_pr[90]",0.0111743011399745,0.067935124,0.408762257704899,0.369946513713,-0.747545773,0.5864076505,1.00039830940016,6425.39786047643,5519.45064383593
"645","bias_pr[91]",-1.23159707886875,-1.20887205,0.311727453614097,0.30051293832,-1.78304172,-0.7680593015,1.00079680133483,5343.93426540273,5031.3223675669
"646","bias_pr[92]",0.101151390005121,0.11085343,0.247246309106336,0.2362227061845,-0.3146618685,0.492257561,1.00085536269424,5134.07502878326,4709.37056455762
"647","bias_pr[93]",0.117802528757685,0.183833435,0.414976662772049,0.367134599727,-0.6487148055,0.6803833435,1.00050859956021,7076.0191460283,5526.77278359068
"648","bias_pr[94]",0.908047881203561,0.97329219,0.596349340092401,0.570102191316,-0.1663516375,1.79762424,1.00029854000206,7280.16794549203,6090.16623368976
"649","bias_pr[95]",-0.912777634235875,-0.91055879,0.265462019319792,0.265996031049,-1.35888085,-0.4876955345,1.00013164145899,5456.12108755583,5872.07354975359
"650","bias_pr[96]",0.805606045831409,0.86895083,0.40949751455536,0.351264678828,0.034754502,1.358298215,1.00086288331781,6312.25083352687,4806.92301415848
"651","bias_pr[97]",-0.66409603833869,-0.63768387,0.575536146563314,0.556651992225,-1.6694723,0.228874624,1.0003898651127,7981.52003230288,5541.14778256249
"652","bias_pr[98]",-0.509996870171444,-0.506938115,0.253207827884811,0.252479396652,-0.9239282185,-0.1031541235,1.00046391441055,5465.98608507683,5671.05980721941
"653","bias_pr[99]",1.2419232575966,1.26195735,0.312334360102489,0.28865236071,0.728299369,1.706934085,1.00049791388924,5293.97493873656,3578.55950062932
"654","bias_pr[100]",0.60994554548479,0.653655295,0.678663408873424,0.678413845662,-0.5809290795,1.649243105,1.00015289159661,7718.62265653188,5983.65865665439
"655","bias_pr[101]",0.308702035827225,0.37431098,0.524687241695835,0.498850414587,-0.6537995855,1.06143192,1.0015843486839,6522.72800076061,5874.39417811499
"656","bias_pr[102]",1.09132719853333,1.1091906,0.297655805792112,0.27803138496,0.5867877285,1.541551455,1.00075622030534,5848.73009543209,5070.09689452775
"657","bias_pr[103]",0.9988655897355,0.99641337,1.0071758101479,1.022536528944,-0.64797964,2.665502185,1.00006447580021,8597.36289698265,5571.51913544347
"658","bias_pr[104]",0.459547067781276,0.455122285,0.225890536197709,0.221502990072,0.0921548888,0.837184443,1.00064842263145,3692.89483348869,5349.50464772155
"659","bias_pr[105]",-0.98843964037308,-0.962292925,0.543962914176338,0.545563700955,-1.91734702,-0.129152359,1.00007095012706,8256.61042200925,6063.87709007718
"660","bias_pr[106]",-0.454978347029297,-0.437850865,0.264932406097198,0.248804505684,-0.914681182,-0.0607603860500002,1.00055334497006,5942.21814764787,5330.76635377424
"661","bias_pr[107]",-0.366652784450616,-0.344963655,0.559064848818832,0.5628645006117,-1.331883525,0.507907696499999,1.00025452476987,6916.80804718298,4996.96245483863
"662","bias_pr[108]",-0.752314032353657,-0.72304352,0.584952987944295,0.564511262238,-1.764677935,0.142417937999999,1.00056040798629,7434.81821096219,5985.85467201146
"663","bias_pr[109]",0.640821912710187,0.66608919,0.571947962760509,0.565802777337,-0.3562936275,1.5167522,1.00012406994241,5084.86914993291,5801.26058091836
"664","bias_pr[110]",-1.12793453616901,-1.0993854,0.537727403549949,0.548971093818,-2.058784745,-0.295747356,1.0003256566412,7640.32007603427,6006.01463535733
"665","bias_pr[111]",1.74267584144262,1.75611705,0.331572806216827,0.30384752811,1.18148043,2.254492145,1.00012485697093,5199.01024590206,4639.46729204892
"666","bias_pr[112]",2.02753119345,2.0155707,0.278729036570783,0.27494342568,1.5861712,2.50104045,1.0005701977555,3261.8001398373,4125.16175427858
"667","bias_pr[113]",0.212162926183954,0.20664609,0.216451814561498,0.2171009297646,-0.1381001495,0.5775825395,1.00095199281716,4502.69940496692,5643.68906432431
"668","bias_pr[114]",-1.24882898733425,-1.1914076,0.455383865488666,0.432883498992,-2.084689875,-0.6082654255,1.00031139945997,5761.5945658507,5255.7450643211
"669","bias_pr[115]",0.0715350098801606,0.0696320435,0.226644826685673,0.223239833733,-0.292408339,0.442010564999999,0.99980622885129,4280.17988743599,5605.38644912414
"670","bias_pr[116]",0.122318389747416,0.17981818,0.770190278336639,0.804406357503,-1.235939845,1.25126742,1.00004206007828,8062.25864518568,6489.4951449709
"671","bias_pr[117]",-0.543576477889959,-0.48883419,0.617357701193666,0.6178820200938,-1.651472115,0.3613002465,0.999836909687496,7206.93501207682,5937.75659475671
"672","bias_pr[118]",0.234238552130282,0.317451495,0.469389806801508,0.408373370769,-0.67373573,0.8455509835,1.0007180073154,6196.31792711442,4863.38503652842
"673","bias_pr[119]",0.175873370097837,0.23691058,0.411538161440091,0.3708311944764,-0.5991040625,0.7355298025,1.00012131790095,6605.86204868463,5115.48287995987
"674","bias_pr[120]",-1.0813768393944,-1.0659324,0.415858085495662,0.403298342013,-1.7971638,-0.4306970345,1.00011830080072,5899.5973828975,5886.7993458611
"675","bias_pr[121]",0.552435894634031,0.554228225,0.215369283339216,0.212661986817,0.2050651165,0.9003557595,1.00014793159125,5133.73770723758,5702.33093788386
"676","bias_pr[122]",1.20978656996968,1.2359566,0.342869483549866,0.30692547984,0.6163229005,1.71889273,1.00076235296651,5964.62574842969,5423.34312294281
"677","bias_pr[123]",1.0178043591725,1.01400285,0.235427261542896,0.23388971277,0.6416097475,1.41037181,1.00042978463584,3650.26453456108,4571.23120609275
"678","bias_pr[124]",-1.47210553938788,-1.4535716,0.41339963429947,0.4053621138,-2.17657043,-0.8236599615,1.00084167164822,7785.23570395395,6008.77654023451
"679","bias_pr[125]",1.01979256683617,1.08568765,0.673711566121242,0.665252019684,-0.179967094,2.01279653,1.00018551643794,7842.63419104661,5841.29902294716
"680","bias_pr[126]",0.683073479880019,0.73587591,0.394381191484292,0.321467287659,-0.04486666,1.20378087,1.00110777658457,5479.47739066937,3916.97509364803
"681","bias_pr[127]",-2.315292034825,-2.30476885,0.37699310536815,0.3831542484,-2.95164826,-1.71110599,1.00019377732085,5875.16154306737,5751.30268052855
"682","bias_pr[128]",-1.9500317493675,-1.9323076,0.322936460036776,0.32269723038,-2.499194115,-1.4568472,1.0001280522724,4818.3371162932,5561.69759465997
"683","bias_pr[129]",0.766371863885087,0.775056605,0.278278598965172,0.255520394577,0.291161561,1.20665869,1.00009030011929,5117.20507320149,5345.38068002623
"684","bias_pr[130]",0.694572271549027,0.733477565,0.358416870287779,0.314353683903,0.0522367033500001,1.207522335,0.999845247317279,6532.33062908977,4597.3705918681
"685","bias_pr[131]",0.695493424000044,0.772455085,0.541171168192571,0.513772576023,-0.287309428,1.442150545,1.00022608944165,7130.93124018673,6249.67815461027
"686","bias_pr[132]",0.354833396667496,0.404915625,0.731448266415596,0.730732961238,-0.9362597095,1.48354589,1.00093304999271,7374.94992380848,6241.27362951254
"687","bias_pr[133]",0.562477513318852,0.631561985,0.638671907423478,0.649417673772,-0.578160178,1.46063013,1.00030439819454,7470.18424591082,5783.37644893725
"688","bias_pr[134]",-0.168761293687131,-0.110806775,0.453183822258173,0.433868790474,-0.996764567,0.4593569555,1.00080627933388,7011.79967290364,6231.05948390246
"689","bias_pr[135]",-0.0840136233895404,-0.043595405,0.343343425791471,0.313166054586,-0.705740173,0.4009305125,1.00098403044465,6545.76699357153,5057.83806278665
"690","bias_pr[136]",-0.302339602581635,-0.29088007,0.349263938968242,0.3481206935766,-0.891055108,0.24559458,1.00010059006698,6947.31853246284,5683.90333647936
"691","bias_pr[137]",-0.096312869864635,-0.0688345185,0.679462412543649,0.6961526009109,-1.258228695,0.9572617755,1.00042329278928,7114.8380003776,5721.65183920517
"692","bias_pr[138]",-0.207423777756492,-0.2043152,0.214985595580444,0.2145796913694,-0.5599849725,0.141285021499999,1.00184375283446,4706.84518516824,5401.6634860827
"693","bias_pr[139]",0.0917980219073585,0.139642455,0.343441905296723,0.2818408263258,-0.532149025,0.54869186,1.00019149241535,4889.60507875777,4018.77695056507
"694","bias_pr[140]",0.592535250662055,0.588062525,0.22012403341057,0.215788530762,0.2333847595,0.96095343,1.00178596278199,4700.14783816792,4712.81380210505
"695","bias_pr[141]",-0.493359386571448,-0.479198155,0.392079185570917,0.384712394283,-1.15928107,0.112406030999999,1.00030135851991,6430.03892102026,5627.99561659145
"696","bias_pr[142]",-0.554686885798941,-0.520015345,0.848969342669667,0.8890161867678,-1.98993144,0.774231593,1.00041641579096,7843.4959323038,5773.19493146353
"697","bias_pr[143]",0.22440376520543,0.241638695,0.349110710096463,0.3345236310948,-0.385009824,0.760755729999999,1.00048195919988,5055.83816316215,4617.50764601967
"698","bias_pr[144]",-0.463548395239761,-0.432596565,0.779902359372188,0.81565468803,-1.81205547,0.7309135655,1.00053150368346,6972.18910938495,5850.53799909196
"699","bias_pr[145]",-0.86802329680185,-0.841756635,0.302905048402772,0.285100073349,-1.39993964,-0.4188628645,1.0013430428461,5450.33515939262,5466.1549982255
"700","bias_pr[146]",-2.0364134412225,-2.02312305,0.389376155103525,0.39003291936,-2.694281965,-1.42775822,0.99989680408771,6089.33199566377,5867.85346039985
"701","bias_pr[147]",0.399851591552665,0.454555445,0.477325940866402,0.452094614664,-0.4813066265,1.077568145,1.00055352348168,6588.24713037609,5282.25411583117
"702","bias_pr[148]",-0.108673725505555,-0.0749673605,0.671706408961214,0.681835649397,-1.27074158,0.926711063,1.00041681009431,8107.20122993449,5895.10089167895
"703","bias_pr[149]",-0.571612692737078,-0.551362335,0.367411974357515,0.355117667121,-1.196032565,0.00394736253499994,1.00021751851034,7757.08725455773,5719.2415779176
"704","bias_pr[150]",-0.144218434691123,-0.137613035,0.251371516365371,0.2456798357454,-0.5739000515,0.2496863665,1.00011217950771,5849.34851971465,5365.7168940917
"705","bias_pr[151]",0.799119861691306,0.841760345,0.408260114322515,0.371812640094,0.04760746875,1.38804399,1.00108273240953,6340.27149417917,5421.67252893108
"706","bias_pr[152]",-1.55938753005519,-1.5587471,0.521626433346298,0.52719113643,-2.421478805,-0.725271668000001,0.99972312820386,8188.12917629781,6147.1039749359
"707","bias_pr[153]",-0.727914936923775,-0.7075033,0.392858541446854,0.388025271396,-1.399932015,-0.108314891,1.00072691331822,6523.44154694527,6108.29948641211
"708","bias_pr[154]",0.728608919756656,0.78731256,0.447211138462933,0.409984771644,-0.09974454355,1.357403035,1.00049764758959,6596.0077255952,5150.92710351435
"709","bias_pr[155]",0.64154002725435,0.627016215,0.261864081056451,0.249929435847,0.2435007415,1.09427968,1.0003318559987,3871.69156647498,4467.43852189314
"710","bias_pr[156]",1.567245831995,1.55884315,0.247824215116394,0.25020038841,1.1737202,1.985642575,1.00022008438928,3501.72610534037,4856.72382489922
"711","bias_pr[157]",-1.46430708760773,-1.44868835,0.587980528187686,0.58060298751,-2.47380716,-0.5370930465,1.00026408383408,8464.18988103886,6412.58599317546
"712","bias_pr[158]",1.56100196090708,1.62419865,0.492734045376698,0.4127647356,0.6456695185,2.21975274,1.00048351999865,5054.96648038798,4606.2412124399
"713","bias_pr[159]",-1.43363979153475,-1.4107836,0.481122720115794,0.4791348072,-2.26788967,-0.67039217,1.00038941713175,7659.29288577404,5982.86745555325
"714","bias_pr[160]",0.137479120346116,0.15204142,0.744180772988837,0.731810233224,-1.104589395,1.355836985,0.999911539630162,9545.10876555142,6040.07235582861
"715","bias_pr[161]",-0.720691528645942,-0.673101235,0.484063032849019,0.464473939188,-1.587027985,-0.00908218748000052,1.00046574462741,6002.30914180799,5714.0622795687
"716","bias_pr[162]",0.325708960083296,0.349014905,0.526733003591348,0.52683451130709,-0.575629737,1.1443159,1.00077650728038,7972.80828294743,6113.93054892608
"717","bias_pr[163]",-0.697489085939358,-0.640448715,0.438885200828688,0.409751951553,-1.49677215,-0.0925566073500001,0.999804371441091,6175.82527409163,4812.37127255284
"718","bias_pr[164]",-0.41435344132571,-0.38159291,0.381353922973493,0.36762957315,-1.094197645,0.1443764285,0.999816170677631,6236.69452924425,5535.59210481824
"719","bias_pr[165]",-0.000645970411077251,0.052985731,0.395048198616871,0.3643072652184,-0.718216197,0.5458713225,1.00058688827223,6501.84107429992,5428.40610005382
"720","bias_pr[166]",0.174425905514635,0.23317024,0.384143842645984,0.3169391085,-0.5462090965,0.680656712,1.0000972284733,4798.89887263125,4590.50183835374
"721","bias_pr[167]",0.6221064896944,0.61793493,0.216782138745398,0.213243803535,0.2696971655,0.989111267,0.999959052852421,4045.88577425306,5003.08004832901
"722","bias_pr[168]",0.577764668757469,0.604060445,0.316291986163827,0.295199581614,0.0335746032,1.040152165,1.00086293254557,5935.91761333062,4776.6039663
"723","bias_pr[169]",0.442494805147376,0.470034515,0.376102245659507,0.355923838284,-0.210497785,1.005563255,1.00009268924024,5025.30956264101,4951.01469982467
"724","bias_pr[170]",1.38798357517633,1.43374725,0.391871578372,0.32687082351,0.6745990425,1.92672525,1.00168537612344,5403.14266992902,4075.17987326005
"725","bias_pr[171]",1.16548233055131,1.1439621,0.52245009861066,0.520771782363,0.3412978755,2.0617386,1.00039802587299,5534.32426917146,5092.07288972771
"726","bias_pr[172]",-1.06772787540792,-1.0268339,0.413590357725026,0.400890770112,-1.801211865,-0.4676471135,0.999973737643744,6624.52960589501,5340.73201767334
"727","bias_pr[173]",-0.0566238268757534,-0.0505820425,0.236979602844204,0.2285440094385,-0.448271003,0.3162571945,1.00032466405498,5337.71379426102,4754.02795640226
"728","bias_pr[174]",-1.02558255651408,-1.00450525,0.436461183822459,0.43149027012,-1.78153933,-0.3484997265,1.00087818338231,7926.17128937835,6065.15382770886
"729","bias_pr[175]",0.80110191446485,0.809107225,0.248628329096347,0.242049817149,0.387255192,1.195412765,1.00040878062801,5392.91417329762,5360.74884171399
"730","bias_pr[176]",0.171912857632444,0.217211665,0.738473663947508,0.769178491641,-1.13346998,1.29487611,0.999909288932533,7553.13514725498,6144.25725436337
"731","bias_pr[177]",-0.6071193115223,-0.550673445,0.556531719899378,0.555200059806,-1.61776743,0.1940425745,1.00074545994543,6355.80182242939,5539.73777970828
"732","bias_pr[178]",0.233543286499656,0.252003155,0.318806346892927,0.310142151039,-0.312819172,0.73080072,1.00059170291281,7040.35603034887,5854.48934310671
"733","bias_pr[179]",-0.920210502174214,-0.918686235,0.80076835768959,0.778314406275,-2.223933745,0.4144446825,1.00086408853164,10614.4194611064,5406.79612314074
"734","bias_pr[180]",0.23597127394149,0.242494125,0.244075773326073,0.2339449158984,-0.1668218285,0.614590766,1.00025023309714,5500.33877928053,5426.04018114142
"735","bias_pr[181]",-0.294138956437271,-0.28179203,0.271083542747615,0.25963943544,-0.750766475,0.121183366,1.0009637479761,5939.16289110184,5983.95267235266
"736","lambda_pr[1]",0.619217891142191,0.592702025,0.800307722024026,0.764524669545,-0.6438705335,1.947250305,1.0009958900763,7717.32854736894,5488.0011924996
"737","lambda_pr[2]",0.90252023943202,0.953231825,0.890860008691414,0.832849697505,-0.6459713615,2.274369795,1.00064054930757,8269.35839477807,4675.12905585313
"738","lambda_pr[3]",-0.0582981485567962,-0.054744978,1.03186358854663,1.0377779134338,-1.728444495,1.67001146,1.0011566012635,12460.7528046103,6034.6133177578
"739","lambda_pr[4]",-0.302668936747669,-0.298367305,0.562413144189737,0.532123198068,-1.21331097,0.6030491365,1.00017318539289,4847.8724952952,4830.19351999907
"740","lambda_pr[5]",-0.187738207868816,-0.21890374,0.646630259343987,0.601745337942,-1.20704691,0.929583712999999,1.00052752330369,5240.16940117666,5165.21527373918
"741","lambda_pr[6]",0.62917349004309,0.58217271,0.719408075667367,0.689283082782,-0.4870476905,1.87811608,1.00054263284359,8267.87031895528,5401.45960234792
"742","lambda_pr[7]",-0.314606517936543,-0.331526585,1.03143330229709,1.042363005159,-1.959240205,1.433948765,1.00025282560572,11122.6080415553,5124.10106666754
"743","lambda_pr[8]",0.41715990867294,0.413126365,0.800148595040045,0.7505914230654,-0.8861521205,1.76176888,0.999775661785268,10349.8951388281,5878.33466434134
"744","lambda_pr[9]",-0.00370220698147659,-0.0120431965,0.943328394668561,0.9360054005631,-1.537008495,1.527404215,1.00086198834748,11231.5978495345,5954.40311215592
"745","lambda_pr[10]",-0.418579975026828,-0.47539575,0.943303059195115,0.910690726848,-1.892338655,1.22152009,1.00122304881225,9459.7926283283,6174.7801128545
"746","lambda_pr[11]",-0.00525465885537002,-0.013959642,1.07620406335166,1.114006699785,-1.77314373,1.74391093,1.00092138891596,10961.7837029492,6330.26683498362
"747","lambda_pr[12]",-0.0263335016674969,-0.030232197,0.975287563318035,0.9438975968982,-1.61487167,1.579250605,1.00043212639353,12617.4610970454,5583.36833324875
"748","lambda_pr[13]",0.0187670855507525,0.0287881735,1.02886354325321,1.0318580183961,-1.66462135,1.69943154,0.999925963871568,11145.1890427528,6249.13529569214
"749","lambda_pr[14]",0.0495273372027963,0.0508684025,0.936938353702875,0.925047002103,-1.48428213,1.60469866,1.00012687826042,11767.7221093608,5808.5172265325
"750","lambda_pr[15]",-0.0708579235783231,-0.0554024015,0.994563596525758,0.9917363442,-1.72385583,1.577252375,1.00064254493807,13805.5085799969,6269.20786838961
"751","lambda_pr[16]",-0.300939307205406,-0.30156461,0.974772643089576,0.953681300985,-1.894120955,1.341765925,1.00059672293061,9770.115578104,6088.31166551865
"752","lambda_pr[17]",-0.34743457319468,-0.372351795,1.03237873280938,1.038343365213,-2.02376058,1.377534875,1.00064402744756,10128.5616295665,6584.77986182445
"753","lambda_pr[18]",-0.360293767040767,-0.40416797,0.991188055245737,0.973968665649,-1.951263395,1.304641545,1.00065765643223,10628.658887306,5638.29085661883
"754","lambda_pr[19]",-0.310181512970976,-0.34868964,0.998766235107203,0.995883977004,-1.893808265,1.394837285,1.00104389538101,11623.0724055407,5807.49685961846
"755","lambda_pr[20]",-0.199474439177907,-0.214226895,1.00136123785396,1.009658546736,-1.79161072,1.47468143,1.00008457295051,10655.1591859134,5100.13702518926
"756","lambda_pr[21]",0.527111527111519,0.485871275,0.72686688372965,0.68835079425,-0.614987599,1.747957705,0.999893709563879,6869.63887969938,4609.24488705789
"757","lambda_pr[22]",-0.0944410474976439,-0.109424305,1.02474257913197,1.028693077335,-1.753849955,1.596375785,0.99979160366788,12937.5744011658,6067.64652476977
"758","lambda_pr[23]",-0.109304754301465,-0.12790747,1.00310384708563,1.01533763121,-1.73131005,1.5513228,1.00031603652553,11306.2942910775,6325.24503764826
"759","lambda_pr[24]",-0.309471917793213,-0.309274075,1.03145692295935,1.030152400515,-1.966836425,1.40948568,1.00044985410187,10568.9917181149,5634.27153211847
"760","lambda_pr[25]",0.959063760311275,0.950745925,0.794171445038648,0.759211846575,-0.3565069855,2.27870122,1.00026319431092,8992.67126162801,4854.87174112897
"761","lambda_pr[26]",0.0157052231834875,0.028514242,1.03951094237432,1.040660631948,-1.68897152,1.697110265,1.00049687602768,12405.6087018331,5969.66347143455
"762","lambda_pr[27]",-0.00568976467524252,-0.00761943835,1.02756632680913,1.01973900855771,-1.717003235,1.668784465,1.00120802730099,12895.8176603937,5444.88056269801
"763","lambda_pr[28]",0.0684907125370714,0.033034805,0.893285684069187,0.886018987812,-1.3293913,1.620006325,1.00066788949051,9477.5405838763,6240.8363072676
"764","lambda_pr[29]",0.195493241151851,0.183544175,0.982030756437943,1.00548731094,-1.381342105,1.82919176,1.00022144077088,10776.1979129319,5566.94856236045
"765","lambda_pr[30]",1.05288549611344,1.02210065,0.767915195923856,0.75870957876,-0.153587928,2.345213045,1.00032524262552,7793.12391752047,5579.31405380554
"766","lambda_pr[31]",-0.358239474964734,-0.37228498,1.04929235846274,1.052862266862,-2.03264922,1.424954555,1.00007308591352,10411.1901851908,6516.14731958745
"767","lambda_pr[32]",-0.115035124169801,-0.124928665,0.963159770479457,0.968044314657,-1.656592115,1.462428845,1.00014219722752,11813.2851413246,6174.05831870991
"768","lambda_pr[33]",-0.418923114206379,-0.436999145,1.01983710363059,1.013854104585,-2.06228683,1.291390745,1.00052370369894,10343.9047974245,6726.32303827786
"769","lambda_pr[34]",-0.898097431322136,-0.9179556,0.793454504389375,0.732116634753,-2.1359958,0.43576299,0.999987087305671,7555.56391635269,5060.07798890586
"770","lambda_pr[35]",-0.296505402917407,-0.31945859,1.02787987941553,1.048232722341,-1.963385605,1.42008382,1.00068431543401,9438.03382377045,5747.77890278157
"771","lambda_pr[36]",-0.182949848835577,-0.195777445,0.947438674689885,0.9426170649,-1.72470257,1.3765186,1.00055039232733,12062.0112134897,5917.0824152248
"772","lambda_pr[37]",-0.267814082121131,-0.29185753,1.04391553529417,1.041431606187,-1.944842145,1.47311926,1.0002519138859,8924.12608833394,5718.20074665357
"773","lambda_pr[38]",-0.24669262263117,-0.26731424,0.916682488677418,0.893759887041,-1.714575525,1.284338175,1.00098019515483,9248.2418911942,5687.11588709364
"774","lambda_pr[39]",-0.0972732712488962,-0.12836659,0.650267011910625,0.599518939761,-1.10187929,1.04381424,1.00124108641209,6198.31352578481,5592.50414779891
"775","lambda_pr[40]",-0.390147163956775,-0.419374605,0.988684508854276,1.002768215127,-1.936486305,1.277553745,1.00039122519912,8936.57222384415,6686.29351831382
"776","lambda_pr[41]",-0.285982815338439,-0.307512015,1.05087317790603,1.056975169761,-1.96651849,1.46883529,1.00060508682139,10746.8596616055,5700.63648993975
"777","lambda_pr[42]",-0.137715689495617,-0.18480672,0.969148122731218,0.946079632722,-1.652599405,1.535745915,1.00105415606207,10505.6157516416,5867.75325094084
"778","lambda_pr[43]",-0.281038695483912,-0.32745468,0.92541376876636,0.895151233011,-1.76797131,1.312936145,1.00025968341957,10730.9346128746,5918.68351668818
"779","lambda_pr[44]",-0.320764210419836,-0.334387235,0.985093295967362,0.987070794738,-1.921175835,1.309205195,1.00015255534447,9931.58918991389,5871.08289969556
"780","lambda_pr[45]",-0.311089009825433,-0.32077609,1.02237364506654,1.037060782779,-1.94635157,1.3971573,1.00207304412907,11478.2313221495,5932.59956996038
"781","lambda_pr[46]",-0.131212076928283,-0.121453375,1.06306981674656,1.073316727959,-1.897613835,1.59475712,1.0009024399554,10261.7094251352,5351.43102521718
"782","lambda_pr[47]",-0.25983983139753,-0.28686321,0.947401068038885,0.919631805603,-1.80860359,1.337679565,1.00068678315401,12159.7255532838,6124.19895594148
"783","lambda_pr[48]",-0.350859850962481,-0.36755637,1.00701489477375,0.986230975968,-1.99608761,1.3173352,1.00108944142244,9456.48275433678,5674.01764534016
"784","lambda_pr[49]",-0.262746895975872,-0.281815065,1.03896301875829,1.032927116067,-1.93650695,1.46996146,1.00083040424618,10673.4027779454,6043.61500560968
"785","lambda_pr[50]",0.174319170577334,0.15797823,0.830735560069545,0.802710226038,-1.147521035,1.57386555,1.00144021295649,9704.87535812925,5364.29339820356
"786","lambda_pr[51]",1.01510770884115,0.993725115,0.793650984286702,0.781645119066,-0.2367165825,2.32534309,1.00083396970311,8430.17860413936,5628.10204807138
"787","lambda_pr[52]",-0.357048359067518,-0.39763482,0.95522939994671,0.941114864928,-1.829591295,1.29198156,1.00050347181552,12363.7828588663,6248.06727864604
"788","lambda_pr[53]",0.197653244837025,0.18881046,0.910875203551894,0.904140740895,-1.289717275,1.709508305,0.999962595309699,11996.3686241984,6262.34519598942
"789","lambda_pr[54]",-0.359975885161439,-0.40644785,0.803978445201767,0.7496716350753,-1.61925814,1.028361625,1.00018413044585,8291.99818960427,5453.31708224714
"790","lambda_pr[55]",-0.287362498924089,-0.29263195,1.04379842427774,1.07300113431,-1.98965729,1.44249882,1.00009482907582,9887.96950420444,6308.37884040312
"791","lambda_pr[56]",0.366111003463956,0.37451597,0.905973533338985,0.88314434502,-1.10767785,1.861024985,1.00046075540709,11168.9821869292,5228.5393146165
"792","lambda_pr[57]",-0.288337848212529,-0.3140404,0.949075155782457,0.943655982024,-1.812089795,1.31544496,1.00040753379483,11167.2041322706,6268.06771841256
"793","lambda_pr[58]",1.31262255387243,1.3122912,0.781257630290946,0.740039537958,0.0789322058,2.58022391,1.00045902217265,7577.55569005074,4231.97415906653
"794","lambda_pr[59]",0.278209608773224,0.25890261,0.73526582207498,0.706182661968,-0.8764579995,1.527749455,1.0000174615369,8771.74238940501,5804.9176639561
"795","lambda_pr[60]",-0.052091343261002,-0.062743391,0.92743508929031,0.9189608935206,-1.548436105,1.49811257999999,1.00035994626616,13042.5161700693,5938.54476089962
"796","lambda_pr[61]",0.0135794917847214,7.29148745e-05,0.940913280859821,0.930975059408934,-1.47847554,1.617450405,0.999993802439864,10913.445425513,6222.99572835146
"797","lambda_pr[62]",0.403589707023622,0.39377055,0.970697280742217,1.014431777436,-1.13033183,2.028783635,1.00087178882419,6540.85747493005,4913.85948737432
"798","lambda_pr[63]",0.422682862419721,0.40479652,0.83780509508156,0.790175258166,-0.91723412,1.835763755,1.00024814790291,9533.15780077448,5682.52710102679
"799","lambda_pr[64]",0.383605313102946,0.36909274,0.701570005950863,0.671835794091,-0.736128129,1.536190255,1.00055099047263,8737.32971161288,5754.46915293107
"800","lambda_pr[65]",-0.39203326078082,-0.435834595,1.01985185790666,1.027770129183,-1.985986145,1.35306624,1.00051781514077,8998.00942399424,6043.45945421175
"801","lambda_pr[66]",-0.126921135569723,-0.13201398,0.984898854354054,0.981213257115,-1.744739465,1.50766696,0.999706774597864,11875.7539161134,6382.84907950163
"802","lambda_pr[67]",0.941759783892242,0.95870086,0.873114102129636,0.863806682025,-0.526432996,2.33488209,1.00030366557984,6598.21241203272,5502.62119012391
"803","lambda_pr[68]",-0.358882201516911,-0.42060227,1.01690309775633,1.03561678227,-1.958121,1.3909409,1.00018119701552,8634.87948846973,6118.8161313191
"804","lambda_pr[69]",0.497732006862337,0.454182265,0.670765589264438,0.6310161310887,-0.5387197835,1.659897785,1.00018066302638,8634.54412751365,5901.93343467017
"805","lambda_pr[70]",0.235505505314085,0.205630545,0.67820380703392,0.64441764975,-0.8156811725,1.4105788,1.00036156348136,7594.25745743158,5534.08549207003
"806","lambda_pr[71]",0.232003285054099,0.19606133,0.642861561841239,0.601958313432,-0.760039133,1.347909445,1.00072053819685,6575.30544448113,5331.87474696196
"807","lambda_pr[72]",-0.101117877864698,-0.11748177,0.909484533151319,0.855031795317,-1.57681564,1.432783095,0.999976721947448,11015.3031012123,6140.15288247872
"808","lambda_pr[73]",0.209307530612263,0.21363775,0.950886632787438,0.947126844993,-1.369068865,1.74045704,1.00303723628303,11546.1065331694,6023.02454738834
"809","lambda_pr[74]",0.00916615227822449,0.0173851845,0.985813176136002,0.9728382654333,-1.62575966,1.596502755,1.00014098285374,12140.4522129168,5897.27072480431
"810","lambda_pr[75]",-0.643743428662258,-0.708825,0.796716660239401,0.711335230704,-1.826723745,0.804710493,1.00103000393685,5905.28627423674,4641.77522357008
"811","lambda_pr[76]",-0.465824372645025,-0.501464785,1.00441501326681,0.990539315199,-2.052720995,1.269241625,1.00031462283729,7792.22905138081,6229.81850888763
"812","lambda_pr[77]",0.63234326287468,0.629444875,0.831196764172427,0.803159298165,-0.7210851575,1.99021818,1.00031296188988,9333.57845507915,5774.32077683616
"813","lambda_pr[78]",0.139020306208279,0.12722682,0.846465383667879,0.794143622391,-1.20303623,1.56292273,1.00074464286924,9564.12783886904,5259.36145065191
"814","lambda_pr[79]",-0.403994537753401,-0.438948615,1.01152737577578,1.010992100958,-2.004268805,1.30473147,1.00123243892489,9837.04392991256,6641.96823760098
"815","lambda_pr[80]",-0.0666962324779375,-0.06523926,0.975924467476768,0.96222111405,-1.66670133,1.549356825,1.00021493099807,12132.6485778782,5409.78808645668
"816","lambda_pr[81]",-0.025710447962928,-0.0270513205,1.00034763371439,0.978804714111,-1.655468735,1.62728295,1.00224439056901,14051.4751808115,5836.2492387779
"817","lambda_pr[82]",-0.215071668061272,-0.234699425,1.01741052167798,1.035270231933,-1.84241814,1.501901905,1.00005302036226,10842.7061821669,6324.62153027798
"818","lambda_pr[83]",0.607941494204695,0.62990924,0.928203659703178,0.915629830836,-0.9679981335,2.0859182,0.999836498484122,10399.1404267447,5622.65750160995
"819","lambda_pr[84]",0.889145968769163,0.915016795,0.848699366971177,0.811919892609,-0.536045038,2.26632748,1.00100570044306,7410.62492090348,4961.53183194721
"820","lambda_pr[85]",0.683776067460329,0.699439585,0.888334678475803,0.863301471249,-0.8154660805,2.124227935,1.00060194161705,9431.52459831304,5588.21787472358
"821","lambda_pr[86]",-0.041574557784573,-0.0563471965,0.984820237036496,0.9848532751071,-1.65508457,1.577249895,1.00044664961108,11227.5692657078,5634.44776896995
"822","lambda_pr[87]",0.0582458103424404,0.0552961475,1.02453384741535,1.025046919155,-1.646714145,1.74296375,1.00078184388068,14153.9980093194,5954.36609360069
"823","lambda_pr[88]",-0.153848418309785,-0.168820495,0.926186153524164,0.904267807128,-1.659794745,1.41007936,1.00016828307679,11934.1643494941,6130.75237516692
"824","lambda_pr[89]",-0.236019240462802,-0.271119715,0.957646044347259,0.945013643322,-1.762012195,1.3687371,1.0005186953034,10983.0376830454,5802.73689964158
"825","lambda_pr[90]",-0.231017268511064,-0.26298661,0.896679086750704,0.86330367291,-1.668247635,1.270933675,1.00041731411061,11463.7608677178,5293.60528826974
"826","lambda_pr[91]",-0.037686553516301,-0.022557106,0.992815026901759,0.9630388109454,-1.681795925,1.60091054,1.00032929673269,13413.6530083163,5890.8230791585
"827","lambda_pr[92]",-0.246321590612875,-0.25505676,1.00066700161833,0.997421514747,-1.858867515,1.446423985,1.00034486106197,12719.1885841729,6259.64135711984
"828","lambda_pr[93]",-0.229374211648313,-0.23773766,0.967998329850129,0.961375468662,-1.80736171,1.372235085,1.00038866850706,12692.0160440938,6083.90043748453
"829","lambda_pr[94]",-0.105303333871913,-0.13795328,0.832885851723742,0.766513666401,-1.374786765,1.29117398,1.0006092905069,8931.03458820752,6162.07014344729
"830","lambda_pr[95]",-0.652584154244746,-0.64790545,0.552878727350181,0.509528129439,-1.54596722,0.2338090505,1.00076340285049,3021.47391547894,4989.77697034696
"831","lambda_pr[96]",-0.301039517907498,-0.32982793,0.93962527967912,0.925246530411,-1.80740711,1.289942435,1.0003249715911,11885.1242023027,5895.3739664592
"832","lambda_pr[97]",0.11157906805536,0.0796119915,0.863218756422792,0.842973913299,-1.250586815,1.57031987,1.00024841089804,9331.05999923406,6053.97049049559
"833","lambda_pr[98]",-0.906589726547206,-0.89759052,0.557892167760205,0.51713495715,-1.826820395,-0.0522268294500004,1.00109174796472,2686.82913352745,4142.86363190034
"834","lambda_pr[99]",-0.288673395588057,-0.29268048,1.05690638905773,1.056693371979,-2.020644825,1.476496825,1.00045134390964,8917.34856423224,5794.53875386642
"835","lambda_pr[100]",0.214759618461161,0.201307895,0.910656634337711,0.884805160953,-1.27512439,1.7274208,1.00109250233732,11204.1447571698,6429.47798084759
"836","lambda_pr[101]",-0.437906720664264,-0.491734185,0.799734090302332,0.73451483677026,-1.638445345,1.002199875,1.00047867506058,8236.56721215935,5651.50391280546
"837","lambda_pr[102]",-0.395168027312527,-0.413054565,1.02539457857046,1.030874041239,-2.0495699,1.34009303,1.00116885365808,8924.98783153469,6624.89696970499
"838","lambda_pr[103]",-0.64124340362735,-0.651824785,0.859898735514671,0.78740077983,-2.02084499,0.820546019,1.00002172158416,10147.8304483429,5879.24042034138
"839","lambda_pr[104]",-0.336130665013602,-0.36620085,0.931315633502746,0.897854064702,-1.808441195,1.2257836,1.00040818050684,12152.6955120888,5490.43144372617
"840","lambda_pr[105]",0.00267358080550286,-0.0283147165,0.76473835828445,0.714819266574,-1.1997572,1.305902405,1.00064378745167,8905.50503891585,5818.63872353534
"841","lambda_pr[106]",-0.322187982114507,-0.350444615,1.02940907752477,1.024773772344,-1.97172541,1.3937379,0.999935532494485,12359.8891146246,6181.38333683687
"842","lambda_pr[107]",0.599540688045001,0.611337225,0.812254145820894,0.764174553555,-0.728693716,1.916046555,1.00125378512103,8923.80670239028,4952.62211668411
"843","lambda_pr[108]",0.913415063270264,0.90339333,0.779804970126548,0.75021057426,-0.358497171,2.19767556,1.00077940913697,8390.4687405722,4988.98295464508
"844","lambda_pr[109]",0.215714749975553,0.196330765,0.680754448383645,0.628305827835,-0.871528811,1.38159494,1.00014673571033,7862.13103304601,5339.1408206952
"845","lambda_pr[110]",0.47804225851072,0.48023067,0.909397612566427,0.894368731557,-1.05523046,2.00671295,1.00014555459857,9089.77806302518,5415.43722558578
"846","lambda_pr[111]",-0.359260269492524,-0.389153365,1.03564052512183,1.044602427981,-2.028258305,1.37200265,1.00004803096831,9454.62489377655,6338.42160786817
"847","lambda_pr[112]",0.140379717218813,0.14428324,0.918189065282103,0.887109425286,-1.390522045,1.64588728,1.00013888814445,11631.6377116084,5944.81484027889
"848","lambda_pr[113]",-0.037158698566865,-0.088163489,0.839957199801873,0.817807030341,-1.328875185,1.41230173,1.00010869634424,10249.0270741126,5738.14471981672
"849","lambda_pr[114]",-0.515015949143651,-0.56766999,0.847265857834804,0.785769578832,-1.82808104,0.9903199435,1.00045719391057,9108.60978637206,6265.01435036544
"850","lambda_pr[115]",-0.268304291950121,-0.269422465,0.909468043132036,0.878618701107,-1.72886999,1.271527765,1.00081848902118,12092.8666166917,5976.34891973458
"851","lambda_pr[116]",0.226918174730566,0.250966755,0.988976966272885,0.991041924012,-1.41423939,1.806068355,1.0009811343152,14374.3707435863,6150.4612212537
"852","lambda_pr[117]",0.0198577621369011,0.014981664,0.850182864880892,0.8102037549396,-1.378621615,1.42747046,1.00090419609994,11882.4285895162,5700.97313365339
"853","lambda_pr[118]",-0.22434103553461,-0.230470585,0.965797906447986,0.977030746146,-1.796764835,1.351578905,1.0011671180837,11564.2219324552,6382.3304568483
"854","lambda_pr[119]",-0.193967997546461,-0.22051349,0.981344052617944,0.980747313,-1.7776122,1.44997004,1.00057226588943,11510.5517618354,6048.91853334258
"855","lambda_pr[120]",0.74468595366004,0.73779997,0.808181861794059,0.780353270382,-0.5729409405,2.0662507,1.00069960251071,7903.23329511335,4746.33434803381
"856","lambda_pr[121]",-0.443895162876783,-0.450133675,1.07396069406039,1.071973522011,-2.182346635,1.340163595,1.00040465463102,7808.70088468577,5907.00163081689
"857","lambda_pr[122]",-0.257305169318568,-0.25557404,1.0760754672638,1.071421142316,-2.046428975,1.53055392,1.00100314165523,10975.6428601473,5691.71538655279
"858","lambda_pr[123]",-0.205539225382107,-0.215435045,1.00539010050859,1.002614113683,-1.835880055,1.473664585,1.00110415266407,12931.3733888252,5834.74328151478
"859","lambda_pr[124]",0.610731667468391,0.59003928,0.753463820121414,0.726394213881,-0.593259515,1.85739078,1.00020951587213,8955.81585144827,5637.36900680907
"860","lambda_pr[125]",-0.23469417589799,-0.26354244,0.940817583248388,0.919772066976,-1.75644358,1.347512195,0.999944454049351,11105.7860603546,6123.27881521591
"861","lambda_pr[126]",-0.379938004936714,-0.400180865,1.02824150548046,1.037503146141,-2.0170281,1.33431488,0.9999165748906,8112.53437119933,5442.96186328477
"862","lambda_pr[127]",-0.379653307739361,-0.3919059,0.68704448765798,0.6286709062242,-1.46724703,0.785663169999999,1.00044165514283,7349.45123373823,5540.44734349065
"863","lambda_pr[128]",-0.102546515990089,-0.109409,0.997544876067866,0.999418695555,-1.72055363,1.55908977,1.00016541996197,13495.8929584153,5678.45145903963
"864","lambda_pr[129]",-0.229847390069314,-0.262502315,0.967938314771504,0.95791497648,-1.770872595,1.421408925,1.00046236003724,10825.142401061,5629.94776832951
"865","lambda_pr[130]",-0.208018926892983,-0.216494845,1.03582440128911,1.061052178914,-1.920405235,1.499800315,1.00129280500121,10351.8839091677,6283.94728165375
"866","lambda_pr[131]",-0.222529732040575,-0.2307103,0.985028511269987,0.966591084963,-1.85362341,1.414739845,1.00026591098501,11384.0413537863,5369.39798908103
"867","lambda_pr[132]",-0.136322373370904,-0.168684205,0.795542098070509,0.743973135213,-1.414083975,1.216059965,1.00109572323245,9408.47975796299,5764.64943890555
"868","lambda_pr[133]",0.0158731638051913,0.0005294724,0.977456419295712,0.97364888009676,-1.579880225,1.643556535,1.000729533335,13074.4396024205,5567.94052258755
"869","lambda_pr[134]",0.00482806055313735,0.015725201,1.0084966632066,1.0044025014156,-1.698115585,1.651395365,1.00087705398907,13896.7902983549,5894.5226345301
"870","lambda_pr[135]",-0.0800853757536296,-0.08756604,0.976308426403834,0.971510833608,-1.682295865,1.528218085,1.00068363791902,13539.7606962965,5953.4372459148
"871","lambda_pr[136]",0.817440046178185,0.79984926,0.745740890383418,0.708006719574,-0.402924789,2.07311127,1.00089076419487,9477.77422161179,5051.55279976528
"872","lambda_pr[137]",0.390895914906382,0.400851645,0.796511013501152,0.747200644218,-0.931316779,1.691417175,1.00031541755873,10794.8277256935,5408.39690489696
"873","lambda_pr[138]",-0.128884905738774,-0.088489636,1.05843665794708,1.071471298674,-1.910544775,1.552475645,0.999946739094738,10068.7857707728,5438.06309963759
"874","lambda_pr[139]",-0.47256353359761,-0.526251365,1.00040346470276,0.976021607043,-2.049319275,1.26333476,1.00119242226376,8874.4508740857,5899.9392984864
"875","lambda_pr[140]",-0.33561262074679,-0.33837112,1.01491295132401,1.015985475519,-2.000217355,1.355096165,1.00028293291651,10103.1605836059,6822.59076658622
"876","lambda_pr[141]",0.828191612878171,0.82899466,0.804332452007412,0.77774356821,-0.482288236,2.14462458,1.00050937022884,8966.04623352446,5847.71900705973
"877","lambda_pr[142]",0.14519008130714,0.128676055,0.892898305366986,0.840034732929,-1.298923895,1.63601108,1.00104049438184,11843.1257915457,4753.1019564982
"878","lambda_pr[143]",0.956080516174558,0.954256735,0.793943617059327,0.7790277222,-0.3411359015,2.26781997,1.00085949180904,7469.1895416648,5515.97723623974
"879","lambda_pr[144]",-0.113236020115984,-0.17633677,0.814202874245994,0.744592150365,-1.333856225,1.31950701,1.00000140870442,7892.01854539725,5371.47004686326
"880","lambda_pr[145]",-0.0599919413497625,-0.054118064,1.00946928822395,1.0116334055184,-1.74727053,1.610483415,0.999792050238973,14235.34147167,5846.77359016247
"881","lambda_pr[146]",0.391640201761741,0.355811955,0.810557615476937,0.783746230134,-0.8833691615,1.7705098,1.00052185960951,7391.34428344681,5785.38682633686
"882","lambda_pr[147]",-0.219837680995864,-0.251328935,0.92099644988901,0.89908014525,-1.68936608,1.32246121,1.00071021357775,10618.4344596788,5947.55751044593
"883","lambda_pr[148]",0.0416517818233,0.024941769,0.814189443676575,0.7631094774366,-1.274005575,1.41231486,1.00034656431094,9179.42656165358,5913.22502332459
"884","lambda_pr[149]",-0.0991261079195285,-0.11133061,0.648418527516356,0.612472134267,-1.140177295,0.999699037999998,0.999741269354551,7322.4129378676,5600.72705370065
"885","lambda_pr[150]",-0.377967567930656,-0.42831642,0.933462189829244,0.898628582355,-1.85449881,1.228533265,1.00048569424691,12041.7374735998,6486.00959190036
"886","lambda_pr[151]",-0.0855534980917766,-0.139161185,0.904435844415333,0.885946748127,-1.501761775,1.497396195,1.00036305430292,8680.27213141317,6807.59591585153
"887","lambda_pr[152]",0.21587459686152,0.17760221,0.796220041610359,0.788514849948,-1.058177505,1.545364755,1.00146844960336,9888.13841101626,6271.22310395657
"888","lambda_pr[153]",0.448148781744743,0.410947925,0.853654494088432,0.829980636702,-0.8900781445,1.879373565,1.00020275917706,9070.33316185669,5630.26225107535
"889","lambda_pr[154]",-0.02528631974434,-0.0301729415,1.05097879376016,1.088837644818,-1.743141735,1.70516807,1.00065642560737,11026.1754289242,5464.0593201642
"890","lambda_pr[155]",-0.251868823297524,-0.268870565,0.971366587275086,0.984324278238,-1.800378905,1.36507506,0.999885970021171,11899.8520963747,5942.65443503356
"891","lambda_pr[156]",-0.164570136683727,-0.1921044,0.990145795067811,0.987173739069,-1.751545705,1.496962475,1.00024601995987,12481.2907506883,6302.99033754916
"892","lambda_pr[157]",0.542362053753759,0.50713355,0.793228084798282,0.75406892904609,-0.677039006,1.91381075,1.00017650892445,8245.14421219065,5872.35067061703
"893","lambda_pr[158]",-0.334041985625833,-0.3552639,1.01211138142176,1.02823662186,-1.95056183,1.369906035,1.0002353889217,8738.45494023076,6306.44478207093
"894","lambda_pr[159]",-0.163277999706526,-0.180212525,0.583098890685177,0.54075114429,-1.091959495,0.8056212835,1.00116849520356,5213.65217320703,5097.32900318209
"895","lambda_pr[160]",0.48818289606072,0.502592815,0.872366347217081,0.8330407957494,-0.98731812,1.91865026,1.00039460463488,10106.6810396775,5456.73916036258
"896","lambda_pr[161]",0.124018455874899,0.104454475,0.960832310393649,0.975033861858,-1.426748695,1.72490956,1.00031872015256,10414.6342316379,5588.53767880817
"897","lambda_pr[162]",0.391123324691539,0.399161455,0.948666219368189,0.940574835291,-1.19357576,1.914268385,1.00030073054612,11803.5975454042,5978.14927417043
"898","lambda_pr[163]",-0.0451641989180275,-0.05321331,0.97826477473219,0.970505022942,-1.640450315,1.55888505,1.00034345461509,12872.9692646979,5803.70942773353
"899","lambda_pr[164]",0.206525192985803,0.22531049,0.973194052315608,0.988255614528,-1.39732211,1.758835775,1.00062170565168,12356.2546803468,6070.02468598491
"900","lambda_pr[165]",-0.0735720074086562,-0.092114229,0.974653826285088,0.9710310034614,-1.65171967,1.57875326,1.00051532534395,11564.8931769163,5762.5276435226
"901","lambda_pr[166]",-0.445477781820134,-0.474420625,0.997454565085204,0.971942292447,-2.037186275,1.227393525,1.00047015881116,9007.97146339803,5750.13570986368
"902","lambda_pr[167]",-0.04051003707195,-0.047636713,1.0164785327686,1.022774271267,-1.68912629,1.644846395,1.00061016765208,12926.8284232276,5683.11792984826
"903","lambda_pr[168]",-0.0588166007481812,-0.050080011,1.04156701550664,1.0614764308344,-1.77435694,1.641319255,1.00023628761905,11563.4890915221,5968.16217643993
"904","lambda_pr[169]",0.580334458861862,0.572612045,0.844287847704847,0.8185364332173,-0.80419,1.993053335,1.00107339740404,8614.86163907202,4828.5139778293
"905","lambda_pr[170]",-0.556239284875264,-0.60311623,1.02955283534121,1.0299312699837,-2.178892145,1.199896765,1.00015835454975,7491.49586049367,6354.99025975704
"906","lambda_pr[171]",0.375861211295687,0.341402815,0.650231478995358,0.6093739776642,-0.6253949095,1.475630435,1.00093226710608,6076.37910982033,5304.26970203672
"907","lambda_pr[172]",0.214199100299101,0.221621325,0.992227778838094,0.994604344944,-1.43833816,1.811720975,0.99996508997985,14277.0443711841,5514.04914365855
"908","lambda_pr[173]",-0.295443501835445,-0.29926657,1.0684352000773,1.090896753828,-2.07966529,1.455475435,1.00126222544385,8170.35074268746,5904.90050598297
"909","lambda_pr[174]",0.275816675185355,0.25530933,0.679100018400991,0.634291454685,-0.8299987185,1.42761429,1.0011632250383,7948.42716345791,5682.1847802163
"910","lambda_pr[175]",-0.322449159595524,-0.353349115,1.03857621256644,1.044781036803,-1.998953555,1.43383769,1.00075369502101,9806.66945875304,5717.41457182034
"911","lambda_pr[176]",0.183165387461107,0.197620915,0.982414322189197,0.987131573925,-1.45983915,1.762090025,1.00033319838255,13207.6941024796,6254.98980941028
"912","lambda_pr[177]",-0.111335652817096,-0.14263133,0.824351264046015,0.763680113868,-1.425380955,1.29330379,1.00059578931691,9461.3555397059,5874.14308118517
"913","lambda_pr[178]",0.209259626407217,0.2342297,0.963179226385165,0.942259439541,-1.407333685,1.778336535,1.00010537382376,13162.3830074835,5790.15881517596
"914","lambda_pr[179]",1.10653486190043,1.1073101,0.787171834130357,0.744385053384,-0.1971274805,2.38276078,1.0021160108401,8398.08693518829,5014.88140744928
"915","lambda_pr[180]",-0.448674274056938,-0.471329665,1.04032876886082,1.033383223131,-2.11940476,1.30119655,1.00095453178147,7695.62488602202,6309.6029835434
"916","lambda_pr[181]",0.0992037266597562,0.093727349,0.951190491340937,0.9450441715386,-1.42393437,1.696882405,1.00025808415706,11441.4650680714,6549.81749161536
"917","tau[1]",2.24670162036313,1.95257385,1.29604938027573,1.05449243004,0.720055652,4.81697183,1.0011655619614,2813.74878313794,4847.18361452901
"918","tau[2]",1.9221862947941,1.569271,1.37430788478404,1.0650220035,0.3819053455,4.716739375,1.00258925777197,1842.31948600681,3805.8217310665
"919","tau[3]",1.47668441637544,1.1039741,1.31501350247468,1.026281168829,0.10701848,4.199591205,1.00167033435769,2373.62555446772,4892.69123909585
"920","tau[4]",3.44080066392125,3.2500781,1.21755872819657,1.13071741797,1.84773941,5.71125402,1.00022060442265,6664.63715730005,6113.56839710876
"921","tau[5]",4.3475006075775,4.19810445,1.57461065146076,1.58142107214,2.059110375,7.258451715,1.00113167881642,7509.46636931797,6610.48779904707
"922","tau[6]",2.463061019355,2.17433065,1.25196087327954,1.01981953101,1.011815365,4.979232125,1.00125564993079,2970.8573704637,4604.3039071793
"923","tau[7]",1.44460545598722,1.0499926,1.32127819114977,0.978882268917,0.1061516015,4.182620515,1.00248592318514,1882.69293043,4864.00957252214
"924","tau[8]",2.20716462946499,1.90454325,1.3787986625904,1.19319966759,0.553135045,4.88916264,1.00100238747605,2893.49916024502,4898.55546290828
"925","tau[9]",1.83964492837957,1.48878305,1.41135203121463,1.200132935295,0.207868605,4.659203805,1.00159803513998,2322.66235157257,5053.34956258006
"926","tau[10]",1.83399936692756,1.5073892,1.4224907529582,1.255222103646,0.169745529,4.60445987,1.00132107744103,2587.05117987368,5522.83856281048
"927","tau[11]",1.41813748464779,1.06091165,1.27389649098951,0.945063488334,0.116885744,3.9633257,1.0029011603285,1942.88592926068,4168.68751234563
"928","tau[12]",1.91119734345412,1.5368081,1.51072113822315,1.294908866769,0.188605818,4.9372882,1.00169964573426,3412.04693862807,4760.82269098283
"929","tau[13]",1.76966550210715,1.4549064,1.31026732583492,1.06511874315,0.2557959465,4.373848485,1.00236418964738,2810.05026980905,4691.79995761259
"930","tau[14]",1.96421420801677,1.6236658,1.44648654277642,1.198197356517,0.267312853,4.86017157,1.00123849933375,2951.79236403256,4146.42657047939
"931","tau[15]",1.06755787781363,0.717587815,1.09783597359421,0.73539665745,0.05648650655,3.24623831,1.00199236338553,1577.74151474821,3023.98151170311
"932","tau[16]",1.94697817504335,1.5157325,1.62553455672411,1.448725896198,0.126880638,5.194580245,1.00076540334638,2878.11972732825,5027.54431171983
"933","tau[17]",0.970291399288214,0.56443745,1.10101471596396,0.638034196842,0.03880694325,3.297263945,1.00370085046195,1333.31587248536,4101.6061041436
"934","tau[18]",1.00963303404849,0.620880965,1.11743282754854,0.660280936014,0.0508395485,3.37730639999999,1.00318479231033,1246.70992025251,4051.18270094992
"935","tau[19]",1.21148791685223,0.844791,1.1807590285091,0.81665188479,0.0778579081,3.631725035,1.00286335382424,1510.70038589885,3267.27632573136
"936","tau[20]",1.44506551589858,1.06261885,1.29092771214578,0.951387933762,0.1184591275,4.04920619,1.00133246374581,1566.27788161359,3337.20034749858
"937","tau[21]",1.89294408680637,1.5586147,1.18486617714294,0.77869650936,0.694076746,4.26743547,1.00154499249792,5271.659116585,4344.08464749688
"938","tau[22]",1.18500488495189,0.807587005,1.18061000551771,0.80733997071,0.0713308659,3.575229385,1.00238561028602,1668.31473347738,3826.2783910207
"939","tau[23]",1.15055101269756,0.803823105,1.12030814603011,0.766093023129,0.0777338326,3.372268585,1.00131539990931,1805.50738184609,3668.68440217248
"940","tau[24]",0.891233954040815,0.51885422,1.05239507863757,0.563220140028,0.03604765885,3.075725025,1.00360872907854,1339.21418314734,3668.1397116379
"941","tau[25]",2.25222531462,1.89403175,1.23063954094155,0.872799207,0.9469715785,4.751018995,1.00068112983957,4864.15578302674,4690.68954207305
"942","tau[26]",1.29295304201999,0.913968985,1.23052982795236,0.905943879015,0.08119802535,3.826047485,1.00336076209495,1602.18267047107,4229.49076316329
"943","tau[27]",0.921074674121929,0.557191355,1.04934708345757,0.597275743722,0.0411618043,3.13820113,1.00322767397989,1102.98370504872,2720.44135787619
"944","tau[28]",2.2361502733225,1.9238207,1.28275075439583,1.02646054119,0.7964549095,4.80539995,1.00023197949577,3224.65143303655,5236.01357752707
"945","tau[29]",1.55718435813173,1.18796045,1.27454642108712,0.94504378458,0.2131432805,4.129706985,1.00138525172239,1729.04957459518,4087.92986227987
"946","tau[30]",2.56851944627,2.2939355,1.15711508919918,0.91385477316,1.22454806,4.893005315,1.00051722625561,3778.3778111269,5295.58436250771
"947","tau[31]",0.817628233390532,0.443812855,1.00318740462879,0.505554731787,0.02741126005,2.9312453,1.00261820729079,1156.64256819937,2484.05545745939
"948","tau[32]",1.79291420343124,1.43784605,1.42653854761696,1.199822641941,0.178498574,4.678888545,1.00120246514272,2754.33592892331,5047.19268873004
"949","tau[33]",0.949575283766457,0.543547765,1.09494104590254,0.633277556436,0.0317393932,3.26746323,1.00207771726939,1456.80569573585,3034.40364269043
"950","tau[34]",5.217261988482,5.1990767,1.77035254539009,1.85086286574,2.303365605,8.141710715,1.00015719741225,6168.6127694593,4728.17861287354
"951","tau[35]",0.689755521972495,0.3570956,0.890978282988789,0.4056935579256,0.02602881795,2.544379225,1.00306138541205,1153.89083783749,2005.12730735121
"952","tau[36]",1.24727419719971,0.848683735,1.21445719975443,0.862075361049,0.07306244855,3.82308369,1.00201416873316,1517.70457669859,4348.56648600272
"953","tau[37]",1.08832314575615,0.696044615,1.1576233717292,0.699556611222,0.06277627985,3.46549493499999,1.00288200387188,1408.09553119287,3316.11788772218
"954","tau[38]",1.73188198639871,1.4180272,1.35537808227695,1.185844096101,0.1576167565,4.41935021,1.00117634356759,2932.65036058132,5032.27709824183
"955","tau[39]",3.60574969001625,3.3956947,1.48853011969031,1.41733453953,1.529528245,6.399630205,1.00069341711461,6847.72002377939,5774.36082649133
"956","tau[40]",0.962827165823866,0.584787685,1.06205613208425,0.628106729481,0.0442171883,3.160722485,1.00454797695323,1332.66613282191,3924.47477710698
"957","tau[41]",1.13429754387947,0.77492417,1.14091879802079,0.764662981299,0.07051891695,3.4656451,1.0010125252152,1487.68834632734,3328.0395674362
"958","tau[42]",1.43054473651387,1.08474585,1.22141980523712,0.878016795159,0.1719310285,3.95458806,1.00105212752823,2006.49996978704,4323.47369124699
"959","tau[43]",1.6305501128637,1.29589735,1.2623513574477,0.97384314132,0.254298031,4.15461151999999,1.00180284031321,1947.9456162685,4714.27250344813
"960","tau[44]",0.797592528315882,0.422571455,0.986372150406929,0.470890891443,0.03175897665,2.89442556,1.0035411777433,1138.37406582983,2486.19713484177
"961","tau[45]",0.996898493082217,0.593863155,1.12837958452287,0.638520096753,0.04367164095,3.36768372999999,1.00379935126773,1024.65729077874,2427.42247145102
"962","tau[46]",0.797478197785755,0.44588829,0.955390224849242,0.499075517745,0.032597747,2.73062287499999,1.00328709861508,1158.87778948875,2556.3279726155
"963","tau[47]",1.17006837818311,0.81633798,1.12326434045925,0.716768870748,0.1031181505,3.49903077,1.00339727148827,1413.23120811062,3115.98827456055
"964","tau[48]",0.91306518258157,0.52568695,1.04989919390172,0.589870505133,0.040661862,3.161028105,1.0032121150824,1220.14291942248,2793.49515260403
"965","tau[49]",0.867979599016981,0.493816195,1.05008335494007,0.526686192522,0.04052490605,3.03144237,1.00333462637759,1126.09849341983,2326.35502215591
"966","tau[50]",2.63028074575696,2.32900085,1.48221637456657,1.32709282881,0.725170062,5.534734895,1.00120632893851,4738.32843419155,5387.9387634475
"967","tau[51]",3.5265620330975,3.2679257,1.44481897229302,1.31196423015,1.642352705,6.3627541,1.0010269829559,4729.9655882179,5723.82269544018
"968","tau[52]",1.38765548615246,1.00118585,1.27717692617257,0.926435953674,0.108864319,4.04098214,1.00197338111898,2100.64055578345,5131.14489920563
"969","tau[53]",1.69201516700589,1.35958595,1.27877117719291,0.979039016802,0.2656404425,4.22107576,1.00085423368686,2207.10150815178,4764.32113176003
"970","tau[54]",2.82824969963636,2.57811255,1.59005249509225,1.55858873562,0.6985568855,5.7915962,1.00017868505088,4461.07089765072,5375.05205486289
"971","tau[55]",0.846682470644615,0.49852072,0.985580170425662,0.521815606893,0.0415350498,2.9145166,1.002855808239,1133.22426941203,2584.27459203734
"972","tau[56]",2.14710952522043,1.82211885,1.43108830138765,1.21266835536,0.4231422125,4.973233685,1.00145572498782,3286.92432019078,5152.48526803783
"973","tau[57]",0.96816091605333,0.600697225,1.08455081376124,0.618452527539,0.0488458099,3.18519947999999,1.00267292304429,1428.43360268208,3010.72004492797
"974","tau[58]",3.08448104610625,2.7800242,1.39769636691557,1.2240367839,1.36004169,5.826027135,1.00057066005055,4664.35323257681,4342.49830660151
"975","tau[59]",2.9758213096925,2.6972589,1.39649927718757,1.23177039615,1.23790329,5.7170229,1.00028887407807,6625.31415427538,5509.41427944989
"976","tau[60]",1.5810853950517,1.22823255,1.33728483587538,1.102512116811,0.121449385,4.244596525,1.00118653635955,2157.11504415412,4589.61645553287
"977","tau[61]",2.42032994954471,2.0733311,1.66284310465181,1.56236973627,0.339151332,5.667805385,1.00105142659877,4897.7194028298,5590.69261475142
"978","tau[62]",2.59616787987762,2.320748,1.45389439388356,1.32008939706,0.7780937745,5.4315643,1.00109407178515,4808.12407616738,4514.91853656544
"979","tau[63]",2.29373003130635,2.00781415,1.25857031622346,1.01216345874,0.8234328195,4.71132658,1.00116287948235,6173.74518135107,5372.5599429296
"980","tau[64]",1.76348339121988,1.52721635,1.00717522366065,0.70017237948,0.7003729355,3.72758227,1.00051726897416,4074.28365043844,4042.41345742728
"981","tau[65]",1.21912172230175,0.801043455,1.23518073313691,0.858711111846,0.06288841745,3.834245355,1.00355257899918,1611.4739840555,3930.36448851629
"982","tau[66]",1.3344975876864,0.95649059,1.25625411595104,0.919474561047,0.0805735091,3.900788165,1.00225962935785,1605.83257939436,4264.3829119344
"983","tau[67]",2.01914767908875,1.69594475,1.16996104187742,0.83902231728,0.7833664675,4.38096997,1.00187106354584,3384.96946333766,4238.67236091277
"984","tau[68]",2.59053174999198,2.3072192,1.51577912207421,1.39330218657,0.630241161,5.523692225,1.0010394263439,3642.83054530665,5175.9157688877
"985","tau[69]",2.92816365130375,2.6546977,1.3815054263524,1.23844565439,1.20075674,5.629352275,1.00113936667685,6158.11315429332,5500.74416910508
"986","tau[70]",2.228779833685,2.0041219,1.04661786027735,0.797954667930001,1.001571675,4.2834417,1.00115004627184,5067.02746945323,4935.74211472699
"987","tau[71]",3.129475759325,2.9082286,1.18721877926127,1.05007709898,1.62140595,5.41753077,1.00078024631842,5377.64577882851,5287.1614168028
"988","tau[72]",1.77986720183949,1.433274,1.33363621968947,1.023990499938,0.300540998,4.466145325,1.00095053230622,2941.82850876604,4845.09422008724
"989","tau[73]",1.61341993831782,1.28661015,1.28396939697388,1.020869812263,0.1957645895,4.168321645,1.00206729564341,1971.75232226124,4230.76066180076
"990","tau[74]",1.33303561142853,0.957046355,1.20441793621735,0.785001436359,0.156543175,3.82450768,1.00182930693896,1845.52637777136,3262.44026307866
"991","tau[75]",3.0454818741825,2.85278115,1.56536368952467,1.59992532861,0.8607091995,5.95613147,1.00037810816414,4644.84429378869,5578.2824663013
"992","tau[76]",1.31390213027208,0.919906825,1.25663686093437,0.954709439607,0.0675094733,3.986261795,1.00176594266701,1722.94953125394,4224.96168118116
"993","tau[77]",1.25746183123549,1.0557198,0.792584290628196,0.489964666464,0.46537515,2.762660965,1.00089725986186,3983.76885815718,2967.37289369029
"994","tau[78]",0.999703440182467,0.815542975,0.804370763699949,0.418568944101,0.2664325435,2.490855485,1.00098210865055,1827.06537090272,1798.58006981108
"995","tau[79]",0.892918666987827,0.522076,1.05881484940419,0.589694120211,0.03511694535,3.058641555,1.00222209482391,1238.30102776929,2903.39568063261
"996","tau[80]",1.41068654045465,1.03489405,1.28617160939794,0.976103194521,0.1121815345,4.019572495,1.00148494375499,2027.42214622324,4369.16266420841
"997","tau[81]",0.922603190601889,0.5138571,1.11008026601095,0.556354805055,0.03806409375,3.225229585,1.00385698961187,962.752145111787,2546.2352459022
"998","tau[82]",1.68866914215634,1.30623465,1.36446838694375,1.055341937601,0.2054024605,4.49560532,1.00202306032801,2339.6503075468,4974.05893741627
"999","tau[83]",2.33443773861418,2.08989875,1.44044820267627,1.2987457392,0.4258158975,5.099389505,1.00027209822414,4295.10622077361,4520.77611449703
"1000","tau[84]",2.2614316711755,1.9563204,1.28968069822729,1.07260683684,0.757121302,4.777233555,1.0008568606189,2564.17330057755,4865.58625251258
"1001","tau[85]",2.27481431220635,1.9537612,1.32258487890909,1.10058876207,0.759855715,4.966036145,1.00160720757286,2717.78153598995,5061.50704471518
"1002","tau[86]",1.21744266316733,0.862322435,1.15933773278906,0.794490061533,0.08793091125,3.583734175,1.00121630025297,1683.90738115605,3318.23582925163
"1003","tau[87]",1.39712128665751,0.99293615,1.30164928740742,0.903522548586,0.1114228405,4.1324591,1.00287710311032,1908.60516933167,3127.68196863894
"1004","tau[88]",2.14321650146076,1.81164395,1.49884347790657,1.292077678983,0.3259311875,5.144153615,1.00153187348455,2985.05179660983,4693.36102574947
"1005","tau[89]",1.36050692338595,0.97786503,1.28544690542383,0.967544159547,0.07635837945,4.008266565,1.0019268309371,1979.18587641793,3866.32908770262
"1006","tau[90]",1.77149945858712,1.46056605,1.38933009564103,1.188453694491,0.1753818065,4.55624339,1.00107471924023,2431.89500362805,5202.41784986113
"1007","tau[91]",0.943539342456954,0.56588002,1.06424029479242,0.623206825437,0.0426258707,3.13992101,1.00330902595474,1184.66862610216,3053.21884370154
"1008","tau[92]",0.883723139775333,0.512402955,1.02602177608057,0.553221834039,0.03783393255,3.053754415,1.00508960055143,994.479053024383,2325.80349370463
"1009","tau[93]",1.07173839095356,0.707582965,1.1044662723678,0.709265113389,0.0663777844,3.394978585,1.0041593298761,1533.33985460885,3070.65287431642
"1010","tau[94]",3.03695526217302,2.77908355,1.53573930718446,1.45301538417,1.01745563,5.936935455,1.00046309167306,5201.20837477307,6213.4084973196
"1011","tau[95]",6.1203159327125,6.1354898,1.50987474197446,1.59998744955,3.650601025,8.618208585,1.00015327283771,6249.11261547101,6337.3413624239
"1012","tau[96]",1.80036847762096,1.3890532,1.53339717069011,1.314289703076,0.12329949,4.876807845,1.00181916144798,2604.66526077914,5062.37829687098
"1013","tau[97]",1.75242996033675,1.4429698,1.17750203978175,0.839090064687,0.4838680115,4.041375135,1.00155463139087,2477.29863445591,4153.39198041659
"1014","tau[98]",5.788516946225,5.7571003,1.54825038143297,1.64678512551,3.290198725,8.41136526,1.00061557857482,5827.78815797243,5676.51393016657
"1015","tau[99]",1.01481984553814,0.606761735,1.16112011404652,0.685711336296,0.03600491465,3.45044694,1.00388994183541,1378.28167831759,3854.97894098305
"1016","tau[100]",2.07298993538161,1.78884975,1.3238917729787,1.09617795294,0.4844296145,4.717231945,1.00089785642153,3035.25031531379,4866.74931361979
"1017","tau[101]",2.81895826901304,2.54956375,1.69366785565412,1.65940546149,0.510481526,6.03865856,1.00074756818087,5074.45637130608,5485.06608725487
"1018","tau[102]",1.1677718502256,0.76326749,1.21906471063275,0.788693295684,0.06092519565,3.672321845,1.00172494746475,1615.54437166243,4332.26952186902
"1019","tau[103]",5.033457264192,4.9261661,1.64092129217956,1.7169330843,2.48201499,7.904692515,0.999943785739382,7689.95536027243,6065.92976910915
"1020","tau[104]",1.58121793725248,1.20291255,1.3656477284685,1.136847613146,0.1216181445,4.33996753999999,1.00044171484796,2436.06995986207,5088.14390315036
"1021","tau[105]",2.46449922825636,2.15661225,1.46670128342835,1.28722423221,0.65092248,5.33387531499999,1.00185330212138,3744.40784485034,5199.51702581367
"1022","tau[106]",0.76075306045721,0.37638424,1.00698436165155,0.4261761157752,0.0271313324,2.86914768,1.0043046312793,845.549645446337,1802.25155087431
"1023","tau[107]",2.00276097063327,1.64854045,1.36053295557367,1.116065831034,0.478062245,4.726316825,1.00206018594058,1772.57672388071,4887.63043529405
"1024","tau[108]",2.9791532204575,2.7197446,1.2970506447653,1.13249772405,1.36895882,5.522240785,1.00050243906255,5063.22381549709,5177.48136374078
"1025","tau[109]",3.65625561066537,3.46117855,1.5074678742066,1.46135715894,1.51850748,6.48296243,1.00029772227523,7497.4600044196,6026.24503548537
"1026","tau[110]",1.7348222445104,1.37238055,1.33152817668895,1.038271696329,0.265251838,4.42665176,1.0038254576654,2399.12010651996,4516.3580480301
"1027","tau[111]",1.3717112031194,0.960455875,1.31748268875527,0.964862870034,0.0769492934,4.119489855,1.00327002282825,1718.13416237796,4176.53925921751
"1028","tau[112]",2.20505698523732,1.88526155,1.60285919150347,1.550255508039,0.2255170195,5.30628858,1.00112911736639,5196.21765670827,5320.65372351291
"1029","tau[113]",3.96604777937088,3.76076515,1.68734986492033,1.67300505477,1.53538447,7.12010891,1.00007457979424,7994.1113083834,6385.9095485252
"1030","tau[114]",1.74828118302877,1.4319261,1.37242515430216,1.197225045198,0.175441143,4.446446845,1.00106857925933,2165.44506838634,4549.22113594175
"1031","tau[115]",1.53035172390781,1.20234885,1.26146893903589,1.036074038349,0.144059545,3.9897204,1.00191370114908,2046.24128266836,3961.3833164093
"1032","tau[116]",1.62660722411524,1.24787445,1.34475064607257,1.016331440229,0.2002276465,4.27137279,1.0019628316613,2145.17795016208,4989.73258995118
"1033","tau[117]",1.60523796029583,1.25415235,1.29092120216054,0.963046692447,0.216977284,4.22370197,1.00147679399031,1940.39256642201,4436.22572165658
"1034","tau[118]",1.07037842918607,0.67348757,1.14312436790826,0.703697453718,0.05667629565,3.391975485,1.00320136408129,1262.92122252934,3433.43048732713
"1035","tau[119]",1.40224904241815,1.0124967,1.294820299387,0.98177816478,0.09457069105,3.969060805,1.0017822802188,1879.35619799274,4968.8816743881
"1036","tau[120]",2.47609759307625,2.16851735,1.25531758636895,1.00382361135,1.014810975,4.94102761,1.00021043268792,4426.25864965475,3922.98809363462
"1037","tau[121]",0.548175854766717,0.2253511,0.850363098892119,0.2611176951285,0.01480416845,2.31653967,1.00391550279498,925.03804530679,1758.56319470633
"1038","tau[122]",0.950516451466254,0.556666095,1.07297325057716,0.609544043745,0.04297315805,3.19163694,1.00419337111684,1109.46267384909,2943.79554653205
"1039","tau[123]",1.09196826761731,0.7285307,1.11556195868394,0.745176131679,0.05933854775,3.4146058,1.00431868342129,1502.77162486192,4654.62999688676
"1040","tau[124]",2.826609825045,2.55369835,1.36383527099541,1.20843960951,1.135642815,5.463119215,1.00181836572661,4301.55302824182,5426.20927514367
"1041","tau[125]",1.99201587791432,1.71324605,1.31887324805757,1.11642396789,0.4021079795,4.54369339,1.00126715827534,3286.78118119086,5495.94002522051
"1042","tau[126]",0.872350369279753,0.4788185,1.05621422246562,0.548829928059,0.0319558084,3.13387293,1.00456083341784,1078.91444423617,2890.20438194096
"1043","tau[127]",3.32150381338188,3.12784045,1.51334926598758,1.44950621823,1.19178605,6.171428175,1.0000716426901,5957.40168313128,5541.59586670232
"1044","tau[128]",1.0008940460801,0.62653669,1.0913244003851,0.688016779296,0.04301513415,3.28604209,1.00258308873278,1338.36594325997,3133.25657765836
"1045","tau[129]",1.79127838123354,1.39828935,1.49668241230673,1.264053499653,0.13645963,4.8415973,1.00050757803346,2908.26736863914,5507.39197567525
"1046","tau[130]",1.27090437313288,0.930058045,1.16499973556262,0.87619702968,0.09450092215,3.625931845,1.0016422895498,1724.30099359932,3765.55427030601
"1047","tau[131]",1.19889882946695,0.814582795,1.17078195686175,0.775413158226,0.0848737729,3.600776655,1.00219733028667,1286.48277248066,3905.7242293677
"1048","tau[132]",2.73705449188284,2.46874215,1.53268058610868,1.39968077655,0.738911149,5.722631545,0.999921780449585,4746.41927976203,5718.95637032496
"1049","tau[133]",1.69772578622132,1.37963905,1.29943386293172,1.021665064077,0.234055697,4.270948015,1.00054081497294,3259.09477712432,5431.41934808732
"1050","tau[134]",1.06160719745107,0.676686065,1.13997103529949,0.67994356269,0.0612596123,3.41524241,1.00280305628565,1336.24569298324,3013.77546685372
"1051","tau[135]",1.52876936841669,1.17122095,1.33743469131978,1.088292974643,0.1054245355,4.1986889,1.00217973689753,1963.13560083906,4988.2455564102
"1052","tau[136]",2.592988883775,2.32000165,1.29464744721084,1.07560309731,1.027845425,5.09214198499999,1.00155824387062,3813.78372774848,5501.45311720741
"1053","tau[137]",2.0656786691789,1.7454156,1.33287194761885,1.06777674843,0.507806068,4.687992435,1.00116741827246,3723.75564266772,5581.21852274396
"1054","tau[138]",0.754482298121194,0.399658575,0.952480731467616,0.437216842272,0.0311902815,2.68824436,1.00392113418965,1062.68327551241,2076.45830171302
"1055","tau[139]",0.958365057782177,0.573783735,1.08614312612051,0.654193513848,0.0315899977,3.19037021,1.00276149149352,1285.65900379063,3179.05795501111
"1056","tau[140]",0.857175458508992,0.482004445,1.04278759089036,0.531320414646,0.03239606385,3.060126,1.00378157350092,1323.86760464375,3163.51330793206
"1057","tau[141]",2.37262462883075,2.09219985,1.22126160245928,0.98999028618,0.9235011555,4.78840047,1.00123276271131,5184.22531541359,5363.94146017582
"1058","tau[142]",1.18795408551456,0.81294935,1.09403920679995,0.54747347508,0.245010705,3.51189347499999,1.00164571693264,1889.01519554603,3348.59999646257
"1059","tau[143]",2.93136709031762,2.70238405,1.25278601498956,1.10816677545,1.333592205,5.337911795,1.00011327937006,6686.81520776411,5848.17972479453
"1060","tau[144]",2.40183850664,2.13346795,1.36113665309365,1.15397437113,0.69905353,5.06831622,1.0005766468095,4820.93909924798,5763.96537042802
"1061","tau[145]",1.02649503073827,0.647940415,1.1128474957221,0.686751031785,0.0499041312,3.35329075,1.00188241312297,1472.62919181365,3515.0398328914
"1062","tau[146]",3.4117181505325,3.18817485,1.51877137137171,1.4559295086,1.35214937,6.272795955,1.00003437297389,6825.9678394506,5812.83752751178
"1063","tau[147]",1.76129324496788,1.46748205,1.28236791807186,1.02967140801,0.267578658,4.3330129,1.00083605433969,2719.71276779334,4885.47109247649
"1064","tau[148]",2.35767234971455,2.07356745,1.48598093393969,1.34219155308,0.489732564,5.35599332,1.00055855028243,2938.91807662627,5075.99007718081
"1065","tau[149]",4.12183781616,3.9215245,1.48015880982422,1.45485929379,2.020227145,6.87137371,1.00026122844428,7233.81575483515,5827.75378395486
"1066","tau[150]",1.49980617304497,1.12574855,1.306518278187,0.958186796364,0.1531770115,4.266692955,1.00230313381228,1926.42189926565,4583.2212467616
"1067","tau[151]",2.3429618299731,2.0451008,1.46865682137383,1.32581920128,0.540136571,5.256997015,1.00109417079086,2399.39232034202,4661.72947482348
"1068","tau[152]",1.840969599459,1.5744193,1.06478900454007,0.75743387559,0.712145581,3.911729825,1.00005620189629,5072.52447711485,5047.30938301811
"1069","tau[153]",2.71180564112041,2.4554014,1.38953683834839,1.21231505178,0.93574471,5.42353709,1.00067769963571,4112.11129339694,5437.47114236185
"1070","tau[154]",1.50260300075444,1.14892225,1.28158137394242,0.993249774867,0.138650398,4.09149784,1.00162719807277,1916.46762721316,4181.92730551702
"1071","tau[155]",1.2247542241012,0.85277538,1.19131735901284,0.845596543743,0.07268407915,3.597071595,1.00064717373415,1884.50706063604,4011.0969273047
"1072","tau[156]",1.41133639361893,1.01703135,1.31937207844818,1.039177364778,0.07707626205,4.11129270999999,1.00188030400224,2203.88208386595,4050.00872705886
"1073","tau[157]",2.23972453335619,1.9420902,1.26779236146879,1.02521708457,0.787296761,4.78531111,1.00069310166694,5233.85784274563,5611.21551894998
"1074","tau[158]",1.47866288095515,1.10332725,1.30583379315848,1.02341743056,0.1219487415,4.09530495,1.00118413787882,2229.82441623382,4485.00269044634
"1075","tau[159]",4.45182246446,4.3035476,1.44963370933597,1.44712738653,2.33504,7.11178763,1.00169861192615,7161.72950171567,6334.21769515199
"1076","tau[160]",2.19642810922764,1.82823265,1.41100038090897,1.12360523751,0.610745862,5.06842917999999,1.00119274033881,3140.66590180576,5082.19498751868
"1077","tau[161]",2.07630294289137,1.7225641,1.49444376606988,1.324705724202,0.275680953,5.023172185,1.00285338808054,2313.63991210182,4606.01002281402
"1078","tau[162]",1.7093324301017,1.33169055,1.31337282179688,0.974335075413,0.312890671,4.363997195,1.00179239938794,2044.48852918208,5073.59993667228
"1079","tau[163]",1.20475528506963,0.807600035,1.20420841064121,0.845462605659,0.06859402035,3.67525333,1.00261695215903,1418.95418291,3848.82213050511
"1080","tau[164]",1.39351309988389,1.07296695,1.17040995413116,0.82973271633,0.1649297925,3.797104305,1.00226369417253,2089.08260843446,4127.47140671259
"1081","tau[165]",1.42291959873323,1.06449945,1.26538626229157,0.968577205575,0.1129719925,3.997684065,1.00205514193496,1770.56028182356,4550.84783236279
"1082","tau[166]",0.931695107996984,0.543557565,1.0717154462906,0.595474614525,0.0410904648,3.156392755,1.00303092330941,1284.93140984393,3238.34358106263
"1083","tau[167]",1.36186680560317,0.983729065,1.28066571383933,0.956824798461,0.0836154387,4.037395845,1.00136583966928,2219.44435181959,4472.97455879488
"1084","tau[168]",0.948153391243745,0.55348282,1.08221112981516,0.579267617103,0.0465269584,3.22401211499999,1.0024798466999,1076.31906084405,2925.16578427446
"1085","tau[169]",2.78197956547573,2.5226449,1.46578413812393,1.32537338346,0.8531532405,5.59100702,1.00003540727951,4002.7206858814,5789.23217860966
"1086","tau[170]",1.31593283951634,0.896249,1.31175015386067,0.958110323856,0.0643556133,4.010215985,1.00127533362457,1865.83557072375,4603.64985302141
"1087","tau[171]",5.19868873787,5.11693245,1.61787934470074,1.68802023453,2.64053344,7.976546075,1.00028135138408,5103.80199372432,5148.66135917041
"1088","tau[172]",1.24318150758984,0.847754355,1.2278494298727,0.819860112582,0.08154494545,3.81817396,1.00331420065981,1492.44399428024,3091.04841792732
"1089","tau[173]",0.602518524796116,0.252788065,0.912707701410982,0.2994515182932,0.0153048244,2.450221735,1.00375260974388,924.327508701497,1191.01078774936
"1090","tau[174]",2.911699794636,2.6584243,1.37695414553212,1.24182842868,1.18157257,5.539626535,1.00072019667871,4448.06173633674,5940.63939069261
"1091","tau[175]",0.970178510552368,0.592370685,1.08678731415485,0.646205131614,0.0425209622,3.168941065,1.00115510099184,1460.25812836823,3231.64394345044
"1092","tau[176]",1.64465661656395,1.2646697,1.35396734933838,1.020560860662,0.2094064145,4.39858551,1.00105441523087,1628.93698589638,4096.92661161733
"1093","tau[177]",2.0619806807792,1.7590593,1.40547858400982,1.217249730207,0.341994119,4.88113019,1.00094409921135,2945.78561237951,5352.72810623871
"1094","tau[178]",1.61860858484866,1.2581345,1.32148161567926,1.022174329764,0.180687316,4.28081967,1.0021912843018,2001.29204705454,4311.95986755148
"1095","tau[179]",3.10139733519003,2.8215517,1.46448676652141,1.3413000657,1.210801575,5.961457805,1.00054610047746,7343.81462110061,5937.43198685867
"1096","tau[180]",0.887035514851829,0.478686335,1.09423108841788,0.554429634129,0.02775784325,3.2007267,1.00307904725457,1171.59985872575,2979.61245872637
"1097","tau[181]",1.82104860628932,1.47396625,1.42483412922629,1.2418665315,0.190164164,4.65379694,1.00269388721981,2089.06340664528,5421.40041757123
"1098","m_in[1]",0.117854415548197,0.0672946395,0.165585824450673,0.0805613809182,0.002198843565,0.393734494999999,1.00260668310861,1478.99234422406,4956.61428138943
"1099","m_in[2]",0.118937098829597,0.067256029,0.166035538453772,0.0805116100362,0.002394795645,0.3927845445,1.00214609660627,1764.68644007726,5382.83435627973
"1100","m_in[3]",0.118389517135113,0.0633799405,0.176280524098642,0.076428889908,0.002084803965,0.390825645,1.00140451409888,1916.43180613608,4153.18413541032
"1101","m_in[4]",0.107468776782561,0.0635914455,0.133727297305092,0.0757776178278,0.00220182362,0.351202172499999,1.00174536547453,1766.344411815,5302.52033243928
"1102","m_in[5]",0.124034431407699,0.0688373555,0.168037437056291,0.0837933733056,0.00231900266,0.414638687999999,1.00245558001753,1554.54577512286,5085.1129328402
"1103","m_in[6]",0.111715273509567,0.0639536425,0.148102004366238,0.0763391614734,0.00219205273,0.3673880795,1.00172790344271,1955.96807047403,5572.38662456367
"1104","m_in[7]",0.124905489367881,0.065492796,0.21341063713027,0.0794678329494,0.00196011173,0.397405904499998,1.00259949178289,1634.74202659342,4780.66782599396
"1105","m_in[8]",0.120328750528272,0.065840857,0.165058495928475,0.0799722853755,0.00238882336,0.4010744415,1.00182780235157,1641.26098146111,5408.49469856551
"1106","m_in[9]",0.126872153336271,0.0675918455,0.192662943250514,0.0808018200906,0.002309089035,0.415554507999999,1.00288058636135,1603.20546352417,3988.03155354968
"1107","m_in[10]",0.127705361231994,0.0667873795,0.202943267536496,0.0808071248334,0.00216169067,0.430571870999999,1.00244215451389,1802.81323550667,4966.79193889532
"1108","m_in[11]",0.117043626912969,0.0646360925,0.178543626447973,0.0770536679262,0.00223880901,0.3864160255,1.00304293575567,1560.51442923844,3964.58298131885
"1109","m_in[12]",0.126229873979029,0.0663307785,0.204808095379421,0.079787586774,0.002257381405,0.419596518,1.00196910276886,1760.51750611203,4660.46641957242
"1110","m_in[13]",0.126755031979443,0.067263594,0.210672497130842,0.0812711964246,0.002318809815,0.420471006,1.00175381450599,1574.42402103554,4208.63171084907
"1111","m_in[14]",0.123914098064513,0.06713276,0.18084474078091,0.0801844320921,0.0020816501,0.423326416,1.00247006088279,1796.16583021254,5031.11027096807
"1112","m_in[15]",0.112598938354938,0.063044264,0.159046778755574,0.0753024156171,0.002152817645,0.367891225499999,1.00227383860798,1424.38065774895,4373.62397069698
"1113","m_in[16]",0.124182469322322,0.066682892,0.1947779711241,0.0800074741452,0.002061274925,0.4046346175,1.00211430440713,1757.89221526072,4743.11115926794
"1114","m_in[17]",0.112266351521805,0.0630754855,0.152256038729054,0.075579323043,0.001961918925,0.371505383,1.00294722624191,1498.96086452754,4593.18952517226
"1115","m_in[18]",0.114704709242133,0.0628830155,0.164499895680212,0.0752916890061,0.002206450405,0.381972454,1.00195699319445,1610.60578880043,4832.19517003409
"1116","m_in[19]",0.121867352708433,0.0659459985,0.182678583570857,0.0792027744627,0.00217028152,0.405151349499999,1.00206042092526,1765.80760556414,5078.7285705246
"1117","m_in[20]",0.118517466767664,0.0656651165,0.171262771727019,0.0785120830137,0.00227871727,0.4038948825,1.0022949529738,1728.31522330774,5402.71401716582
"1118","m_in[21]",0.127982746282225,0.0653576485,0.235807758405649,0.0779680466502,0.002218381905,0.418575022499999,1.00174491036618,1808.35732950813,4450.40951754337
"1119","m_in[22]",0.117044166002289,0.0646297625,0.172444732375441,0.0779887830351,0.002148730735,0.3836049965,1.00203092627078,1533.35030308512,4866.33948484602
"1120","m_in[23]",0.113888270342192,0.0617081765,0.163972078730042,0.0747640101684,0.001965976675,0.3842283165,1.00183452779858,1608.9991328001,4754.09858888344
"1121","m_in[24]",0.111343916395305,0.06221129,0.160999600849543,0.0743376789015,0.002089821245,0.369702028,1.00222066155257,1598.30182307015,5037.06436121094
"1122","m_in[25]",0.121030419044699,0.0674980065,0.175152649053174,0.0800928696813,0.00233307132,0.396942241,1.00209044355172,1626.44556984849,5198.44863373018
"1123","m_in[26]",0.118821071526558,0.0641229115,0.185266835505185,0.0768952113447,0.00214748723,0.386742685999999,1.00218703008143,1667.35841037706,5195.44995274951
"1124","m_in[27]",0.110373822536874,0.062736216,0.148425684990969,0.0752816228934,0.002103288935,0.370108976,1.00190419328665,1641.67008641134,4783.01530671759
"1125","m_in[28]",0.112989089562581,0.063838374,0.158089394694264,0.0761894122017,0.00231822648,0.3674679275,1.00173470645731,1757.0959108015,5439.68366140565
"1126","m_in[29]",0.119986955853491,0.065582797,0.188215132758721,0.0796001572233,0.002166506485,0.3957908535,1.00184772641654,1605.09605887777,5470.58739155578
"1127","m_in[30]",0.111368958488084,0.0650629215,0.149042495420801,0.0769998732678,0.002250287855,0.3631584215,1.00165906677695,1728.77177812916,5261.77657882071
"1128","m_in[31]",0.109634262485989,0.0602522485,0.152279087915574,0.0727209399252,0.002053867855,0.3629159905,1.00208106067573,1536.10493459236,4450.34103852921
"1129","m_in[32]",0.123651219234478,0.063923076,0.197553862916191,0.0772028122971,0.002181390245,0.411485427,1.00183797196195,1627.28399844725,4406.74828869016
"1130","m_in[33]",0.11197757018997,0.062432904,0.16049647276906,0.0745057827612,0.002144366625,0.364920493,1.00221003493186,1585.64432552532,5206.00185867135
"1131","m_in[34]",0.149518842062531,0.0730532585,0.250234303995968,0.0885784951989,0.002495881125,0.535964885,1.00283308264724,1402.5518405256,4265.92202841508
"1132","m_in[35]",0.108904522634038,0.0617687285,0.154688966348615,0.0734050775409,0.002209422465,0.3538453765,1.002365172163,1634.8807786913,4968.10358016583
"1133","m_in[36]",0.119532281855453,0.06437895,0.176425021928316,0.0771283650207,0.00203420743,0.4006495555,1.00257706330954,1458.21167888226,4336.03450019454
"1134","m_in[37]",0.118399998317437,0.064907281,0.176342077033588,0.0782471312742,0.002042772105,0.3889857725,1.0027479981179,1629.08514923493,5344.34053141788
"1135","m_in[38]",0.125002213417217,0.0652115875,0.207202006384238,0.0781991469252,0.00205453828,0.4134586365,1.00197109323914,1594.5672436213,4739.77651575248
"1136","m_in[39]",0.131545630396772,0.069917484,0.215043043331288,0.0834679529838,0.0023022434,0.444634752,1.00158403798394,1621.04195288091,5123.40182728262
"1137","m_in[40]",0.115648202581327,0.0636454195,0.181223537583113,0.0757083952338,0.00222286492,0.3776181605,1.00192749603882,1697.03891917703,5188.08765032182
"1138","m_in[41]",0.115209242015518,0.062099053,0.169266835344013,0.0746536283745,0.00207459593,0.37960932,1.00269997091408,1650.36582286736,4351.17312259037
"1139","m_in[42]",0.115518124556754,0.0660045615,0.160644925519324,0.0789384780324,0.00229383101,0.379958989499999,1.00270808545656,1511.14288517005,4654.84029994894
"1140","m_in[43]",0.119012906380246,0.066205284,0.168746856093696,0.0789094338984,0.00199635898,0.396031641,1.00237238558659,1775.47114644022,4621.76944835503
"1141","m_in[44]",0.115565204298222,0.0620463965,0.171670230273506,0.074765257035,0.00209458987,0.3841368645,1.00254717704077,1590.18727608597,5272.57519733885
"1142","m_in[45]",0.117198635191594,0.0642065045,0.170719019868653,0.0767679627519,0.002171170745,0.3807857135,1.00198454148797,1597.36575407381,4792.60311021695
"1143","m_in[46]",0.113185695530522,0.0624005825,0.165969785714131,0.0745671097689,0.002462999265,0.374405407,1.00240715864825,1701.15617174176,5180.75556267399
"1144","m_in[47]",0.119155470318295,0.0658325975,0.177860684791387,0.0785715841995,0.002191031685,0.384496767,1.00185921576188,1604.4296447766,5413.99501929771
"1145","m_in[48]",0.116503259873558,0.0647680875,0.169430786668345,0.0780596194392,0.002270437365,0.382297936499999,1.00209190422018,1689.58439322055,4544.55233237647
"1146","m_in[49]",0.114722361314445,0.061938923,0.16957259315852,0.0741394204404,0.00213970354,0.379525908,1.00235390958378,1720.78308382574,4242.16899479412
"1147","m_in[50]",0.13250756101315,0.0674817685,0.217443768629868,0.0816354690207,0.002330944155,0.441127053999999,1.00204913515446,1649.09807314345,3735.82477033259
"1148","m_in[51]",0.13430828713076,0.0717537485,0.191538143505506,0.0872055260559,0.00221723428,0.460009503,1.00309456907247,1561.00705815527,5033.24404556347
"1149","m_in[52]",0.117476464434973,0.063930934,0.175290982764318,0.0766220415534,0.002100651645,0.401368199,1.00259373114831,1474.37695124553,4348.73530130581
"1150","m_in[53]",0.120805567258106,0.0650926525,0.19677313903779,0.0779826005931,0.002109548335,0.3862778865,1.00288278413305,1614.41890112421,4091.48062254401
"1151","m_in[54]",0.127761153992177,0.0686348695,0.206566058834086,0.0820618314222,0.00236862874,0.4184000965,1.00265867244466,1642.74011066157,4679.41174617089
"1152","m_in[55]",0.115166789741548,0.061969026,0.174219007438093,0.074287348338,0.00216852654,0.3777182835,1.001932680822,1563.05095003513,4938.56317389051
"1153","m_in[56]",0.119324931955068,0.066197883,0.167682356746069,0.0800999683701,0.002166448575,0.3896097925,1.00263853680518,1710.99018117197,5651.72980603884
"1154","m_in[57]",0.116590759862962,0.0631683385,0.167583889330683,0.0767463916632,0.002034282895,0.3855655045,1.00171707826976,1826.58702307411,4631.63598147917
"1155","m_in[58]",0.131539424171009,0.067783704,0.188830171606289,0.0825494081538,0.002293970925,0.456380117999999,1.00256736160175,1624.49619221001,5047.08791912415
"1156","m_in[59]",0.119620824132769,0.068367476,0.153584746930212,0.0830609503731,0.00204892885,0.402085949,1.00266313762201,1696.84615864438,4573.28304370813
"1157","m_in[60]",0.11842339841788,0.063734922,0.173072480641661,0.0769265438718,0.0020979052,0.403120599,1.00237095294562,1843.64887856564,4455.52328794616
"1158","m_in[61]",0.130095170873854,0.068790313,0.199828844307114,0.0832476623454,0.00233107169,0.4426602835,1.00211854434898,1612.52767312944,5418.63953231329
"1159","m_in[62]",0.131670059646187,0.068200561,0.206230262407468,0.0826764299088,0.0023398666,0.4408194095,1.00208280474372,1547.50526337764,4629.29349390007
"1160","m_in[63]",0.129173609613133,0.067721947,0.2061364665383,0.0816461548602,0.002362700515,0.426997452499999,1.00170059604111,1566.56485334981,4544.96359667226
"1161","m_in[64]",0.126735431844258,0.0645304215,0.220303674449845,0.0777835103934,0.0022095329,0.417769139999999,1.00244095305253,1525.84736225871,4734.7822497458
"1162","m_in[65]",0.120652828070113,0.0633805615,0.190212823312345,0.0760343633763,0.00248565067,0.397143589,1.0017052288872,1517.96924161297,4608.92557401074
"1163","m_in[66]",0.117333134422632,0.063703032,0.191528948613606,0.0761132065617,0.002416994245,0.3824298215,1.00217049259132,1666.67223384269,3910.0923223937
"1164","m_in[67]",0.113940875135017,0.0628191705,0.15098551761496,0.075237287223,0.00222177961,0.38356179,1.00211964968309,1529.65784017951,4599.11322278086
"1165","m_in[68]",0.12278228762621,0.0663458855,0.184302927441053,0.079215822084,0.002226476035,0.411413245,1.00176378532204,1467.62145314505,4337.0949730336
"1166","m_in[69]",0.125672603805379,0.0666876405,0.221160463050698,0.0796515930651,0.002331678985,0.3981765605,1.00210686110519,1472.42588792416,4322.15291241469
"1167","m_in[70]",0.116465074068661,0.0652658365,0.168465344822017,0.0778022267358,0.002151121255,0.3780297665,1.0024870560428,1550.47047600892,4925.34735125066
"1168","m_in[71]",0.111704449189307,0.065323354,0.14107987389019,0.0778139185194,0.002019712315,0.375248384,1.00171052338295,1900.00034057553,5624.88177212718
"1169","m_in[72]",0.120567828172809,0.065960453,0.181644371362347,0.0789985225911,0.00228363291,0.399096334999999,1.00206813404895,1615.67289323791,5257.32465659818
"1170","m_in[73]",0.118449691843015,0.064704739,0.167837940819946,0.077346745329,0.00223734352,0.389418470499999,1.00199673300765,1706.86959011366,4907.32583660287
"1171","m_in[74]",0.116490553663461,0.064941097,0.162373902771897,0.0785005246641,0.0021197891,0.3869504325,1.0017302142816,1802.61690071127,4561.6900988632
"1172","m_in[75]",0.131609329183014,0.067450985,0.218258051606967,0.0822991274826,0.002287806215,0.441814448,1.00260723731021,1453.45262786885,5217.63069495965
"1173","m_in[76]",0.124586188075234,0.066241458,0.215574374666178,0.0792420003522,0.002348123635,0.412688231999999,1.00132454474088,1830.81548953673,4581.85539106565
"1174","m_in[77]",0.114034760949116,0.063870442,0.166729877564176,0.0756004093215,0.00210176222,0.374781873,1.00285154987638,1602.79054181104,4614.65886794794
"1175","m_in[78]",0.116186790795725,0.062794295,0.176203756412333,0.075497075808,0.002169995065,0.3821928995,1.00244255805532,1678.89123331898,4490.44143993376
"1176","m_in[79]",0.115739692356573,0.0627399395,0.183273692619647,0.0748896946182,0.002064626695,0.373343564499999,1.00233209605685,1540.02377323647,4909.54311064048
"1177","m_in[80]",0.115610188007286,0.0646478545,0.17395659665055,0.0766615884258,0.00208318794,0.3729835345,1.00206709050998,1708.7304801877,5321.57922008114
"1178","m_in[81]",0.112034898883228,0.062734789,0.151498732316661,0.0742054591509,0.002309791635,0.37542844,1.00272368668456,1590.67027716507,5486.23280247756
"1179","m_in[82]",0.124170886873075,0.065968627,0.197691188497107,0.0791329884807,0.00230322499,0.4063614015,1.00291043247773,1660.54139987711,4620.34519726513
"1180","m_in[83]",0.126161455991414,0.06576722,0.200068190862782,0.0795509690031,0.002142187665,0.413518823999999,1.00187997179672,1770.12812953727,4705.15294193176
"1181","m_in[84]",0.125863417850184,0.0663790435,0.19750378031842,0.0806140280442,0.002202344535,0.4196624295,1.00241557411644,1564.79114407531,4929.18963698518
"1182","m_in[85]",0.123411575570269,0.0666141305,0.186684327661311,0.0803664597897,0.00222423951,0.4130373885,1.00262600179453,1737.19788312414,4950.08427209894
"1183","m_in[86]",0.11901111306434,0.0641059415,0.179278735489181,0.0762813334017,0.00214783307,0.396362138,1.00164808481683,1967.47389285145,4149.14508182865
"1184","m_in[87]",0.121180444660698,0.06477815,0.180597568059809,0.0788257678152,0.002208207655,0.400999033,1.00230207700469,1688.13430314949,5082.13137553264
"1185","m_in[88]",0.129511201625518,0.066597727,0.235933655994787,0.0803228802453,0.002388636075,0.4235047875,1.00218461685613,1570.41318372353,4557.29676968617
"1186","m_in[89]",0.113681931022814,0.0633131955,0.160625093314872,0.0755540180262,0.002393470025,0.3699492585,1.00154953999182,1577.82738796079,5379.45349785655
"1187","m_in[90]",0.127427206538932,0.0683648495,0.223195207154582,0.0823802301504,0.00213145777,0.413112953,1.0023444915517,1468.87823434593,4582.43586948532
"1188","m_in[91]",0.114254903109447,0.0627521185,0.164023829345424,0.0747271860909,0.00217171103,0.377966164,1.00220331479071,1550.93578625249,4284.6571822202
"1189","m_in[92]",0.113491134555808,0.0633315235,0.164236209860168,0.0761321134182,0.001994138785,0.375927957999999,1.00218972105331,1606.98477960682,5337.11190590674
"1190","m_in[93]",0.120159875188663,0.0638840195,0.185543759445485,0.0766271913645,0.00204855825,0.405171073,1.00183017417544,1587.68831403918,4964.53127847943
"1191","m_in[94]",0.131886806217238,0.0691398435,0.210292799369006,0.0838665840936,0.00209612219,0.436818637,1.00204310844928,1571.9967435276,4330.64302293153
"1192","m_in[95]",0.196931030205293,0.0809765565,0.37294843515622,0.100135056042,0.00258553313,0.799324794,1.00277847688323,1306.10169250907,3892.12541558149
"1193","m_in[96]",0.118438561181926,0.066661169,0.161111175500491,0.0796690706952,0.002147250955,0.392121721,1.00189511158305,1505.55919330985,5264.49227610946
"1194","m_in[97]",0.115121810500579,0.0646105245,0.158926871311075,0.076742526525,0.00196378995,0.378913552,1.00213338341776,1762.89685913955,4790.78906649132
"1195","m_in[98]",0.181669877258474,0.072638399,0.392120904982997,0.088882440801,0.002344451005,0.681607836999999,1.00296403093377,1489.82166675133,3379.45154103973
"1196","m_in[99]",0.117062431901108,0.063211617,0.200186542968194,0.075936562926,0.00218022888,0.380561251499999,1.00288478277531,1473.64793906585,5438.83734909292
"1197","m_in[100]",0.123093198636735,0.067363765,0.181978284207711,0.080959974963,0.002053512185,0.4110247315,1.00160645671366,1668.40825137453,5543.43610496816
"1198","m_in[101]",0.130061701089232,0.0697596275,0.200917006593519,0.0841777128927,0.002289274035,0.436808503,1.00167127604281,1546.26275925607,4483.72903188626
"1199","m_in[102]",0.114514736801616,0.0628380265,0.163993491986925,0.0758126946612,0.00207423782,0.3813555475,1.00099723604224,1817.72111262956,3626.81563950499
"1200","m_in[103]",0.145935628171796,0.0705528695,0.241916486364202,0.085810078473,0.00232850269,0.5237779105,1.00295901623535,1261.81788975235,4529.27353539155
"1201","m_in[104]",0.127219109843055,0.0656916105,0.246126412456906,0.0792812395851,0.00223640734,0.4020067855,1.00181213747679,1806.24084494416,4594.54448901533
"1202","m_in[105]",0.123899351686378,0.067072831,0.192505799180854,0.0800682889146,0.002434740205,0.4013019035,1.00316790572392,1664.22298906957,4803.0039633416
"1203","m_in[106]",0.115809436243732,0.061135949,0.182141949625157,0.0726577648566,0.002201189475,0.380049089999999,1.00253682885241,1452.71001932591,4634.05441829536
"1204","m_in[107]",0.125601971395466,0.06710641,0.180061129831365,0.0810814540179,0.002193026995,0.415980144499999,1.00254603059432,1714.99968673192,4973.68984099774
"1205","m_in[108]",0.116106976055711,0.0663599655,0.151669220358738,0.0794996161869,0.00204432582,0.382876189499999,1.00202099427716,1695.55050277853,5607.2397100666
"1206","m_in[109]",0.145054534700562,0.067997925,0.270253544254032,0.0823110579648,0.00227669026,0.487291276,1.00219568425979,1612.5161044986,3707.56835520818
"1207","m_in[110]",0.114232942650832,0.0640529525,0.157966692231292,0.0765344829039,0.00226395617,0.3766669735,1.00218586963947,1767.87176678502,4829.33748619086
"1208","m_in[111]",0.125361050160567,0.0645480905,0.214220744608085,0.0786386110629,0.001866613635,0.4088589935,1.00217147989044,1618.08192946711,4928.32453279818
"1209","m_in[112]",0.12725165134322,0.0660928665,0.208107572382119,0.0798382924353,0.002297048595,0.4128650795,1.00259975121788,1472.45784691004,4771.41707236254
"1210","m_in[113]",0.128383460852327,0.0675456875,0.189695837246693,0.0821776380495,0.002194412885,0.437221429,1.00243383752125,1562.69016895624,5178.79211294773
"1211","m_in[114]",0.122304019707359,0.065176061,0.188558216429004,0.0783027228438,0.0021848405,0.404947813999999,1.00224691788399,1685.93818794938,4720.52771136756
"1212","m_in[115]",0.115281028928583,0.0647494655,0.158873327610441,0.0771184805265,0.002217144235,0.380532148,1.0020489381701,1915.05584049252,4890.51099012281
"1213","m_in[116]",0.121810406600834,0.0655258215,0.182896515513963,0.0786318126006,0.002109575675,0.400602078999999,1.00186950296493,1614.55834873073,4686.0336351834
"1214","m_in[117]",0.118338307535791,0.0637876445,0.168333037155531,0.0766761401448,0.002257655515,0.3978453335,1.00213500483073,1886.24940262786,4289.05491047083
"1215","m_in[118]",0.117839879893049,0.063070045,0.175397721515543,0.0755521595871,0.002157149805,0.391183715,1.00191235131039,1662.37553550391,5551.37683152561
"1216","m_in[119]",0.117053991925761,0.065303991,0.166384640023444,0.0785972316969,0.00214808317,0.386540088499999,1.0026741265877,1664.37849383481,4546.3861400853
"1217","m_in[120]",0.112383101296632,0.0658087825,0.143681683858473,0.0781360504344,0.002230376,0.371974324499999,1.00220520083913,1663.20455153429,5279.81098369964
"1218","m_in[121]",0.10839147068956,0.060054386,0.158653332681518,0.0719517907668,0.00207036658,0.3634142855,1.0019753301195,1668.74547384743,5086.67304296798
"1219","m_in[122]",0.118643548761476,0.0640645785,0.1836806920267,0.0772492280553,0.00204771809,0.400338686,1.003224338523,1686.76277126939,4070.56421476575
"1220","m_in[123]",0.114432615588233,0.064441373,0.159999557017023,0.0774008150097,0.0019624446,0.375151854499999,1.00238866371081,1590.34153524722,5072.21561858684
"1221","m_in[124]",0.122161916756827,0.066865349,0.188889719529783,0.0799381195998,0.002196126615,0.405201593,1.00176925597864,1726.21341160999,4547.07666957799
"1222","m_in[125]",0.123910863627626,0.0666389835,0.177972756227177,0.0807997155399,0.002156382165,0.411592559999998,1.00183825068216,1723.68513829908,5233.038410257
"1223","m_in[126]",0.118893886970032,0.0637703455,0.186220923473437,0.0767026193808,0.002136896735,0.395259799,1.00199438766417,1545.03388928289,4722.73710014973
"1224","m_in[127]",0.139862578593333,0.070277343,0.24656961405591,0.0849831968706,0.00235288112,0.465119579,1.00211316748444,1623.34998449463,3999.9893870641
"1225","m_in[128]",0.114582664630941,0.0641319765,0.157259162334437,0.0772269497664,0.002121885985,0.3819227495,1.00166260194214,1574.4124301688,4751.65646817639
"1226","m_in[129]",0.120031876765788,0.0660920785,0.181214763443508,0.0785915674236,0.00239642037,0.3999025185,1.00249052699329,1480.57093926744,5131.76853139006
"1227","m_in[130]",0.120374772408548,0.0643095795,0.186033146497052,0.0771439004448,0.00217165554,0.407627382,1.0025238241526,1604.5089811416,5065.06160078264
"1228","m_in[131]",0.121711699419245,0.0647659945,0.184120953500409,0.0777075975669,0.002326928265,0.4102171595,1.00181097902329,1648.46030620725,5230.32231251745
"1229","m_in[132]",0.124809790304271,0.06716397,0.190497395618676,0.0804868046556,0.00244885289,0.4062174385,1.00195391731468,1709.50176583654,4566.40839247921
"1230","m_in[133]",0.122489737384598,0.0665942055,0.213857179428981,0.0795100848255,0.002235350765,0.4024378905,1.0028422535022,1595.32608489247,5441.36904483379
"1231","m_in[134]",0.115408774493352,0.063759542,0.167681910679662,0.0760858199745,0.00234479094,0.384209204499999,1.00287625411186,1651.75213584209,4475.07655188458
"1232","m_in[135]",0.120949253525608,0.0673099125,0.17440052739538,0.080862316101,0.002236594415,0.407050627,1.00246510549589,1657.41437365955,5114.96283496493
"1233","m_in[136]",0.11937811533769,0.0675775135,0.159591005166241,0.0816483157497,0.00235828513,0.394135028,1.00183848927912,1784.09240846245,5169.96767671111
"1234","m_in[137]",0.123289270538755,0.0646545935,0.195303497061283,0.0773463205641,0.00213307976,0.4207069875,1.00312328041574,1610.9952000116,5299.36960305819
"1235","m_in[138]",0.114906577094935,0.061958061,0.176470004015003,0.0741645104802,0.002062660955,0.379241236,1.00234659470024,1557.40848369501,5268.37980552873
"1236","m_in[139]",0.113197990143413,0.063964416,0.157250144610383,0.0763241701635,0.002177631105,0.372677993,1.00194893043087,1839.05338709172,4912.07173015094
"1237","m_in[140]",0.112689390998318,0.0629983255,0.173651190596619,0.0758780558235,0.002188984435,0.3728901395,1.00256506469846,1694.00696239674,4906.8049820407
"1238","m_in[141]",0.120759932963192,0.0666105905,0.184445253099524,0.0792742387479,0.002178250605,0.3965808535,1.0019813209564,1627.64710000783,5301.20164324064
"1239","m_in[142]",0.119987508296123,0.0652121925,0.203133671309754,0.0775240880106,0.002129944755,0.396943108,1.00239370836426,1574.0348643795,3808.44893399573
"1240","m_in[143]",0.128672737297203,0.0674910775,0.197356553499017,0.0813851675931,0.00230831651,0.4406247775,1.00207281422183,1544.39366657911,4464.78105849595
"1241","m_in[144]",0.122363811213082,0.0654688835,0.182249380339542,0.0792385955613,0.002349292785,0.4129740325,1.0027627197972,1567.03097646511,4545.69632233109
"1242","m_in[145]",0.115760254383024,0.0647155925,0.182918608030882,0.0764507026605,0.002165326755,0.381110314,1.00277303895782,1599.97658068009,4580.95784710324
"1243","m_in[146]",0.144068044274303,0.0713718065,0.253412664861181,0.0867600781446,0.002231081555,0.491778624999999,1.00177861560695,1646.10681485917,5008.55122896815
"1244","m_in[147]",0.120903300131135,0.0649690615,0.186607175102498,0.0775755297828,0.002374176665,0.3999745135,1.00205002652006,1550.23233359819,4633.43889113694
"1245","m_in[148]",0.126288766186904,0.0678266285,0.188159518586404,0.081901166508,0.00226766963,0.413680207,1.00227305235954,1828.27375147882,4794.02359990403
"1246","m_in[149]",0.144924932875875,0.069824751,0.260988340022926,0.0841100737155,0.002455967975,0.5050495675,1.0027857061962,1467.17039854162,3778.49802762014
"1247","m_in[150]",0.124636998548017,0.0653284925,0.198175323101894,0.0790372933224,0.00207515053,0.4118959885,1.00197665954936,1833.06087848365,5101.82837291575
"1248","m_in[151]",0.137372848659254,0.0719505865,0.193367550949993,0.0878872070034,0.00223042803,0.478919326,1.00292058792275,1668.96638126789,4517.63818919873
"1249","m_in[152]",0.108012177369893,0.0632654825,0.143169589172266,0.07531652478,0.00213939428,0.3467276655,1.00154126873998,1847.41230818593,4493.38202251207
"1250","m_in[153]",0.125038391227534,0.06870538,0.176937413453906,0.0822428561409,0.00223511754,0.4180618515,1.00171163550364,1677.59377002282,4641.59568405124
"1251","m_in[154]",0.120246282011908,0.0661716185,0.174766559849277,0.079990769691,0.00212464492,0.401755,1.00243896708481,1623.52706860757,4002.46524280094
"1252","m_in[155]",0.114084821811832,0.063132409,0.164120998843702,0.0760193157276,0.00228291998,0.3768372735,1.00223928056179,1770.91770705476,5585.90528751873
"1253","m_in[156]",0.118812840597872,0.0648356115,0.183794936726068,0.0777460228524,0.00209809712,0.3937272265,1.00157604609629,1700.33217689099,4464.54661153421
"1254","m_in[157]",0.113375302615671,0.064454273,0.157269661813388,0.076795870473,0.002117213405,0.3725407665,1.00179437518997,1783.26889776151,5758.8981677746
"1255","m_in[158]",0.125758214169692,0.0660129725,0.197941118704462,0.0793399549929,0.002029586975,0.4220716705,1.00200361036642,1550.7105773989,4599.85201838256
"1256","m_in[159]",0.130311103743258,0.070289426,0.187181152917075,0.0851734604112,0.0023718579,0.4410338225,1.0034152858111,1594.62972432084,4807.00891366495
"1257","m_in[160]",0.12666903730427,0.0669859075,0.209024134462635,0.0804785777082,0.00214865927,0.408312541,1.00239748632867,1585.32702908927,5218.96268193417
"1258","m_in[161]",0.119032907551501,0.068151306,0.154948064177717,0.0816857143347,0.002372262425,0.396266446,1.00228745783996,1653.76159883974,5282.98130132845
"1259","m_in[162]",0.124104784868707,0.066082967,0.180085802075482,0.0787859955876,0.002208701565,0.418230961499999,1.00217254461923,1787.51237784126,4987.60138588509
"1260","m_in[163]",0.122371116845246,0.0652990045,0.202816664325481,0.0788514560841,0.002159060565,0.397444924499999,1.00215196597293,1870.18843614891,4967.95743633876
"1261","m_in[164]",0.114653778853211,0.065102774,0.161612206876262,0.0774170850621,0.00219907251,0.380119079,1.00166415084701,1574.81853520099,5260.33841837193
"1262","m_in[165]",0.118990485414315,0.06577379,0.168985442987525,0.0793281342231,0.002232382965,0.391654352,1.00312408371419,1505.61334815116,5121.24931793534
"1263","m_in[166]",0.116898179352455,0.0636620365,0.175623880031258,0.0766191949614,0.00237394368,0.3880709615,1.00226170774174,1569.94246860495,5021.43119354145
"1264","m_in[167]",0.121328416231628,0.0653476745,0.201558856703656,0.0778952287512,0.002286213555,0.399331048,1.00199146352095,1649.97378384436,4906.04625531879
"1265","m_in[168]",0.120030798240476,0.063785635,0.179181630769698,0.0770483439096,0.00220091413,0.4038505675,1.00245367529758,1614.47492991111,4704.26893498211
"1266","m_in[169]",0.143345462338386,0.0722899175,0.223439062336662,0.0881136326406,0.002454735805,0.495992115499999,1.00292731394975,1627.33302049088,3832.07489652017
"1267","m_in[170]",0.118483483860039,0.06396783,0.17971556766504,0.0768242237154,0.00230074058,0.3907469595,1.00154354655434,1707.4449406355,4617.90767690322
"1268","m_in[171]",0.187773469829025,0.076286534,0.393254942862202,0.0942728689854,0.00235584137,0.6664880425,1.00316373661008,1505.47955892234,3843.49513695242
"1269","m_in[172]",0.122011879421418,0.06583435,0.187940883184493,0.0788368724892,0.002156152215,0.4088778225,1.00289930681567,1604.82159917892,5315.10135176482
"1270","m_in[173]",0.112823733739354,0.059620915,0.176587583509216,0.0715760443293,0.002137881625,0.3708614265,1.00207772019876,1510.53895487296,4502.7461580064
"1271","m_in[174]",0.129723357743903,0.067968008,0.19110910702808,0.0824227110882,0.00213787994,0.434206144,1.00215687050758,1635.23378276892,5163.82593881175
"1272","m_in[175]",0.113662868388697,0.063337901,0.165189183097304,0.0758736695514,0.00209292435,0.373814997,1.00241583696562,1646.24752769347,4981.91754699401
"1273","m_in[176]",0.121642427013198,0.0666697505,0.198643905057024,0.0799051576953,0.002291062355,0.3976098215,1.00158694205781,1592.61253172691,5253.42381417105
"1274","m_in[177]",0.123608118658324,0.066698505,0.183987164004416,0.0797510006538,0.00228031045,0.4222286935,1.00280181606495,1654.07791065224,4926.05335694036
"1275","m_in[178]",0.124782607653278,0.0662906565,0.194930841736933,0.0807124734255,0.0022054883,0.4121935825,1.00167284529308,1584.8103205578,4535.67465418618
"1276","m_in[179]",0.124888180199375,0.068276264,0.204351267569434,0.0819193884033,0.00210366659,0.4174431115,1.00217519924435,1455.76037382629,4217.58773347105
"1277","m_in[180]",0.11392136454246,0.062078151,0.176614498299903,0.0744259484577,0.002296575755,0.368653139,1.00207664351537,1641.71025445429,4666.09867571132
"1278","m_in[181]",0.124542562343846,0.0652901395,0.1979302623711,0.0791193915561,0.00228448236,0.4136810535,1.00163718969644,1638.99221096575,4134.10999046218
"1279","m_out[1]",0.91010310298415,0.82850144,0.504285032195902,0.432208871514,0.2944443165,1.797050035,1.00189606999322,3432.85474233934,5837.0981696738
"1280","m_out[2]",0.79157845967557,0.677462935,0.539302490901756,0.443382975672,0.176227541,1.72546481,1.0009351900874,2068.34167581402,3695.57281348641
"1281","m_out[3]",0.923015222153659,0.76683233,0.755501232445954,0.616193719722,0.0923527072,2.32546776,1.00163918226696,2493.01481378132,3517.66114504196
"1282","m_out[4]",1.8450382544625,1.65744395,0.856552349206846,0.68795227137,0.8544076595,3.46175828,1.00038352599751,5721.83984280521,5874.83476550458
"1283","m_out[5]",1.82291819036125,1.58151395,0.972216538336304,0.70437421614,0.7625500755,3.6927011,1.00053105298152,5118.24189053137,5134.45116302213
"1284","m_out[6]",0.881004784288625,0.81059543,0.42641948257449,0.367609943526,0.34517165,1.64218313,1.00072475985541,3951.76323837946,4830.01939160091
"1285","m_out[7]",0.744974503421567,0.618902755,0.588284811956965,0.495276844503,0.0799043708,1.821247795,1.00369955877573,1495.33946325797,4174.29393284734
"1286","m_out[8]",0.834632842740678,0.75497789,0.479008166607438,0.436181446323,0.2358038295,1.678499285,1.00126738023876,2964.21468927968,4896.71341689079
"1287","m_out[9]",0.900467616084825,0.72395135,0.737807915198187,0.550154942505,0.1315895155,2.2341967,1.00080915173888,2621.86634205676,3833.73037651939
"1288","m_out[10]",0.994124049939264,0.834233965,0.775175528329205,0.62717530827,0.119242394,2.479972225,1.00079486828261,3127.20623791588,3936.91466896152
"1289","m_out[11]",0.932386343644046,0.77293502,0.76126159379212,0.632086391118,0.0957425499,2.37898879,1.00129224298005,2138.7025834666,3619.50459272518
"1290","m_out[12]",1.05208601619449,0.87035478,0.86206808599137,0.662122073172,0.1238958885,2.652436445,1.00108117968432,3434.30461247222,3524.41039912956
"1291","m_out[13]",1.07272386997288,0.86156383,0.894884064757259,0.675765566238,0.1401151505,2.795936005,1.00142203925418,3319.77266267425,3843.16268125774
"1292","m_out[14]",0.941437168043559,0.778863815,0.718235923221166,0.553724250114,0.159817455,2.257083165,1.00064180987977,3257.44539404084,4716.64029717515
"1293","m_out[15]",0.834444426763876,0.647318285,0.754627641111272,0.60407158182,0.060390888,2.2191045,1.002384707091,1560.03398736073,3318.25752227266
"1294","m_out[16]",0.923796474955238,0.77434391,0.719477569941295,0.577804194534,0.1102773395,2.259892395,1.00196487019054,2457.99041775097,3264.69821238565
"1295","m_out[17]",0.71073875702018,0.54174968,0.654611296753503,0.521018019984,0.0478580078,1.92460241,1.00320438715111,1059.30585672453,2887.89748052644
"1296","m_out[18]",0.799425669562521,0.626628565,0.722437126847236,0.609112377342,0.05050699405,2.122609525,1.00239696296328,1451.366827591,2794.00249591944
"1297","m_out[19]",0.780658830745681,0.62386755,0.669359800202216,0.544851430263,0.0738780417,2.04656228,1.00219776669328,1472.85786280324,2849.59321500675
"1298","m_out[20]",0.828006489089767,0.6655167,0.685774925692663,0.571885714638,0.0896161525,2.16114073,1.00131843007372,1929.65896023399,3417.31952307168
"1299","m_out[21]",1.62403124997899,1.3895415,1.04094609451218,0.934115658588,0.370013821,3.527831105,1.00060269699046,4290.98021327204,4138.39403458237
"1300","m_out[22]",0.797074862415709,0.635644575,0.689940614628274,0.566042543409,0.0716912438,2.014185035,1.00243750227483,1499.04947841362,3505.91423452629
"1301","m_out[23]",0.875115290802321,0.710369535,0.763615712529761,0.632665368657,0.07022953765,2.257416595,1.00223679784659,1882.68134904872,2970.60716779072
"1302","m_out[24]",0.756511218157286,0.581396415,0.705505985232381,0.564545777166,0.0450164475,2.042032655,1.00298666452876,1371.45417819191,2871.47702908262
"1303","m_out[25]",1.38494705434138,1.2070419,0.818325863872662,0.642981128958,0.4556197245,2.881914385,1.00043521110353,6114.23389094333,4762.52146084759
"1304","m_out[26]",0.748410806425396,0.601726245,0.633375081988554,0.526296061158,0.07698405115,1.87312939,1.00280523423725,1624.49325697506,3075.27693920668
"1305","m_out[27]",0.746228400698685,0.578699715,0.673850412749237,0.558736572303,0.05299950935,1.97934373,1.00264905259848,1248.5834019831,2269.05541215077
"1306","m_out[28]",1.10678864323725,0.94484412,0.757073772859328,0.549074356908,0.293094963,2.50898806,1.00050894340779,5543.82864830615,4176.57168130358
"1307","m_out[29]",0.768456647289535,0.644164835,0.569758035616752,0.461740929174,0.1308181395,1.793203365,1.00281052560217,1685.50110696162,3249.1668223423
"1308","m_out[30]",1.04035651881888,0.949400115,0.534308176306836,0.427256149845,0.410442304,1.991892675,1.00010149917297,5765.98605034604,5591.45700823662
"1309","m_out[31]",0.772916401678926,0.58628128,0.731193540097791,0.600318520767,0.0369998847,2.14647877,1.00298554267377,1198.12091498222,2277.77030409472
"1310","m_out[32]",1.05202957716997,0.8790601,0.829536959918804,0.669971046528,0.1209449455,2.666267845,1.00054561698346,3794.94209645099,3649.64276947156
"1311","m_out[33]",0.725957182413239,0.544465615,0.673171614957655,0.547009517649,0.04829186985,1.927718755,1.00283148648303,1210.18368193079,2182.14226429384
"1312","m_out[34]",1.77691535985325,1.5463576,0.976444109344635,0.74656678824,0.6851970895,3.663423555,1.00017476265233,5295.97386083323,5139.04929884871
"1313","m_out[35]",0.741568852175976,0.55164986,0.713256149999647,0.583175105772,0.0421388454,2.072448865,1.00439334149816,951.919960807548,1577.09129609294
"1314","m_out[36]",0.761633465847887,0.61365138,0.646027822587206,0.542593148769,0.066484898,1.955097675,1.00237702898975,1368.87042673345,3768.32445410007
"1315","m_out[37]",0.817054894483799,0.63170679,0.749688458444965,0.592944802254,0.05897927655,2.21370792,1.00175991749619,1411.87022950768,3064.05139541321
"1316","m_out[38]",1.15321688800058,0.97774907,0.895648121896378,0.727173409137,0.1340947425,2.86444019,1.00198912688824,4107.43856733356,4200.09852582217
"1317","m_out[39]",1.299146961362,1.1343833,0.756334524004423,0.556740073491,0.4514099245,2.706492765,1.00102022833067,9235.83614696305,5546.69370610427
"1318","m_out[40]",0.818080939549237,0.625059215,0.765853879258666,0.614782039893,0.04885707015,2.24904636,1.00181431029926,1367.25205532808,3357.14521031639
"1319","m_out[41]",0.95319033911461,0.763737915,0.826653858793447,0.684622700181,0.07078815625,2.56231594,1.00149357485916,1797.12103797142,2718.63732066844
"1320","m_out[42]",0.949867174858334,0.76376443,0.788414472978124,0.619270344525,0.121271351,2.43844728,1.00230154128291,2161.96004922666,3249.06893486296
"1321","m_out[43]",0.9548927306714,0.775275925,0.778887637854743,0.59661247296,0.1308672745,2.41589213,1.0020583292427,2704.56099165327,4592.21741472606
"1322","m_out[44]",0.743018248472729,0.49686613,0.781850482446504,0.542745515571,0.03716638065,2.23212746999999,1.00498867421857,925.720176850214,2439.00820902244
"1323","m_out[45]",0.741749055175997,0.555926605,0.696549469917475,0.555522428937,0.04630585215,2.041341985,1.00331565094103,1057.02049610518,2296.64367727724
"1324","m_out[46]",0.69256995323768,0.511857125,0.656943347188262,0.522451027014,0.03866415285,1.89779622,1.005057508235,1068.13885288717,2166.92606151967
"1325","m_out[47]",0.867773724800734,0.67276831,0.764171528857466,0.610838227524,0.0786928807,2.332336765,1.00261698957237,1654.00215036622,3990.90350225955
"1326","m_out[48]",0.693913317964974,0.513935745,0.672207272574784,0.511408236738,0.0439781548,1.93362553,1.0044163426053,1052.00933133412,2378.2880627433
"1327","m_out[49]",0.739352982348397,0.54150974,0.718717150051319,0.548460686529,0.046192236,2.024392855,1.00442439202603,1009.87762438838,2845.79518081795
"1328","m_out[50]",1.26805126927201,1.0655554,0.87421069558773,0.648429898935,0.3004020455,2.94861005,1.00231067760937,6401.13503197025,5463.61457837737
"1329","m_out[51]",1.02544503629453,0.923402685,0.539859251964307,0.414365595189,0.3983053915,1.98510123,1.00107864806239,5456.7737507372,5024.02057752692
"1330","m_out[52]",0.872700437381733,0.726981475,0.711294094101476,0.581916548871,0.09054222545,2.16497903,1.00077777646964,2080.1931565153,2759.41965400363
"1331","m_out[53]",0.892894750726157,0.767834705,0.635316354803688,0.520728023424,0.1567083235,2.01931498,1.00135144307421,2568.39083948308,4112.77184963809
"1332","m_out[54]",1.20310798311091,1.02694815,0.817102226485802,0.597757062399,0.2853609335,2.764904355,1.00031055562467,8141.38782391891,5264.54706671707
"1333","m_out[55]",0.867844083339281,0.65313333,0.827236403392277,0.669189560655,0.04926482425,2.4257671,1.00252399772647,1316.7023860973,2728.68307288013
"1334","m_out[56]",0.991638942103188,0.87584431,0.650623402181973,0.521501095542,0.228277552,2.171331355,1.00166943367815,3856.09428498287,4519.63081622916
"1335","m_out[57]",0.764025507814374,0.60209869,0.69794919821773,0.584155675173,0.05281177905,1.968463445,1.00516072855608,1261.95953306325,2738.26546987194
"1336","m_out[58]",1.05189592230783,0.90433267,0.66233814742515,0.463564527174,0.3665986595,2.206900705,1.00034330714092,5430.48903162127,5430.12213623547
"1337","m_out[59]",1.22767699091374,1.10129145,0.647670007685027,0.51118135446,0.474666525,2.42681838,1.00006902251177,8466.79404952817,5732.14913415176
"1338","m_out[60]",0.871071422247561,0.700189675,0.738390924908032,0.590675593998,0.0925204499,2.26307499,1.00274227338807,2098.69226069327,3949.33041000172
"1339","m_out[61]",1.00048516143976,0.844330555,0.746659724594389,0.572411222208,0.1662150685,2.349818825,1.00119222309813,4245.62708750297,4467.71158238627
"1340","m_out[62]",1.35830710904952,1.1172458,0.970363589833013,0.73662847566,0.2868527125,3.240898535,1.00062790842133,5952.74874551063,5482.24241657477
"1341","m_out[63]",1.66801947993341,1.42544195,1.08117073058648,0.875975966607,0.401905568,3.75499491,1.00022627399751,6521.93163635779,4738.77251624463
"1342","m_out[64]",1.65285261252561,1.42268345,1.05902148814018,0.862374571968,0.3833290675,3.71698045,1.00066322578901,5746.32683943602,3672.80322536908
"1343","m_out[65]",0.836347614060807,0.66124426,0.735864690072717,0.595824804645,0.0667599862,2.22622421,1.00312592684389,1711.33702509629,3327.83618996516
"1344","m_out[66]",0.808612529295519,0.637888645,0.715893834405401,0.54633165069,0.0763694324,2.137805685,1.00310238818571,1568.8779005757,2861.55135725655
"1345","m_out[67]",1.05668795987842,0.928209125,0.650113929049597,0.506821895181,0.317861065,2.27562489,1.00071013916414,4187.06409932027,5090.11396792923
"1346","m_out[68]",1.28083943538769,1.08434435,0.868472179795801,0.671941622079,0.300695101,2.91222424,1.00042613978172,7242.94571861614,4313.26553086788
"1347","m_out[69]",1.37481135469125,1.16481055,0.871916885331217,0.629153749014,0.4360396745,3.03210842,1.00000701552063,7719.47318807597,5232.8774538124
"1348","m_out[70]",1.57177805941287,1.33628945,0.975353159552582,0.744843013698,0.4690885365,3.42033478,1.00089814717492,6415.49137725524,4942.55099478116
"1349","m_out[71]",1.27592928349,1.1504689,0.66062998915669,0.493996626816,0.5166918025,2.453826125,0.99994781842593,9538.35064838211,5486.64262811595
"1350","m_out[72]",1.00484898407252,0.864477335,0.727569114227009,0.583224750633,0.1717501325,2.32428097,1.00122422530588,2865.80202273796,4532.5838157934
"1351","m_out[73]",0.860828712894342,0.720962115,0.654257337007359,0.532053108153,0.133244934,2.03641843,1.00371271182729,2039.13068138661,3933.61124224676
"1352","m_out[74]",0.9253634319733,0.749465695,0.761559562757233,0.617065992606,0.1044738755,2.357906545,1.00258555650247,2123.81038480494,2694.52925057144
"1353","m_out[75]",1.45421184392029,1.248563,0.928310348490036,0.720431804547,0.394270907,3.283414145,1.0008341720888,8888.78827070248,5459.54390992341
"1354","m_out[76]",0.837530589660037,0.661648845,0.72797184089495,0.571180997793,0.0762612613,2.181794425,1.00296144884506,1506.15195405279,3221.14712261804
"1355","m_out[77]",1.84059658588473,1.64093965,1.08482783510678,0.94374710262,0.441064194,3.916943095,1.00058141238491,3970.80677555777,3052.33237104557
"1356","m_out[78]",1.93394393901153,1.7416954,1.32448066390311,1.273519589307,0.197856148,4.376832605,1.00071159244299,2393.75544553811,2031.91429181539
"1357","m_out[79]",0.743839321807007,0.561798335,0.704252167058815,0.566710447296,0.04596533275,2.045920455,1.0034091402656,983.193549931395,2279.82092256303
"1358","m_out[80]",0.871443046710946,0.727689465,0.697520385120681,0.600419174481,0.0932717237,2.1331885,1.00160405485412,2008.27549145675,3111.20710972675
"1359","m_out[81]",0.720798141710646,0.53488014,0.68224151718318,0.532649320917,0.049047519,1.962194435,1.00323521415605,1171.34928953429,2860.63094292245
"1360","m_out[82]",0.958107141273521,0.79579975,0.757703939987988,0.579970517763,0.13461882,2.401376185,1.00169579306518,2546.09672447092,4389.3560400638
"1361","m_out[83]",1.31808859596539,1.1533284,0.871204926522598,0.71638824285,0.261446005,2.95161305,1.00054689284449,6395.43691214503,4075.88733335012
"1362","m_out[84]",0.905902312062599,0.795507895,0.549920161096929,0.473599727664,0.2445592705,1.931952435,1.00077922996911,3247.67424032712,4624.07466467818
"1363","m_out[85]",0.944031710368225,0.810310775,0.632046572509867,0.475957491618,0.260542162,2.12236086999999,1.00106940326909,3410.70971877002,5603.03955909612
"1364","m_out[86]",0.860821966688342,0.668537025,0.76610826850624,0.599114990565,0.0794394928,2.367771355,1.00386571190668,1564.44508766834,3476.36360833252
"1365","m_out[87]",0.816524608261794,0.66012219,0.670804901070077,0.545780820312,0.0981551521,2.00184187,1.00312525793784,1780.20052715716,3840.05267330213
"1366","m_out[88]",0.946177131644108,0.80235374,0.697826414391237,0.526060817016,0.179394907,2.220131925,1.00175916861179,3036.21331232885,4872.52938483702
"1367","m_out[89]",0.845952315857516,0.673727435,0.737080875416788,0.58731797943,0.07279109955,2.259687355,1.00279416099186,1813.01593768616,3615.99577918945
"1368","m_out[90]",1.01754916876333,0.84959113,0.816924855960209,0.652660208928,0.1222251035,2.56638156,1.0012385961649,3163.71840338395,3489.00794595046
"1369","m_out[91]",0.67154806956473,0.507583655,0.60751759710205,0.485427784443,0.04830564685,1.779461055,1.00328463364094,1109.15067008219,2714.46559755182
"1370","m_out[92]",0.758957095450245,0.56877056,0.70848254896104,0.575782046742,0.04497339875,2.10179266,1.00307927904656,1169.16741512433,2670.49109919592
"1371","m_out[93]",0.825749971150374,0.618023305,0.786387932287786,0.586212026547,0.0641418702,2.27118735,1.00323237970448,1579.14280076372,3598.6067251771
"1372","m_out[94]",1.23499288746837,1.0703358,0.809433846513176,0.592689483708,0.3275932995,2.751899855,1.00078257596501,8019.03814388288,5405.53066895356
"1373","m_out[95]",2.0642004058331,1.8366717,0.975067624806202,0.79327721319,0.93869685,3.924308135,1.00064654218476,3046.67531413209,5682.27316899698
"1374","m_out[96]",0.959974457807341,0.808663825,0.766458016391921,0.609097921992,0.1130014575,2.34908696,1.00167095413562,2649.94408062368,3286.29027017625
"1375","m_out[97]",1.14560063401937,1.0246486,0.721863979431672,0.588575617119,0.272202711,2.44281524,1.00079313074209,4029.66921158485,3738.31996891376
"1376","m_out[98]",2.4133850871825,2.20482845,1.08329717143923,0.97388999148,1.07102618,4.529700845,1.0014284473579,2230.93984051966,4568.43683632045
"1377","m_out[99]",0.702296585139612,0.53874809,0.646566472723555,0.517826567811,0.04893675945,1.91713985,1.00353953635494,1239.41966583605,3246.25457700289
"1378","m_out[100]",1.03935304269592,0.907810525,0.700577288937512,0.553561853523,0.237705556,2.284929115,1.00072480570903,4015.8684501421,3962.99460729935
"1379","m_out[101]",1.09723419974473,0.943739595,0.742464203190349,0.561721861533,0.249685351,2.473218075,1.0003932230556,5840.52197848673,5613.04873043308
"1380","m_out[102]",0.917395985595096,0.72466164,0.817804525659753,0.658177326765,0.06560351715,2.42529093,1.00199182510013,2048.64400652736,3025.18133383848
"1381","m_out[103]",1.96385176993263,1.7387239,0.989088242080405,0.78485923278,0.840328425,3.87670879,1.00096459967275,4496.12401344853,5234.18732978223
"1382","m_out[104]",0.95431365869794,0.769395785,0.830209952188381,0.635485199727,0.09071730095,2.494177045,1.0012716014498,2618.52811353293,3837.34663614861
"1383","m_out[105]",1.04501822240491,0.90608685,0.666850698336917,0.509264738136,0.287042956,2.262576545,1.00080604020656,4312.76935764612,4692.60641782794
"1384","m_out[106]",0.710916466546249,0.51674276,0.698955963747728,0.556146062388,0.032104558,2.00615237,1.00445755613252,960.396302813989,1687.10405111376
"1385","m_out[107]",0.771489648313538,0.65184128,0.547257232581908,0.435089526249,0.179203727,1.76115859,1.00121278961538,2458.70233698683,5150.52866836733
"1386","m_out[108]",1.16657203010125,1.06921485,0.55806943572511,0.47200913508,0.478590643,2.19371788,1.00054382644741,7918.79961813073,5754.58645238958
"1387","m_out[109]",2.09270679971987,1.89313855,1.11966995974311,0.97121382435,0.680020023,4.24340656,1.00098035079343,3351.07993974286,4301.4039958409
"1388","m_out[110]",0.883064947107075,0.75106515,0.652941567427646,0.51565991841,0.152618536,2.06367075,1.00284607309206,2464.66949230534,4256.93431935206
"1389","m_out[111]",0.936357179815642,0.73020329,0.821251995287507,0.672798824334,0.0774935177,2.572476255,1.00187900899048,2144.68827330571,3435.33710556577
"1390","m_out[112]",1.11544237172403,0.930507585,0.877930340666473,0.678694257213,0.1410039765,2.74500517,1.00091916546641,4632.71689527614,4500.88641033516
"1391","m_out[113]",1.79733229137736,1.55301455,1.04094971245081,0.81212632242,0.588839161,3.79997275,1.00032397266934,5935.43392875821,5457.29448311125
"1392","m_out[114]",1.01079398450542,0.84233522,0.80745211057178,0.643769486682,0.125604576,2.549419575,1.00126473396624,3014.15564592278,3245.59241526384
"1393","m_out[115]",0.886863318539511,0.73364262,0.726082262881268,0.589834359345,0.103199265,2.217728115,1.00154689885682,2350.56912510273,4382.22769739866
"1394","m_out[116]",0.864985305885683,0.738225555,0.623721594993575,0.528070800075,0.142967842,1.986214685,1.00317507824177,1917.52072739611,4476.53287609547
"1395","m_out[117]",0.844433949710105,0.70744485,0.635964379214634,0.51921178323,0.1367536915,1.98662621,1.00143630945088,2334.65327723348,4372.09121542232
"1396","m_out[118]",0.729086694077586,0.565340835,0.645142282674579,0.531259279635,0.0533352136,1.93831858,1.00414930898169,1355.75118108837,3055.62808894226
"1397","m_out[119]",0.799984188353799,0.657826845,0.64526210282592,0.545684807136,0.0894078567,2.00145043,1.00103578739275,1738.04329494669,3410.21005174245
"1398","m_out[120]",1.26050274010575,1.09956605,0.78365253399796,0.576177048447,0.3879407675,2.678076955,1.00128143012191,7379.06532474822,3836.8443645484
"1399","m_out[121]",0.754830005070751,0.546156405,0.758966817907931,0.618048704364,0.02490586995,2.17062347,1.00497442603234,894.407894192855,1438.70830707788
"1400","m_out[122]",0.750699849778089,0.55783912,0.711096733298664,0.559380472896,0.0467848155,2.103273625,1.00379447333915,1236.83092046037,2369.48882971641
"1401","m_out[123]",0.866957375612525,0.691216045,0.777775304938887,0.643001677794,0.05921628415,2.318088035,1.00373457129588,1557.70128952083,2443.60470831849
"1402","m_out[124]",1.14123846254488,1.0206633,0.645851285715293,0.494509035615,0.404360357,2.25138217,1.00070456053078,7519.22204146988,5775.2514329062
"1403","m_out[125]",1.08150674855656,0.910026195,0.79956420108809,0.601146152565,0.2095684095,2.57266244,1.00190513581097,4371.58901451209,4459.87888696076
"1404","m_out[126]",0.659247939646941,0.48225907,0.633121081658083,0.491897139195,0.0389487267,1.798167045,1.00398417595731,845.395094057162,3134.40323956545
"1405","m_out[127]",1.48330483827179,1.2361113,0.988645492546842,0.746969084337,0.3806021805,3.392010695,1.00169981160951,9205.36708101559,6306.95827032698
"1406","m_out[128]",0.731190791013252,0.56778999,0.657723946878887,0.542420322087,0.04612703845,1.91545804,1.00412944738556,1127.69870966356,3147.90435577589
"1407","m_out[129]",0.938740481753831,0.7766215,0.743525311458401,0.59062477047,0.1178553035,2.33692901,1.00210625269799,2586.53964199242,3481.85751425145
"1408","m_out[130]",0.941315544582858,0.753950475,0.821034863576582,0.661948319865,0.07813491495,2.504440015,1.00190979740072,1588.31089646089,3486.06283013296
"1409","m_out[131]",0.748432945230677,0.549586385,0.70280077641121,0.500552543169,0.0725625553,2.051383165,1.00302168486822,1215.24797032965,3460.05584602525
"1410","m_out[132]",1.07269343146183,0.923489605,0.708053091947311,0.531150189927,0.2912432865,2.38521765,1.00059380992717,5750.96809092039,5485.68146482768
"1411","m_out[133]",1.1119159079807,0.94125195,0.830128266476704,0.697443239052,0.147512793,2.710286965,1.00054811899991,3307.56098835378,3834.42672016915
"1412","m_out[134]",0.750972704480869,0.586296055,0.662087618980053,0.548913309483,0.0606576566,2.00400055,1.0028588719676,1160.09502977708,3123.37142304753
"1413","m_out[135]",0.872839572619603,0.723766835,0.708520614353784,0.593148622689,0.0852421961,2.18460038,1.00260130664293,2041.94774692387,3200.5242888438
"1414","m_out[136]",1.02315454710343,0.87297631,0.68223735981181,0.502020287517,0.2901761235,2.260105595,1.00065232526141,5246.26343676297,5768.60071113759
"1415","m_out[137]",1.19576148151421,0.98938906,0.882714286409087,0.664606718034,0.233991121,2.89352582,1.00053043842177,4134.74280987312,4273.13286985844
"1416","m_out[138]",0.756615828596014,0.56695278,0.731203588118762,0.594631370949,0.03862378995,2.15086781,1.00360268403394,1050.73040140791,2343.64682650427
"1417","m_out[139]",0.763865488112381,0.589360105,0.694868877857289,0.586595960643,0.0450959366,2.08188481,1.00259151054961,1230.65640743743,2276.73319646985
"1418","m_out[140]",0.764995696361631,0.57919937,0.721059009751337,0.597123280551,0.0423262844,2.08493633,1.00396117707908,1243.10187201278,2605.18369582238
"1419","m_out[141]",1.41831052071363,1.2194982,0.865761721483889,0.678351450441,0.43679887,3.026133355,1.00061803730834,7581.17511246906,5058.31876056158
"1420","m_out[142]",1.34298130939697,1.04917865,1.10482135610276,0.884939803272,0.1626796625,3.61026252,1.00106650900443,2557.6890428806,3078.18560240939
"1421","m_out[143]",1.56182618330862,1.35249795,0.949726887897046,0.72924342267,0.46759863,3.407987075,1.00153024903451,6807.07454489611,4743.1283470012
"1422","m_out[144]",1.48138993848173,1.2352312,1.02121276137491,0.779557277268,0.3375050455,3.48259422,1.00018289461703,6736.43855002374,5568.78617270698
"1423","m_out[145]",0.714477297682367,0.562608905,0.640526148100139,0.525662346027,0.0573446402,1.859586115,1.00192632022394,1232.05880096145,3361.47183185595
"1424","m_out[146]",1.27850824628138,1.081631,0.824733265992458,0.58956070845,0.3917412755,2.81911729,1.00027510735675,7260.84554611325,4799.52531496995
"1425","m_out[147]",1.09609681103677,0.922198895,0.82650342537313,0.651087956106,0.1592220735,2.68708109,1.00109948344698,3595.97511778929,4073.54855058653
"1426","m_out[148]",0.887042433092175,0.79759794,0.526698704562907,0.454603729839,0.232122742,1.850266495,1.00064565872639,3496.73688005739,5564.95941838991
"1427","m_out[149]",1.71949216391275,1.5072379,0.918516299575001,0.71886737244,0.6782834695,3.477892865,1.00035819554765,5457.9084365143,5156.61663381938
"1428","m_out[150]",0.927675468215551,0.735989315,0.789150387447858,0.637674910971,0.09610494065,2.435452605,1.0022573945306,2247.84132052017,3848.06202567301
"1429","m_out[151]",0.902746035025719,0.697128175,0.777500309466127,0.535381530327,0.1459209985,2.41449827,1.00273026481732,2851.50956122206,4984.35038341192
"1430","m_out[152]",1.99739469023712,1.75049185,1.15357155538611,1.01962427259,0.5764037175,4.2000173,1.00048638843224,4900.09046656855,4837.31329504329
"1431","m_out[153]",0.9927495761157,0.88936202,0.598085661495627,0.476006402592,0.297145617,2.030068315,1.0008638597793,4503.99101607345,4623.70664067029
"1432","m_out[154]",0.89539027275639,0.71781272,0.738433429673302,0.570239583858,0.1057033295,2.30917869999999,1.00158301409521,2273.28790099293,3914.06270314117
"1433","m_out[155]",0.839695579056275,0.672828205,0.72858544682863,0.595760526522,0.0752841872,2.19224998,1.00201888838844,1789.65243885791,3541.74490875668
"1434","m_out[156]",0.888833056067612,0.723226805,0.752259636018684,0.623468526576,0.0777222319,2.3091617,1.00163813690965,2034.30926054104,3548.96172700758
"1435","m_out[157]",1.32151792499187,1.17801625,0.74649013018401,0.578094450549,0.4302204135,2.7066594,1.00103827448916,7638.79080916877,4889.35715076335
"1436","m_out[158]",0.885316460635512,0.7087614,0.748093930009367,0.58293971337,0.08827963115,2.29943092,1.00281489556059,1984.44935586815,3766.5994662155
"1437","m_out[159]",1.538553177805,1.32425205,0.848765330476067,0.606702448107,0.621096641,3.16047474,1.00043710695008,7964.12557954718,5622.55846724888
"1438","m_out[160]",1.00766448238717,0.8568561,0.691689451597895,0.527553046503,0.2665234465,2.225627575,1.00078509785661,3940.49650536157,4612.22716170215
"1439","m_out[161]",0.784719524280769,0.679764165,0.539797478058944,0.444743357541,0.152050627,1.733704775,1.00156815645551,2350.21235008915,4431.01890747963
"1440","m_out[162]",0.83461087660535,0.66997662,0.678112094039063,0.506707668264,0.1366547705,2.07930462,1.0015502661382,2150.61153934807,4827.04641369642
"1441","m_out[163]",0.675959490299707,0.542026455,0.550804356548827,0.463888304775,0.06876522815,1.688992235,1.00231550937804,1252.78582472886,3003.46652012151
"1442","m_out[164]",0.997094066009863,0.82722958,0.807101767453325,0.646531941132,0.1177419505,2.480771535,1.00125214421152,2558.10915337192,4317.74699347645
"1443","m_out[165]",0.790711078629285,0.644636085,0.641061522845863,0.528403584471,0.08920775935,1.941538925,1.00206665213019,1661.97779876044,3933.97451205204
"1444","m_out[166]",0.794947896959831,0.58331361,0.770339248950434,0.603608291559,0.0438645333,2.219958365,1.00345194987598,1139.0981732729,2412.67049850747
"1445","m_out[167]",0.850283082859888,0.69464332,0.71165599937178,0.588377467629,0.0824868336,2.138562695,1.00104979398949,1798.33074017561,2985.15820971361
"1446","m_out[168]",0.718858543803865,0.50983897,0.703735648737851,0.523540589754,0.0490094771,2.02846242,1.0017741459201,1145.72395579808,2998.32737266559
"1447","m_out[169]",1.19040301036875,0.983994075,0.882852398931751,0.690388857753,0.2340653135,2.86984664,1.00074829522756,5270.00120556442,4281.52115682027
"1448","m_out[170]",0.943485914551297,0.75173079,0.841732884079507,0.660205871976,0.0682899383,2.526345895,1.0026015658553,1916.95240359054,2821.3336055187
"1449","m_out[171]",1.88347982383537,1.64432805,1.0105042577475,0.8209393416,0.685100399,3.86032531,1.00042724814107,4997.61025987463,6004.90295462776
"1450","m_out[172]",0.782139069544737,0.628897665,0.666272834058082,0.554457373575,0.07351841885,2.01822616,1.00345375559509,1693.04553045431,4028.42869099019
"1451","m_out[173]",0.651983476017104,0.447710545,0.670862467887985,0.513513128436,0.02510405885,1.89523717,1.00531364090204,774.420759356753,1812.31145216961
"1452","m_out[174]",1.13296864888416,0.99553353,0.679042310333252,0.501647977005,0.376973392,2.36907703,1.00029945997653,6698.3544830956,4851.09691364292
"1453","m_out[175]",0.774694499185789,0.608955185,0.694726454293766,0.58388887389,0.0528240146,2.053199195,1.00331885955788,1207.04319949106,3044.23309575933
"1454","m_out[176]",0.697227020398512,0.591426685,0.502103561895795,0.432281363241,0.1185745655,1.592815155,1.00158366715832,1616.25004950046,4105.61626163241
"1455","m_out[177]",0.986900586894959,0.852081925,0.693476574177656,0.560515692303,0.177003567,2.230912875,1.00101024509902,3853.0845054054,4709.40612742838
"1456","m_out[178]",0.829737632822944,0.69018265,0.639383995040143,0.53416313706,0.1114982385,1.984354145,1.00268763695511,2127.21520515843,4157.05561214687
"1457","m_out[179]",1.23207082722887,1.14803125,0.536787303245377,0.469003215471,0.5268546125,2.239894655,1.00063453715188,8701.5675261249,6049.0779315809
"1458","m_out[180]",0.739612280477048,0.557408015,0.70606753292341,0.559765526355,0.0443342308,2.018182245,1.00478062665404,1002.08486068138,2760.31826902431
"1459","m_out[181]",0.912332174618299,0.76137163,0.713584979034963,0.584453092146,0.1236149375,2.210783835,1.00072941516392,2662.73130564896,4554.14418388415
"1460","bias[1]",0.203919266969425,0.191213655,0.0978950544292011,0.095076106083,0.0672885509,0.3859565875,1.00041844235651,7601.6918963753,5507.4789810272
"1461","bias[2]",0.4869805347275,0.48763785,0.100327387378051,0.101923019751,0.3145234515,0.651983438,1.00028584947084,7338.76289386432,5357.21671905226
"1462","bias[3]",0.4628307880725,0.46750208,0.0562443623850605,0.052156318683,0.364105145,0.546211106,1.00065915002034,9151.87678936931,5176.81811969676
"1463","bias[4]",0.051444338810725,0.0442424105,0.0329456601278103,0.0290250062361,0.011861446,0.1152080435,1.00022311522478,7502.91690446997,6182.91467781406
"1464","bias[5]",0.168245483522375,0.16015128,0.0702135841356138,0.070929452076,0.0677506778,0.295401598,1.00024408280743,7137.03911603441,6217.3644969167
"1465","bias[6]",0.184933583275063,0.178599385,0.072200160465981,0.073134041211,0.07753979745,0.3139920235,1.0010409610446,7596.8145883817,6101.12274298387
"1466","bias[7]",0.680194123587875,0.712228915,0.135067915333443,0.12012440328,0.406566741,0.8392872815,1.00036274919578,5444.60429102928,5092.1713317604
"1467","bias[8]",0.30885260207525,0.30600157,0.102654144799141,0.105926269554,0.1448084755,0.485475182,1.00010404147603,7315.60276330688,6119.48743468683
"1468","bias[9]",0.66781794246375,0.683601255,0.0880715537743194,0.078727416579,0.5013810155,0.7819361315,1.00056795019126,6574.19000179155,4513.8740854301
"1469","bias[10]",0.671136545952875,0.706616115,0.135706922366844,0.117758559156,0.3927400305,0.8294337675,1.00012357111449,4698.34090153154,5311.62042161757
"1470","bias[11]",0.68909206763625,0.702912185,0.0783433986666806,0.066933207558,0.5435987535,0.786275687,1.0003721348132,6352.84969608313,4914.8132425802
"1471","bias[12]",0.7784833811025,0.779621465,0.0358236352465304,0.035872789449,0.7178548465,0.8343862185,1.00143037799914,12322.4323832026,6313.70537309577
"1472","bias[13]",0.7131564683025,0.72856646,0.0866503673828009,0.0732037678890002,0.552381383,0.822120753,1.00025061731968,6617.09619172651,4429.64469772898
"1473","bias[14]",0.595021995286,0.612472425,0.109820064814603,0.105691648104,0.3865062125,0.7419631625,1.00023519115934,6224.80314601024,5352.50341328912
"1474","bias[15]",0.83752556333875,0.8386088,0.0310658638787676,0.0308677023479999,0.7842157765,0.886996771,1.00004190268242,12198.5808037813,6915.11105632228
"1475","bias[16]",0.7915097627775,0.800118085,0.0539191484788124,0.045002314077,0.6912188175,0.8604777565,1.00066158159292,6541.11262765028,4595.01245208818
"1476","bias[17]",0.47633055762875,0.47730116,0.0433442946543516,0.042709940196,0.404251204,0.545286892,1.00039041640187,10498.6996946815,5902.92237691858
"1477","bias[18]",0.51700767274875,0.51886847,0.0445160934296536,0.043254447285,0.4425544865,0.586282493,1.00007801503374,10139.6936506062,5384.27254136051
"1478","bias[19]",0.51817485215225,0.537673275,0.102315875102369,0.094369372902,0.317892768,0.6502036235,0.999903040818652,6280.18751861532,5186.57791784233
"1479","bias[20]",0.4257171437,0.42904706,0.0546795808882979,0.052609853436,0.333019908,0.509852794,1.00085136364776,7827.46119288421,5452.7560529503
"1480","bias[21]",0.24489802857165,0.235713465,0.101028283552081,0.102572843331,0.09648369345,0.4290056605,1.00101435914533,6440.03190019417,5642.3610326073
"1481","bias[22]",0.4890902083975,0.496485025,0.0656710814966749,0.059866854264,0.3714001925,0.583291724,1.00079596729026,8468.07494017103,5466.76548918263
"1482","bias[23]",0.4200887604325,0.42093483,0.0450369407684452,0.044619039738,0.3455742335,0.493745863,1.00006800793481,11029.2707057222,6126.12136961564
"1483","bias[24]",0.48255068242375,0.484550375,0.0493050398691046,0.046980443475,0.399431331,0.5582231225,1.00015436658619,10005.8579541993,4420.7132064251
"1484","bias[25]",0.40350544763925,0.399557365,0.141254790968983,0.150430704312,0.179900165,0.640865323,0.999823124350849,9844.91094648753,5346.04146430469
"1485","bias[26]",0.4938498327025,0.49361301,0.0402150143958737,0.040010525898,0.426806187,0.560562992,1.00034608550262,11957.58185518,5650.98841650569
"1486","bias[27]",0.410927681675,0.41500728,0.0570530829863676,0.055450967229,0.312967411,0.498315195,0.999984461856977,10167.9683369892,5867.21295051664
"1487","bias[28]",0.46215098986375,0.467296695,0.072133797922393,0.0697123190190001,0.334627228,0.5712936505,0.99987698143396,8368.00605036518,5382.46538475698
"1488","bias[29]",0.42677552859075,0.42973194,0.13901988971395,0.150355855251,0.1942700185,0.648423923,1.00072977094,7727.01675760566,5539.13288948189
"1489","bias[30]",0.368845033412,0.367720655,0.123321553476556,0.128766567636,0.167796331,0.5761193535,0.999946507440358,6985.77823716152,5417.83171435557
"1490","bias[31]",0.3550594077,0.35486927,0.0393363614006538,0.039992875545,0.2897596295,0.4209427625,1.00046727759184,12309.4472506386,5433.78771953761
"1491","bias[32]",0.70453030045875,0.70731546,0.0424045962346283,0.04125868236,0.630195684,0.7692733655,0.99978754338372,10173.132629007,6371.06750503374
"1492","bias[33]",0.506137227825,0.50851698,0.0483866015077081,0.0459895107,0.423536176,0.5808574335,1.00006902417622,7930.43726779358,5325.09184385353
"1493","bias[34]",0.7254121377375,0.754301535,0.167297325137865,0.173228377644,0.4062138655,0.950517153,1.00047675943876,4944.08690384469,5113.50412080853
"1494","bias[35]",0.53177938857,0.534531255,0.0467669513552063,0.0451060293600001,0.450339798,0.6037362835,1.00052983334701,9322.67084336122,4701.23661088335
"1495","bias[36]",0.45703752074025,0.4750257,0.10131708706724,0.094288385877,0.2600664635,0.590125562,1.00068149968025,5944.54575215883,4474.18601271471
"1496","bias[37]",0.569953993144125,0.58422478,0.082531447715237,0.0710532343499999,0.4151169585,0.6773051165,1.00031093245511,5116.5540452812,3379.51117505128
"1497","bias[38]",0.527440623212875,0.541297805,0.0864273897181575,0.076253705892,0.362277112,0.643249906,1.00045222277826,5886.35128353576,4832.70913079304
"1498","bias[39]",0.292370916595125,0.292716155,0.0846524801349116,0.088397104278,0.1519648195,0.4313006485,1.00019790450212,7283.43788381314,6001.60102929854
"1499","bias[40]",0.4277030301,0.430317925,0.047651453209849,0.045987227496,0.345481715,0.5004837455,1.00022404423496,8012.04246192097,5656.63198121114
"1500","bias[41]",0.6623273374875,0.66949886,0.0565677945357493,0.049266605262,0.560912605,0.739727066,1.00059820176631,6064.03291978079,3944.4238563385
"1501","bias[42]",0.4518494949575,0.463164775,0.0929618049480443,0.0928128801180001,0.283635688,0.5867140985,1.00038188144524,5769.70955560903,5298.70445593932
"1502","bias[43]",0.466013822575,0.472358045,0.0799667616677142,0.0784255443929999,0.32265642,0.587130393,1.00047121997352,6626.39972771404,5932.78318778412
"1503","bias[44]",0.4729281317915,0.488149625,0.0856653138671765,0.074663009526,0.3070669085,0.5852745055,1.00059870260411,5440.83860564946,3843.11753425611
"1504","bias[45]",0.5874617856675,0.595355405,0.0629031957616437,0.0556758331709999,0.4727593785,0.67412458,1.00036144069686,5555.79513316164,3477.16835991301
"1505","bias[46]",0.59155093231875,0.59644059,0.0554230081767297,0.050438148369,0.4947930365,0.671343563,1.00105168406784,7333.67079760729,4340.27684761873
"1506","bias[47]",0.56063230185525,0.583511195,0.131269787373199,0.130061062761,0.309121929,0.734009306,1.00087620973813,5528.82757369804,5648.47789034727
"1507","bias[48]",0.5815812363975,0.597129615,0.0814516748432624,0.0681586580009999,0.4227655745,0.6855356675,1.00047501680615,4557.02143973522,4121.67348584212
"1508","bias[49]",0.52858506712825,0.539931805,0.0744229024360313,0.064895277489,0.3920931645,0.6289110435,1.00052846006816,6091.12883074831,4798.14979014169
"1509","bias[50]",0.486298337486875,0.49267919,0.096234670548692,0.095051257707,0.315312634,0.632127428,1.00085829522786,7250.36155567271,5780.76640534188
"1510","bias[51]",0.33449187078,0.33375339,0.0622461879816363,0.0621895176629999,0.2325589895,0.437789623,0.999939423077803,9751.21656459107,6443.32362201628
"1511","bias[52]",0.3498242960445,0.35712877,0.063609643356842,0.061889009469,0.235794886,0.4438529635,1.00016556885,7082.20125400726,5220.99658286768
"1512","bias[53]",0.330565743854375,0.3314387,0.1088243712366,0.117963543432,0.150495532,0.504804467,1.00152970640662,6998.25432544728,5564.664062909
"1513","bias[54]",0.44450825148375,0.44709004,0.0619211973968033,0.061631622696,0.3381166475,0.541672062,1.00023947659886,6843.84901581667,6255.59115919482
"1514","bias[55]",0.55012704927625,0.559121905,0.0673638045956388,0.058163769405,0.4278959665,0.640591014,1.00030862124922,5172.42766062833,3131.23935639699
"1515","bias[56]",0.419505036573,0.421092135,0.12879073869261,0.140019523875,0.203684181,0.626762956,1.00123033846797,7627.51214186321,6144.38995291702
"1516","bias[57]",0.39320052835025,0.40556903,0.0791519357662951,0.074188599765,0.24552549,0.5031078465,0.999770903322101,6749.38364476613,5224.53028752686
"1517","bias[58]",0.56223453120125,0.56870222,0.0981638922685496,0.098581624827,0.3897278705,0.7117769715,1.00095555831403,8597.62244140884,6073.20438608275
"1518","bias[59]",0.229243943322375,0.2262832,0.0704202505796693,0.07098236607,0.118085824,0.350140635,0.999819743734817,8390.22881845305,6406.17273258856
"1519","bias[60]",0.65846535768375,0.648624585,0.0835732082794405,0.084070921956,0.536941788,0.8108060385,1.00003459402158,7403.49769860694,5330.07990376076
"1520","bias[61]",0.147326531823625,0.146210035,0.0339651899390062,0.033798632049,0.0935146673,0.2061242725,1.00023344769526,9862.23715488738,6942.63847078723
"1521","bias[62]",0.36659362824875,0.365117575,0.0424507969764979,0.041302078062,0.2989803625,0.4389338095,1.00091056752735,13043.5623843251,6286.15031540281
"1522","bias[63]",0.473699830258,0.47815991,0.110772744887771,0.111839085918,0.282979298,0.651591073,1.00057121467044,7363.62599680753,4923.42205258266
"1523","bias[64]",0.311161677502125,0.30858398,0.099020685230903,0.102627091665,0.154382676,0.4796437855,1.00014696272366,7269.03551024331,5617.13936809313
"1524","bias[65]",0.7482421737,0.75465496,0.0517197542744433,0.044901904992,0.655841658,0.8164699625,1.0006146715219,6790.99739590233,4656.41920853106
"1525","bias[66]",0.4718261369225,0.47453851,0.0492894558890997,0.047882071839,0.3891697625,0.5484600125,1.00022382764894,10655.6571178872,5950.21099291395
"1526","bias[67]",0.398507729508375,0.40011004,0.0856000059529508,0.086793242424,0.2536377675,0.538111416,0.999796285109953,8974.45888761385,5123.74851696077
"1527","bias[68]",0.78272730468175,0.81086945,0.113905096635104,0.0909694523429999,0.554858977,0.914197406,1.00062288403722,4467.24280621015,4625.91893082623
"1528","bias[69]",0.2215978640955,0.21479314,0.0891505805310569,0.092809188444,0.08747037025,0.3800166145,0.999915398681014,8154.59453902855,5931.0539126485
"1529","bias[70]",0.357208138677375,0.352677375,0.1377272394306,0.147241090563,0.1397048485,0.5921907875,1.00010306082836,7888.62812157258,5774.78462435063
"1530","bias[71]",0.203420840079625,0.19822643,0.0750578862010211,0.076925345931,0.0888425697,0.335580786,1.00021605235702,8256.01959773604,6274.12368071488
"1531","bias[72]",0.5403663706755,0.55448481,0.148034295341485,0.160298763891,0.2748248935,0.753267722,0.999855523449816,6845.2101264846,6036.31041099934
"1532","bias[73]",0.3644557939345,0.36745332,0.0688712732371951,0.070584858771,0.2457702855,0.4711929065,0.999945886053061,7542.86309472909,5127.54738377444
"1533","bias[74]",0.63212698807125,0.646670375,0.0969313998559246,0.092713901742,0.4518527495,0.7636359235,1.00046657094618,7106.94665392443,5136.45190955062
"1534","bias[75]",0.42720924765775,0.43376889,0.105574933236683,0.113309395164,0.2438904585,0.587471267,1.00042386396831,4575.64936294303,6209.24494689624
"1535","bias[76]",0.733623042336125,0.75780437,0.0941771995741943,0.0675105987150001,0.5390194655,0.837084259,1.00108900326601,3930.38451454514,3819.67429786603
"1536","bias[77]",0.23148296448475,0.22130616,0.0954953347386959,0.092906661981,0.0929312403,0.409735389,1.00069834470562,7567.1008964364,5617.04615306912
"1537","bias[78]",0.257849653141688,0.24109755,0.14057688876354,0.152609451729,0.05665712365,0.5155933915,0.999806048697804,3659.13051492032,5833.26586263952
"1538","bias[79]",0.535292834213,0.54887475,0.0792957173882079,0.0660702454019999,0.3854088165,0.6390153815,1.00072221178556,4984.09558071715,4145.56552486532
"1539","bias[80]",0.40300509599325,0.4146824,0.08082755446486,0.076843217304,0.2542731675,0.516898627,1.00038605770815,6382.57083602098,4889.52981250595
"1540","bias[81]",0.177830304818125,0.18028842,0.0493240017245181,0.049734973428,0.0923372671,0.255448154,1.00016955656539,8126.64640151387,5438.47581456003
"1541","bias[82]",0.700205074646125,0.727887785,0.12605200972152,0.112400072106,0.448134035,0.853263241,0.999982302981032,6139.50855238431,5749.22364403958
"1542","bias[83]",0.19508163380525,0.19272461,0.0537727570223134,0.055665306711,0.110642047,0.2866501525,1.00081020843943,7160.60735271561,6608.22514825287
"1543","bias[84]",0.41375039146,0.415713685,0.0749915419892881,0.07300804245,0.288429572,0.5342335725,1.00032829376142,8799.37537814599,5599.46421460055
"1544","bias[85]",0.380681728945,0.38176093,0.0731518225404071,0.0737460066,0.2576820915,0.4982394995,1.00008829326725,8885.90320533414,5980.52126955782
"1545","bias[86]",0.539288212426125,0.54893223,0.0765567640357634,0.0719269082910001,0.402574312,0.645619678,1.00028085941986,7233.008751652,4254.84547359142
"1546","bias[87]",0.521076978311,0.5405613,0.136428663972394,0.143993344068,0.266692893,0.708740602,1.000223706615,7295.51348761137,6290.37797651404
"1547","bias[88]",0.594701878924375,0.61879123,0.157414967229506,0.165891360894,0.3011252655,0.810740391,1.00051431232235,5954.40547642921,5704.02706049639
"1548","bias[89]",0.59386084066875,0.59247368,0.0456657844501326,0.044294409642,0.521625431,0.670438295,1.00017644524307,10804.9171948333,5982.12850923822
"1549","bias[90]",0.466937726786625,0.4783431,0.0846242221949881,0.080452214115,0.3081175415,0.5851561085,1.00059303269262,6658.91823956394,5459.01698106888
"1550","bias[91]",0.2263756883905,0.228527095,0.045088845535615,0.04374670755,0.1482060115,0.29755252,1.00088640876087,9465.2259327267,5184.44313810808
"1551","bias[92]",0.48529881394625,0.487619475,0.0502105986561209,0.0471695120399999,0.398314868,0.562574581,1.00086049630358,6155.36904506355,4359.6083951394
"1552","bias[93]",0.489740065095125,0.50399126,0.0858674655195607,0.079369078446,0.3256541585,0.6056555035,1.00003818790942,7015.14028587203,5585.03872934855
"1553","bias[94]",0.6491141815855,0.667938775,0.117834318872796,0.112477752933,0.423505716,0.808712407,1.00004732996387,7031.08364633283,5981.62712409686
"1554","bias[95]",0.280060938275,0.27893166,0.0434821935012622,0.043000299993,0.209829696,0.3533169555,1.00112000593715,11220.2469399582,5918.99843330759
"1555","bias[96]",0.632625829345,0.64978062,0.0835418933695137,0.069530618976,0.468803704,0.736880793,1.00114489654369,5824.95755154291,4580.78542887597
"1556","bias[97]",0.33289141254375,0.331614325,0.106851851155196,0.109426858653,0.157280357,0.513541693,1.00058487376019,7395.58772364654,5756.95923964673
"1557","bias[98]",0.357060730165,0.356306645,0.047108500495464,0.048176805306,0.281362153,0.436119388,0.999782403937696,10298.8133632695,5922.09918690743
"1558","bias[99]",0.71733166905,0.725083175,0.0563054596128428,0.047469783018,0.6199654815,0.7903374375,1.00043261830301,5661.66748941882,3243.09683332553
"1559","bias[100]",0.58971546061,0.605652775,0.136929854604052,0.141680547372,0.34078808,0.7884142265,0.999895435551591,7653.52404994283,5812.27655209996
"1560","bias[101]",0.52975465411275,0.544943545,0.109857068546434,0.10874151939,0.325531472,0.682200168,1.00151955819298,5914.95720896498,5829.39619686036
"1561","bias[102]",0.68955144107125,0.69692586,0.0557746981753238,0.048207154128,0.5898655385,0.765150031,1.00093317633305,6332.18326708768,4338.26931016105
"1562","bias[103]",0.653648834818625,0.67147165,0.181847242039756,0.197134828212,0.328865165,0.9158807195,1.00026693076633,7261.95402926022,5697.65226086917
"1563","bias[104]",0.56197744161625,0.56217481,0.0421099205785975,0.041277400185,0.492937137,0.6319245465,1.00120646024783,12861.8418248603,6254.21983646771
"1564","bias[105]",0.273112134191375,0.268645465,0.0932791026323757,0.097170738189,0.1253118205,0.4347024125,1.00011915471924,7984.26687851941,5611.66290264731
"1565","bias[106]",0.36862027868,0.370827925,0.0500623268961613,0.047138392266,0.282097537,0.4465380565,1.00054535563901,8267.07318173772,4535.41263266424
"1566","bias[107]",0.390046249463375,0.391276265,0.110709902358502,0.117600261954,0.2088506375,0.5738998985,1.00004437327992,6985.64464473167,5406.09695509029
"1567","bias[108]",0.316302661249375,0.315157915,0.106518199144061,0.110020966125,0.1444531625,0.4953597285,1.00052265754381,7373.53542509517,6040.15519298631
"1568","bias[109]",0.59652512081875,0.60792963,0.115540145661743,0.115091154192,0.38431838,0.764880141,1.00023055550774,5466.5210240813,6011.53648968911
"1569","bias[110]",0.249296947320875,0.24548081,0.0874242367761916,0.094436749659,0.111676445,0.399370998,1.00040419851433,7525.96726884556,6052.12579808769
"1570","bias[111]",0.79993523049875,0.807870945,0.0502058719920799,0.040556359914,0.7081270475,0.864754371,1.00032165953079,5159.27641431597,3947.02480830452
"1571","bias[112]",0.84108192555875,0.842743705,0.0301477226317624,0.030232519443,0.7881505065,0.888127578,1.00007170085037,12076.9158624562,5964.97391340697
"1572","bias[113]",0.50907948527125,0.508634635,0.0415150313999869,0.041634128571,0.440909886,0.5786091415,1.00015971787276,13893.6454142216,6261.65993746355
"1573","bias[114]",0.227457205343,0.23073718,0.0686612219319493,0.072449673051,0.109299469,0.334097867,1.00054685853062,5729.64113502821,5464.87722108981
"1574","bias[115]",0.47879478956125,0.478363635,0.043340219205528,0.043688419131,0.407903264,0.550028285,1.00006647184412,10430.9290502224,6294.1222365481
"1575","bias[116]",0.4921487556645,0.503239055,0.155496296453475,0.17438029854,0.2207094915,0.7226472495,1.00015179833047,7927.41528333522,6457.31542630207
"1576","bias[117]",0.35738962913125,0.35990492,0.1161539250899,0.125742004332,0.159387874,0.5411964455,0.999825767504115,7180.6776202693,6036.03509244793
"1577","bias[118]",0.51458773426825,0.533823755,0.0980456678928435,0.087408988443,0.319780861,0.6425789095,1.00021384482085,5240.41204157865,4153.96877707086
"1578","bias[119]",0.5018170007875,0.51681867,0.0856515267876012,0.078712872273,0.3371817535,0.618189362,1.00045072531449,6807.24018408398,5150.10348286764
"1579","bias[120]",0.253392337447125,0.25217428,0.0686248838442658,0.069560167194,0.140149294,0.3673970545,1.00017645360904,6362.24959118206,5116.51104780089
"1580","bias[121]",0.58179822153,0.582015265,0.0411161431929319,0.0412450276139999,0.5140835845,0.6479290225,1.00036877690836,13012.1800622037,5391.17646628841
"1581","bias[122]",0.71100126464125,0.7207816,0.0634971534848661,0.053201225511,0.5951856465,0.7929978355,1.00108399702909,6312.63934856995,5055.02042033203
"1582","bias[123]",0.67614150031875,0.677553155,0.039460245806603,0.040097169042,0.609019056,0.738840225,1.00128095159639,13660.3467538384,5847.55363817147
"1583","bias[124]",0.19192852445525,0.18836815,0.058079254176039,0.058105340139,0.1009858725,0.2918366,1.00021270978903,8948.34982009289,6071.14994057789
"1584","bias[125]",0.669052723825,0.692038045,0.130226796526519,0.126746695635,0.420655281,0.8420336365,1.00015790140092,6699.78075716035,5930.13215534124
"1585","bias[126]",0.6083634160875,0.623080245,0.0809416345463843,0.063587424138,0.452532738,0.707791421,1.00108487225719,4763.77997767766,3756.37094628661
"1586","bias[127]",0.092692010996625,0.0895674025,0.0308540686591976,0.0308004931248,0.04864007745,0.149942628,0.999722816133161,8315.18954607101,6748.25118289727
"1587","bias[128]",0.128028511787,0.126863985,0.0315502621635144,0.031451120274,0.07738989055,0.181304439,1.00012960912172,10210.2534409006,5843.95175106932
"1588","bias[129]",0.62570524607625,0.630822195,0.0550419917985229,0.049657944945,0.5279637395,0.7061330955,1.00033456845769,6456.9520654878,4889.50350581047
"1589","bias[130]",0.61061166929,0.621397655,0.0733158860071612,0.063132176982,0.4733487455,0.707565742,0.999852292334388,6836.86210592488,4505.95638926403
"1590","bias[131]",0.60927412656375,0.628483965,0.110595467045885,0.106208260074,0.3983228105,0.753696983,1.00019473030715,6294.45314603671,6089.69430089194
"1591","bias[132]",0.5383913799795,0.548658875,0.148800025171705,0.15604950627,0.2737485295,0.763345888,1.00073516896672,6815.48337356526,6431.23399874938
"1592","bias[133]",0.580900037865625,0.60038064,0.13093801128356,0.134785656768,0.336788912,0.7585631315,1.00055652254272,6755.06683326879,5645.19798055774
"1593","bias[134]",0.429696897833875,0.440166395,0.0918842883868823,0.092562483804,0.262683126,0.5609120905,1.00053123659907,7366.75180998392,5649.75416735115
"1594","bias[135]",0.4462862503925,0.45568194,0.0701303321480563,0.065188913832,0.318899137,0.54584541,1.00081082958322,7678.1467313186,5177.94821378665
"1595","bias[136]",0.4003206175925,0.40179851,0.0698126238399234,0.070255588137,0.2846877275,0.513540453,0.999875405214236,9925.83283748068,6200.87608727334
"1596","bias[137]",0.446348795839,0.450032665,0.136475251299166,0.148642051194,0.218509629,0.6649269115,1.0006215755194,7393.776576774,5967.18729612039
"1597","bias[138]",0.4193808978325,0.41931533,0.0402372035831187,0.040308054066,0.354634631,0.4847046505,1.00283890100606,12546.8736074618,6152.1508027353
"1598","bias[139]",0.483909744235875,0.494883275,0.0711397664818798,0.058328945871,0.351626137,0.5777534625,1.00040507458256,4510.44644867166,3696.71329142206
"1599","bias[140]",0.59017190915,0.590385905,0.0410359815000647,0.040419842106,0.5211361355,0.65736052,1.0019687343477,13420.9199610038,5418.13540796927
"1600","bias[141]",0.362162414720875,0.36228181,0.0761997982005291,0.077088342975,0.236832,0.4869999115,1.00061380866321,7650.57084669232,5795.79907618796
"1601","bias[142]",0.361006593551625,0.35507096,0.158050532348221,0.179326852593,0.1178620035,0.632920294,1.00013513206192,7259.08775471409,5577.04054429205
"1602","bias[143]",0.511294700205,0.515838985,0.0720469239642282,0.0706799897999999,0.383435155,0.6213631125,1.00056637413469,8177.32119293759,5244.75137746943
"1603","bias[144]",0.376135981565875,0.37266159,0.149211746292628,0.166127561313,0.135534101,0.620366062,1.00024705085718,6291.99215254815,6063.08078604048
"1604","bias[145]",0.28906762733825,0.291854645,0.050755920918958,0.049044823128,0.199595269,0.36736765,1.0001412951262,9886.9847005033,5261.39451277117
"1605","bias[146]",0.120260635773875,0.117243485,0.0392230626327593,0.039136073592,0.0618870339,0.1890536685,1.00048139556675,8027.78804713254,6079.58082267469
"1606","bias[147]",0.54867976119,0.56113296,0.100366143779648,0.0955318054319999,0.3605231995,0.689436287,1.00064547212375,5907.28304368821,5471.93366554188
"1607","bias[148]",0.444010801804,0.44851321,0.13640612040934,0.147875821275,0.2128671355,0.6631269275,1.00004611472129,7664.5424288236,5748.79992288566
"1608","bias[149]",0.34629324181175,0.346941635,0.0700695752267705,0.070461387843,0.231002871,0.4609439455,1.00026570626171,8792.29447838414,5373.884834653
"1609","bias[150]",0.4328727558025,0.43477333,0.0497624761121803,0.048249096882,0.347802769,0.511645824,0.999951547258248,9414.76561582251,6024.15204142609
"1610","bias[151]",0.630894820075,0.644707775,0.0828470662850781,0.0730330687379999,0.465661139,0.741310078,1.00036987850978,6411.82294577029,4898.99112450225
"1611","bias[152]",0.182965171552,0.17406209,0.0728717102747607,0.072208876572,0.0773924604,0.3131567555,0.999955188073237,7325.62952639561,6273.50513875865
"1612","bias[153]",0.3165127975075,0.317486065,0.0724890686710766,0.074068516578,0.197055013,0.4364171655,1.00016074253582,7629.16727568951,5639.72190709121
"1613","bias[154]",0.616613850725,0.63280091,0.0916518092983142,0.082577017131,0.441552772,0.737016058,1.00028131901256,5884.57518665202,4979.22440757783
"1614","bias[155]",0.6000825117325,0.59839052,0.0481732863556325,0.0462542289299999,0.5257290815,0.6828872915,1.00063133223392,9159.25722537487,5765.83829611721
"1615","bias[156]",0.7741943193325,0.77549036,0.0332882874515581,0.0337263034079999,0.716424419,0.8271278545,1.00089382730565,12936.8672736763,5790.1911509381
"1616","bias[157]",0.19883149584225,0.191607425,0.0849696744390865,0.087690193185,0.0745867706,0.3497340445,1.00035029078836,7033.58560418681,6041.28733998265
"1617","bias[158]",0.76810255637875,0.78842656,0.0862176475193072,0.063257716137,0.599887347,0.8639905445,1.00005941097533,3912.64434208162,3811.77287203531
"1618","bias[159]",0.199533291864125,0.19564492,0.0694265084263722,0.07080741927,0.09324908175,0.322233833,1.00026347851765,7417.47640699425,6193.95667208774
"1619","bias[160]",0.49356563677675,0.49562395,0.15056005228481,0.159978077511,0.240122323,0.7409046125,0.999962965496848,9243.33555604038,5901.35578859939
"1620","bias[161]",0.32020920348975,0.32325736,0.0880766899015812,0.092073114609,0.169930616,0.459713332,1.00039877449922,6218.56122060727,6014.38758036072
"1621","bias[162]",0.5328444262975,0.53920661,0.109535891436457,0.114663268419,0.339674554,0.6997821115,1.00079875978263,7954.33306153267,6329.9963676922
"1622","bias[163]",0.323725083278875,0.332774025,0.0789236152374547,0.078285890886,0.1799235955,0.4383288505,0.999680218164405,6595.28837415169,5394.25647640547
"1623","bias[164]",0.378091237050125,0.38302915,0.0740081786258365,0.073515254736,0.246485649,0.490023333,0.99976710833819,7739.24092009205,5297.28071903684
"1624","bias[165]",0.464338954454625,0.47486388,0.0818107005350175,0.079285793391,0.313217782,0.5789260595,1.00041477975143,7562.74373797399,5087.34515804222
"1625","bias[166]",0.501780994242,0.515516025,0.0796930064664989,0.0670942030919999,0.347108256,0.60556078,1.00022138116448,4115.58785938487,4571.50462301078
"1626","bias[167]",0.5963636883525,0.596904245,0.0398634373220958,0.040427203215,0.530458091,0.6616876765,1.00184407807682,13011.7823046918,5648.2775438708
"1627","bias[168]",0.5866853353275,0.59467221,0.065238141119549,0.060134767497,0.471178955,0.6778542065,1.00086710410488,6806.90763618267,4496.24723478832
"1628","bias[169]",0.55781608470875,0.564488775,0.0774042111895741,0.0744461792760001,0.420099781,0.67131173,1.00001697775292,6629.33722299495,5097.72208913912
"1629","bias[170]",0.74164164304875,0.75637244,0.0716382572213813,0.0528910878299999,0.6023884625,0.824835642,1.00223105966183,4901.18581874234,4186.29446889501
"1630","bias[171]",0.69914115087625,0.70215667,0.0931383639307378,0.096105979347,0.5393199145,0.845776987,1.00044295235661,5712.18951378298,5670.766513407
"1631","bias[172]",0.256041565211375,0.25757782,0.0664168156114948,0.068310209373,0.1429995545,0.3622067255,1.00030850368541,7720.76842700818,5337.90175484425
"1632","bias[173]",0.45156267532625,0.45285767,0.0470540715475239,0.045031862295,0.375067451,0.5274099105,1.00099128312809,8083.54111232762,4119.56374153153
"1633","bias[174]",0.26355697701525,0.26177674,0.0734933604717229,0.073835296185,0.145117291,0.387031735,1.00156807290686,8888.3926517512,6494.1776460952
"1634","bias[175]",0.63311946458375,0.63737276,0.0475435025386197,0.0449499931229999,0.5484910685,0.7030478035,1.00030043125398,9200.19293497447,5103.16281214663
"1635","bias[176]",0.5015620279995,0.51022467,0.150044983949189,0.166503341109,0.240041533,0.7318753115,0.999859339843103,7378.85796124313,6015.67043635564
"1636","bias[177]",0.343626054842375,0.349415615,0.104177321956028,0.112735992201,0.1639430445,0.5042500035,1.00041168401641,6051.87666962322,5066.71863755223
"1637","bias[178]",0.5135748246725,0.517469555,0.0662479461149073,0.065308648608,0.4003878925,0.6148109055,1.0011789954144,8837.3238666552,5819.15133893762
"1638","bias[179]",0.292856844005825,0.277722625,0.140144984779546,0.139953029265,0.09218559645,0.550769776,1.00053996134468,9832.08004957127,5777.40683587186
"1639","bias[180]",0.5143740804825,0.51728225,0.0498161249070742,0.046564285068,0.430707605,0.5899780915,1.00001072105639,6902.85122050856,4104.3454654928
"1640","bias[181]",0.40155697335375,0.403897575,0.0534235357026513,0.051408821415,0.3100947795,0.486102728,1.00088581404441,9448.84436467996,5820.23341920321
"1641","lambda[1]",3.0951184928125,3.06842515,0.659585550591474,0.67202455131,2.07398037,4.24424824,1.00037773015286,5925.19844842089,5423.41077263459
"1642","lambda[2]",3.31252705782625,3.3544975,0.723768466370518,0.74052215391,2.056434895,4.44096049,1.0014201184363,3865.77598094902,5155.38388636503
"1643","lambda[3]",2.49850587115137,2.5114242,0.890461657936249,0.88184595807,0.9972994555,3.99305635,1.00186196482796,8361.8779982738,4760.87392291853
"1644","lambda[4]",2.310840667375,2.2748866,0.427065231259444,0.42461300763,1.65960404,3.051679475,0.999678972476863,7866.12728432382,6558.31250185693
"1645","lambda[5]",2.40350392778125,2.35927915,0.529848345031621,0.50463686154,1.61967663,3.361456785,1.00007212258325,6805.98229162689,6516.73984751126
"1646","lambda[6]",3.0964537746525,3.05820585,0.591823667249844,0.59203798479,2.202104615,4.152902815,1.0010918493892,6503.65691901295,5204.98835701549
"1647","lambda[7]",2.26973216926225,2.29215515,0.901821646077333,0.91214400102,0.7308894265,3.762269605,1.00063443517788,4596.26242710045,3553.31188353584
"1648","lambda[8]",2.92144721903875,2.8937457,0.681002401802178,0.65503758768,1.83094412,4.084595115,0.999887354959448,8631.65182590348,4828.50034128559
"1649","lambda[9]",2.55128516899262,2.5559512,0.819149051464426,0.80959878594,1.164420015,3.915992745,1.00055048215124,8533.85852943191,4956.84540681116
"1650","lambda[10]",2.18659917243412,2.15634575,0.820607675749557,0.8120859957,0.876813324,3.595474615,1.00058569877852,4501.76969973795,4505.43133097996
"1651","lambda[11]",2.53476965835912,2.55345045,0.942666081935096,0.9546320553,0.9060487025,4.08865934,1.00048559176344,7356.41394122237,3741.7699550908
"1652","lambda[12]",2.52871641424071,2.53146605,0.842426179999419,0.80493971544,1.09772637,3.94307377,1.00038334636991,9507.97846793161,4525.72753553975
"1653","lambda[13]",2.56186999210562,2.5854957,0.895365546129233,0.88980766833,1.01711053,4.05631476,1.00099179158719,7008.61042159212,3772.7150053256
"1654","lambda[14]",2.59322217993588,2.59656415,0.810057967219434,0.79616079606,1.249207305,3.95603692,1.00063227857975,9012.40251502135,4179.53344638966
"1655","lambda[15]",2.48847999789725,2.50841805,0.869760494525349,0.87653039229,1.00890403,3.90944557,1.00139261785746,9771.76114729537,4514.65570521564
"1656","lambda[16]",2.2859662950695,2.320568,0.849319886229472,0.83550900006,0.8334024335,3.691545255,1.00032907800827,5403.00258966371,3752.33686294849
"1657","lambda[17]",2.24340354262477,2.27125935,0.909387789061299,0.91960815072,0.700472133,3.748044935,1.00108466723855,4483.11921990651,3482.45567666828
"1658","lambda[18]",2.227642342584,2.2164352,0.868194033018854,0.86496025602,0.749731388,3.662478795,1.00129055300467,4099.000447708,3629.46996073226
"1659","lambda[19]",2.27818499479213,2.2794972,0.857723419612013,0.8684322087,0.8649083955,3.736511775,1.00104276838905,5636.9158412012,4663.63929422569
"1660","lambda[20]",2.37519614471961,2.39100295,0.880426153010729,0.88667663952,0.9107250625,3.833546705,1.00116276055559,6391.50991650816,3923.96329106688
"1661","lambda[21]",3.01280599530125,2.9686996,0.608791282193692,0.58950726072,2.09521124,4.09818063,0.99992023638531,5146.53834829556,4941.33414359543
"1662","lambda[22]",2.46364006125075,2.46318025,0.895576646992789,0.87905689095,0.9431376795,3.9788009,1.00049684473057,8123.93074431395,3703.01945810591
"1663","lambda[23]",2.4448332140225,2.4597983,0.873543786465684,0.87447565695,0.9431460035,3.88965197,1.0002264938504,6390.77651812249,4052.21448384018
"1664","lambda[24]",2.27710125219552,2.3065561,0.901822561694888,0.90347598012,0.7138699915,3.74013762,1.00078961442844,4738.40851180964,3208.35395495005
"1665","lambda[25]",3.36094699791125,3.35988445,0.636285730283688,0.65961341019,2.320696465,4.40642813,1.00090201421928,3996.63992889819,5311.57264973345
"1666","lambda[26]",2.55850831562487,2.5823314,0.90385034917751,0.88607744673,0.9970919415,4.026577225,0.999967539545358,9182.05737193382,3773.95157667453
"1667","lambda[27]",2.53904565461138,2.5609075,0.89824574997515,0.8740898103,0.9559967205,4.011838825,1.00036631843408,9605.04618165236,3797.84172785096
"1668","lambda[28]",2.61577321713875,2.58230055,0.760026357037946,0.76746166308,1.41892817,3.942801345,1.00027251075218,7767.92770121091,5327.63598233854
"1669","lambda[29]",2.73126457481625,2.7075638,0.836771416172614,0.85158668511,1.36216071,4.14683835,1.00033751630494,9991.91075101724,5236.69658356961
"1670","lambda[30]",3.429205777125,3.4088417,0.614853775348785,0.66619103922,2.46262147,4.468204315,1.00008733147211,3262.99308412648,4889.54550663242
"1671","lambda[31]",2.23260166418043,2.2566522,0.911609705238264,0.93768178602,0.684774407,3.72524591,1.00071515755119,4720.74351248724,3682.23964564016
"1672","lambda[32]",2.44978678931842,2.4518262,0.833710280534238,0.84397649931,1.050988135,3.845114815,0.999933116167735,7065.36111390856,4903.84265938046
"1673","lambda[33]",2.18131144633831,2.19320745,0.887575718158118,0.89325308247,0.6752338325,3.64978602,1.00171476746164,3874.05412943355,3319.83732858333
"1674","lambda[34]",1.7881500133945,1.7739006,0.665781470990301,0.64838656995,0.7163941675,2.889888015,1.00089225831588,2604.61137836871,3739.06078731919
"1675","lambda[35]",2.28239940624141,2.30094735,0.893427873372253,0.89768146041,0.748327775,3.743908925,1.00120763242845,3964.88900032034,3812.66561704307
"1676","lambda[36]",2.38955695596975,2.4060612,0.822647313929883,0.80987151021,0.986314376,3.737822485,1.00042950020912,6635.74876053026,3374.76048048971
"1677","lambda[37]",2.30267904230625,2.334598,0.916215361429626,0.92292687669,0.7055439225,3.79028814,1.00034114846081,4241.56931101496,3580.99403689636
"1678","lambda[38]",2.33680876185612,2.33880135,0.802357606556482,0.76692866838,0.98901987,3.698194835,1.00099562730764,6047.30180936493,4659.11318129172
"1679","lambda[39]",2.48171961398125,2.433701,0.525215164055435,0.49382507517,1.70602297,3.421951795,0.999839128786868,8531.75183739981,6634.14022334802
"1680","lambda[40]",2.20485925623713,2.2172864,0.862854353462988,0.88685232762,0.7632295835,3.62689468,1.00119308399218,4263.45821830483,3956.79030143887
"1681","lambda[41]",2.29643162410462,2.312819,0.917093893369873,0.92081105823,0.7301261555,3.82873812,1.00055019395727,5175.74652435039,3696.17010044791
"1682","lambda[42]",2.431094552914,2.4027101,0.836791027684368,0.82547431848,1.071027505,3.876717445,1.0008425197708,7275.93711822179,4829.26104098047
"1683","lambda[43]",2.30338560714288,2.2811685,0.795309519707606,0.7929656448,1.020221225,3.671289475,1.00049555667214,5775.66069338745,4570.80927438927
"1684","lambda[44]",2.26752812983788,2.2915782,0.863418508870571,0.85131151455,0.805290377,3.693730915,1.0007104506625,4705.05990882413,3156.79162529525
"1685","lambda[45]",2.27628741959317,2.300264,0.897918505118527,0.90771050811,0.7412874175,3.764535815,1.00128022170435,4596.60949996293,3498.15058559204
"1686","lambda[46]",2.42688889755859,2.47694075,0.934858008699778,0.92202382503,0.760327466,3.93824286,1.00190587530783,5565.70434552409,2857.99977551953
"1687","lambda[47]",2.32353180323425,2.329718,0.818588499320249,0.81393279639,0.969963938,3.708514605,1.00108626200919,5985.96143754558,4474.43741302371
"1688","lambda[48]",2.23510633229611,2.26795605,0.887263896815565,0.87654336504,0.689966775,3.69478002,1.00037485424733,4016.49439039575,2962.95296322891
"1689","lambda[49]",2.31146563956717,2.3435058,0.91297354806805,0.9057700071,0.745737178,3.81610965,1.00100578467589,5511.8195469814,3271.4407545741
"1690","lambda[50]",2.70943804281375,2.68683015,0.704019394248458,0.6736571163,1.589977825,3.91501956,1.00099307338913,9496.47176298704,5466.0507598992
"1691","lambda[51]",3.3964521110875,3.38986595,0.635328203123481,0.6680269428,2.361852425,4.46782191,1.00072340073806,3267.09331233216,4777.09207045477
"1692","lambda[52]",2.23847300505325,2.2231829,0.83251590163023,0.81936289302,0.8784806495,3.670396885,1.00030329184001,5374.6496384131,4639.34480651676
"1693","lambda[53]",2.72341617006125,2.7156008,0.78445174175066,0.77521336305,1.416382735,4.059735535,1.00059401999445,10645.0972204435,5474.41582000195
"1694","lambda[54]",2.240620788765,2.20124975,0.676737719211649,0.6634175394,1.206700615,3.43644082,1.00018139415205,5656.46342267685,5879.46817296875
"1695","lambda[55]",2.2915466122809,2.33870485,0.923752056745197,0.92306342415,0.694935318,3.804909915,1.00042466326806,4811.49050366468,3671.41366281384
"1696","lambda[56]",2.87183644209287,2.86180895,0.766160529903409,0.75118278921,1.61654881,4.17600626,1.00143910936843,8920.73102880514,4922.69604866473
"1697","lambda[57]",2.29514766780629,2.2971342,0.829510794054029,0.81877911927,0.9165377495,3.70218387,1.00099981424491,4938.9315089848,3780.85014618919
"1698","lambda[58]",3.61484909122375,3.63068675,0.611514743822752,0.64912950081,2.59269344,4.58555353,1.00104647168336,2695.36573790081,4033.07572918781
"1699","lambda[59]",2.803245832285,2.77560025,0.60402926448701,0.59559555762,1.849025955,3.845272885,1.00027754976643,8501.29294072254,5756.19048899442
"1700","lambda[60]",2.50529100416807,2.50094165,0.799496518996139,0.79074567369,1.18649602,3.853423695,1.00009148427158,10373.5273855106,5091.16757147681
"1701","lambda[61]",2.56719803094188,2.5457722,0.8040790232165,0.80452436505,1.274178225,3.946249445,1.00017542405514,9685.06714870388,5049.06125278204
"1702","lambda[62]",2.911803460392,2.88223645,0.816939760944444,0.89433812328,1.62261512,4.303311255,1.00029153538817,5715.3370315543,5686.38489733006
"1703","lambda[63]",2.9192641364175,2.89581015,0.695449559270024,0.69563903346,1.83186234,4.096106635,1.00099209344116,8022.91617048521,5960.27873909111
"1704","lambda[64]",2.89157602614,2.85431785,0.586473111413675,0.57090240984,1.992360045,3.92040644,1.00043081322045,7968.7722160462,6286.12632935831
"1705","lambda[65]",2.2004984894075,2.2131243,0.889277288287613,0.91259975226,0.740700866,3.708558785,1.00128524864582,3508.12642169742,3697.26872927475
"1706","lambda[66]",2.440472810605,2.46062415,0.854830210150884,0.84107186352,0.986611757,3.865960525,1.00026697977096,8513.67715768481,4402.50528780717
"1707","lambda[67]",3.34776017677,3.35668465,0.717025283875641,0.77014494669,2.16715419,4.49994181,1.00107852513463,3424.61458481415,5729.66343915857
"1708","lambda[68]",2.23233170029525,2.22376475,0.880728055791478,0.93175857663,0.8305881905,3.73098717,1.00037433459172,4362.68291226493,3056.71672661962
"1709","lambda[69]",2.98710279078375,2.9433369,0.545229815721869,0.52947856584,2.16208075,3.967896715,1.0004197266289,7461.36304862051,5772.19819998019
"1710","lambda[70]",2.768124841945,2.72549975,0.56646258852895,0.52510904712,1.90516052,3.80748672,1.00065471559801,7625.72208677904,5320.60480886855
"1711","lambda[71]",2.76398020135,2.7155422,0.530764280998522,0.50975212806,1.97400888,3.71033608,1.00055241245673,7400.10918499637,6244.15717666187
"1712","lambda[72]",2.46278231022925,2.4624428,0.783322131948775,0.73604321931,1.16935832,3.800458755,1.00065066460031,7505.24393390172,3948.1179842554
"1713","lambda[73]",2.73252800114525,2.73460925,0.820076161737441,0.80936483166,1.32158114,4.0967496,1.00238809119391,9881.50128189504,4772.86639596097
"1714","lambda[74]",2.55255470014067,2.5730785,0.847639868983104,0.834451016699999,1.081499295,3.93353008,1.00112260824693,8732.11610248238,4124.69629048591
"1715","lambda[75]",2.001367388885,1.90496655,0.652895802559411,0.62321076174,1.10753893,3.2192836,1.00119479633858,3293.55934595105,4893.74692153312
"1716","lambda[76]",2.13971697017275,2.14506585,0.8734442307019,0.89432122164,0.7024025015,3.609581565,1.00082471251677,3466.38494350487,3517.40816962754
"1717","lambda[77]",3.09624664714625,3.090044,0.690313985005632,0.7015952307,1.98200696,4.233447945,1.0005315528512,6442.0185626204,5840.69023809127
"1718","lambda[78]",2.68117262153725,2.64858735,0.710564841715786,0.67951679628,1.55080852,3.91374537,1.00059392955401,9020.47444870143,5540.04295675777
"1719","lambda[79]",2.19270799890325,2.2157382,0.884766340669576,0.91000994658,0.718452922,3.671487225,1.00022041373317,3996.01988129924,3986.74041284355
"1720","lambda[80]",2.4922222004455,2.51022395,0.848004386059987,0.82990595814,1.030368625,3.9094873,1.00040768016159,9316.159904888,3704.55655294963
"1721","lambda[81]",2.53195256741513,2.54206135,0.862225439643891,0.84439503729,1.063626335,3.988836695,1.00153971486219,11692.103149604,4625.91005805292
"1722","lambda[82]",2.35564909965275,2.37001645,0.892683088112742,0.89260666887,0.842906392,3.85001886,1.00051135038157,5137.01303392018,3369.71957334313
"1723","lambda[83]",3.0743612558425,3.08515215,0.775384333266429,0.80955097209,1.783740405,4.31742586,0.999913068965607,7110.78480200046,5148.72851571818
"1724","lambda[84]",3.3044898762325,3.31114135,0.693152465471128,0.72390354225,2.14595277,4.439182815,1.00070864922727,3676.18225461129,5284.89474630909
"1725","lambda[85]",3.13832088303,3.1496415,0.734450931695764,0.75320075607,1.90113238,4.34306484,1.00001483157899,5983.01034439059,6049.89697017535
"1726","lambda[86]",2.51426246052963,2.52831415,0.857078647741252,0.84043338183,1.02448269,3.939459785,1.00143765270242,7833.19221952201,4087.86752763743
"1727","lambda[87]",2.59919203531786,2.6196041,0.882256891681556,0.87991338897,1.07828417,4.03450837,1.000554623131,12005.6546423008,5001.1354446467
"1728","lambda[88]",2.41669544314125,2.4248551,0.796929700893784,0.77840732823,1.07942466,3.73247003,1.00043908266847,7489.53290979412,4629.4028073794
"1729","lambda[89]",2.34268789508738,2.3477758,0.829134074981848,0.83930393715,0.96733712,3.720624375,1.00022669187964,5929.76313053384,4264.35894629589
"1730","lambda[90]",2.35421340046737,2.3411758,0.765931296574105,0.73716488034,1.10118511,3.666228015,1.00031757882003,7600.56466739147,4957.13134002451
"1731","lambda[91]",2.51971653867646,2.54005565,0.855917864146338,0.81887993607,1.04808858,3.93404484,1.00013518999655,9160.38547780689,4472.10974026618
"1732","lambda[92]",2.33096411282756,2.35613595,0.872230281863746,0.85717645776,0.844732436,3.782307895,1.00043833139297,5580.73108753481,3283.37475033022
"1733","lambda[93]",2.34562423405725,2.356732,0.843280605241956,0.81603067539,0.9214306165,3.754798605,1.00133206636644,5922.1857335361,4244.01852136686
"1734","lambda[94]",2.47132168097375,2.4351546,0.695139302243262,0.66413467302,1.387489395,3.724427535,1.00095328530197,8108.83266240324,6007.20034363823
"1735","lambda[95]",2.0144048665125,1.97362865,0.392152982951982,0.37872320178,1.44948085,2.72568465,1.00038074286132,4838.21517448591,5541.21080368378
"1736","lambda[96]",2.28738963159037,2.28266585,0.814233537298291,0.79352243523,0.9195963155,3.658063635,1.00053406053923,6705.6655611649,4820.96901603293
"1737","lambda[97]",2.65228192407375,2.6154866,0.729954798484271,0.72526701534,1.505567285,3.935082565,1.00050565266167,9516.89744389418,5616.55950123591
"1738","lambda[98]",1.80706384185,1.76719345,0.378304075735915,0.35937764394,1.256235935,2.49383181,1.0003105824215,3856.83124591976,3957.90086832571
"1739","lambda[99]",2.29222722319561,2.33209885,0.923849641867311,0.92190781158,0.657977226,3.78055712,1.00139281192261,3824.50147758987,3456.96615194124
"1740","lambda[100]",2.73654335080775,2.7199849,0.785207215288338,0.75437868177,1.39954299,4.0702464,1.00046179029786,9918.04338207356,5036.12974181628
"1741","lambda[101]",2.18055538755675,2.136107,0.682756973686019,0.64253304276,1.143566765,3.398401255,1.00042989889467,6211.04839459508,5931.26836030991
"1742","lambda[102]",2.20064246694312,2.22093925,0.892178470176988,0.92618481606,0.6945904185,3.683262875,1.00063151429046,4042.8901745581,3624.99030502288
"1743","lambda[103]",2.0003605233875,1.9975386,0.727233746416923,0.69826501458,0.7859704165,3.23916853,1.00039931794957,3448.481667685,3509.2855267613
"1744","lambda[104]",2.25911062187112,2.24271635,0.799057233650131,0.78903119505,0.950971244,3.61628163,1.00077166370641,6542.84310905393,5387.06214861584
"1745","lambda[105]",2.565638024795,2.53501575,0.637828831135676,0.60496299507,1.56687762,3.697381175,1.00079328987934,9527.3690964185,5477.90213897177
"1746","lambda[106]",2.264029533263,2.2825733,0.903376185737291,0.89823120849,0.7260381275,3.78127519,1.00042803532168,5547.53249343707,4133.30127912823
"1747","lambda[107]",3.06653500628873,3.0665495,0.67315680072279,0.65347211034,1.99626225,4.1875815,1.00062922423536,6253.28956890132,5107.31454670544
"1748","lambda[108]",3.3224702696,3.30736225,0.631503345665156,0.665150328149999,2.29060119,4.38735778,1.00038841424874,3825.44749839401,5098.32806693696
"1749","lambda[109]",2.74720677172625,2.71142685,0.559803624138765,0.51899435994,1.89060845,3.724755995,1.00013750863471,8171.97974165766,6085.62068763366
"1750","lambda[110]",2.966148815075,2.9639664,0.768685348954435,0.77648091192,1.68374463,4.224761235,1.0002061662715,7544.41479213825,5351.54004055672
"1751","lambda[111]",2.23093183254125,2.2491369,0.907868497852024,0.93092891367,0.7029520225,3.72628001,1.00053830286359,3749.50539340591,3510.91826184675
"1752","lambda[112]",2.67482239179312,2.6684763,0.788073636463084,0.76122429075,1.327752895,3.964731725,1.0007285598084,9419.84489185699,4899.55667177116
"1753","lambda[113]",2.52903827141625,2.4832329,0.712874905048802,0.70103488203,1.438247995,3.81994692,1.00051788812838,10048.9079369024,5307.87500266098
"1754","lambda[114]",2.10960302984875,2.0550597,0.721618652560468,0.7087005912,1.019880195,3.41264938,1.00077941774378,3973.00252492705,5037.57752365433
"1755","lambda[115]",2.31662555576977,2.33274035,0.788320217662175,0.77345966964,0.999252524,3.62298622,1.00096972061623,6725.59305562284,4562.31604644257
"1756","lambda[116]",2.7439071543575,2.76173995,0.863292390441284,0.8514193737,1.246784565,4.13563529,1.00167553466024,12053.8473899806,4903.83038652729
"1757","lambda[117]",2.5677334562675,2.5705121,0.730020744320364,0.69629011725,1.339499045,3.79160667,1.00116785533867,10590.4981721277,4544.20017751961
"1758","lambda[118]",2.34972840256474,2.36768885,0.849427749129404,0.85577643858,0.880777397,3.760328555,1.0013542979507,5607.24959271557,3115.64998281066
"1759","lambda[119]",2.37938491023795,2.39357475,0.855241274405028,0.83144519346,0.914243622,3.809681075,1.00107945659734,7340.07346762078,4042.30471556461
"1760","lambda[120]",3.19205848374125,3.1794773,0.662884862068336,0.68905250883,2.1270047,4.30490856,1.00080165948798,5154.2435331228,5834.40187863708
"1761","lambda[121]",2.15877647002862,2.20253705,0.930028803877133,0.9412034058,0.535220624,3.70236621,1.00113875549276,3398.72878569647,2614.6174737858
"1762","lambda[122]",2.32132144602132,2.3619588,0.934994242188586,0.92674523886,0.6727477445,3.85389313,1.00088528890829,4894.94873719082,3241.46363285999
"1763","lambda[123]",2.3628979344626,2.3871441,0.875353167338012,0.88156011279,0.8548743295,3.800056615,1.00166423225915,5826.45517681604,3361.34154768543
"1764","lambda[124]",3.08434966355,3.0552815,0.617369165357482,0.63536704392,2.10263807,4.148705895,1.0004322340401,6352.50653642788,5808.28193830373
"1765","lambda[125]",2.34052630617537,2.34004955,0.814472792598593,0.79826312286,0.970838476,3.68811339,1.0005392220346,6101.37241325571,4151.0729241274
"1766","lambda[126]",2.21493355719663,2.22989325,0.899201588254379,0.91091448084,0.6749711035,3.698139165,1.00055768202206,3384.99214637922,2955.86901952837
"1767","lambda[127]",2.23382094858,2.20868,0.567587013085555,0.53568406227,1.351676595,3.22330716,1.000180831628,7777.66738216201,5197.52713565052
"1768","lambda[128]",2.4576493402905,2.4621845,0.866484826040381,0.87153202878,0.9990032835,3.9116284,1.0008010759832,8177.47989346969,4989.34836501004
"1769","lambda[129]",2.34857963153469,2.35238245,0.840250392654737,0.83389911885,0.973566404,3.787658325,1.00016088968599,6355.31298448032,4647.70776206521
"1770","lambda[130]",2.369691694184,2.3940115,0.908047693204068,0.90601900977,0.818593182,3.890550975,1.00057644800072,5872.67229260049,3589.86206650492
"1771","lambda[131]",2.35138539275412,2.38120975,0.852496485151794,0.85033099704,0.8892057785,3.756992695,1.00060623980655,5771.40638964123,3676.40673042391
"1772","lambda[132]",2.440331913263,2.40413235,0.670794734053722,0.625200114419999,1.385263645,3.60825041,1.00172379872419,8994.22327457154,5654.32433367062
"1773","lambda[133]",2.56839080284625,2.56006285,0.843338323766326,0.83644200024,1.17738309,4.016708045,1.00039904341671,10349.959527056,5035.46234167856
"1774","lambda[134]",2.55648167171862,2.5671167,0.869632753133722,0.86282449659,1.07112326,4.002636515,1.0001248844922,10350.2730981938,4381.75526292577
"1775","lambda[135]",2.47549705241037,2.49244505,0.845404855022799,0.83511536976,1.01601967,3.88858501,1.00063963856893,9914.9108846243,4572.45446341516
"1776","lambda[136]",3.24919069342375,3.2337246,0.613384010908795,0.6273777573,2.26279725,4.28510319,1.00023962337271,4758.07312740463,5830.52059078424
"1777","lambda[137]",2.8958951237425,2.88468305,0.674897955474085,0.6446278083,1.79289924,4.012858125,1.00097263763671,8107.11477888864,5399.17644533683
"1778","lambda[138]",2.4300885667905,2.4837016,0.923076710163571,0.90907946682,0.7595535345,3.88277962,1.00063729164741,5996.35101577325,2717.71235800315
"1779","lambda[139]",2.13521663781425,2.13858175,0.869307047891301,0.8986490793,0.714142451,3.598322375,1.00022954559324,3769.62397766267,3671.18156104131
"1780","lambda[140]",2.25417772382128,2.28820845,0.892830384088889,0.89571419847,0.7027891915,3.718258365,1.00072352533449,5080.56012351637,3836.07721024127
"1781","lambda[141]",3.25689372252125,3.25087735,0.659317907304856,0.68784871176,2.18697749,4.366288225,1.00066421298032,4640.67245698072,5409.01055395587
"1782","lambda[142]",2.68247642269238,2.66162195,0.764690049458888,0.724969161,1.43532013,4.00865231,1.00201379038926,10254.5156728276,4653.65087189915
"1783","lambda[143]",3.354495373915,3.35828605,0.645883369861889,0.67900626297,2.30100913,4.43432515,1.00055530852635,3757.13195823053,5478.87980110537
"1784","lambda[144]",2.4642103886,2.3944973,0.682943953467855,0.63540685173,1.46811546,3.72651354,1.00080886706606,8039.73347148683,6022.9286650278
"1785","lambda[145]",2.493048789999,2.52160545,0.883473848509594,0.87531992352,0.977385932,3.955648905,1.00041967372493,8217.79085069659,4103.58710944316
"1786","lambda[146]",2.899716153705,2.84710255,0.676675184447247,0.66780447867,1.85822014,4.121199225,1.00075268680618,7372.90248960582,4908.55727862888
"1787","lambda[147]",2.3524362147045,2.3499956,0.801602791766608,0.7894570719,1.01461647,3.688391445,1.00078784833375,6184.90320373278,4504.59588022869
"1788","lambda[148]",2.596234464495,2.58095085,0.688175389881463,0.66226177857,1.48571274,3.782577145,1.00081248777531,8069.85610513934,5160.43614584595
"1789","lambda[149]",2.4787264062675,2.4562221,0.533314949884541,0.52320301656,1.650365925,3.405172445,0.999841751913343,8840.9654945992,5946.86758879383
"1790","lambda[150]",2.21740425448,2.20434855,0.808414513266428,0.80944956225,0.903791787,3.62474999,1.00016646915372,5089.81623227161,4406.32909605289
"1791","lambda[151]",2.48489863317825,2.43831345,0.791626364713052,0.77948087889,1.26745885,3.940536905,1.0011442411418,6705.22437455737,5452.98057607202
"1792","lambda[152]",2.74609471321875,2.70637965,0.66910700065695,0.66937373664,1.688167045,3.914629645,1.00021502098694,9147.85495031857,6213.3870386269
"1793","lambda[153]",2.94719540524375,2.89925335,0.710465618941801,0.71341199748,1.84485882,4.176781835,1.00026397591849,7569.83257706475,5749.62958752999
"1794","lambda[154]",2.52332334946037,2.53877165,0.907726566068451,0.92484943824,1.002540885,4.01918423,1.00000088248158,7588.79038666502,4177.11340100159
"1795","lambda[155]",2.32732016756187,2.32508155,0.84255143410725,0.85730336832,0.9361577235,3.71113317,1.00021213070633,5445.84448628743,4760.41321275782
"1796","lambda[156]",2.39969190093063,2.4014278,0.865103392382513,0.84223422192,0.9087034595,3.84637298,0.999999613471137,6703.7555702896,3831.89215168223
"1797","lambda[157]",3.02644122684125,2.97155395,0.657635446409999,0.66253494762,2.032494425,4.195404665,1.00020951067654,7362.53995133588,5036.62557352823
"1798","lambda[158]",2.25330444098471,2.27071865,0.883573627785682,0.87387690894,0.732540462,3.729951655,1.00086538215583,4214.44920493152,3409.17289611076
"1799","lambda[159]",2.4299886769375,2.3976631,0.456665621122818,0.44121041811,1.732632985,3.24342254,1.00109946255772,8240.34583626675,6304.47085447117
"1800","lambda[160]",2.97281521502163,2.9796611,0.735584170131002,0.727841031330001,1.754869055,4.18647765,1.00222080561007,7486.71329100101,5342.88592482123
"1801","lambda[161]",2.664530521267,2.64817955,0.815466640357424,0.82551531237,1.321962875,4.04130008,1.00115172066289,9304.58872374123,5827.83553276143
"1802","lambda[162]",2.89072242990825,2.88953725,0.807164816246193,0.80360752521,1.514686585,4.230866165,1.00125932199631,9377.67013245385,4764.13681441229
"1803","lambda[163]",2.50975522385966,2.5176715,0.840074998746804,0.83763008175,1.0653319,3.898572595,1.00066125541022,9061.6249200899,4127.72073526032
"1804","lambda[164]",2.73054492170125,2.74826455,0.838717583591873,0.83521203528,1.280585905,4.10187587,1.00059099291434,9952.44992248865,4910.7592505609
"1805","lambda[165]",2.48497004782725,2.47658405,0.844243963496552,0.8185145493,1.066208105,3.91259643,0.999942784993742,8443.41494421572,4449.75305134547
"1806","lambda[166]",2.164531377241,2.1706042,0.869650039229148,0.8769793977,0.717375772,3.62625172,1.00238265372316,3627.96799009228,3496.8224967479
"1807","lambda[167]",2.51110257468771,2.51646495,0.879523210860334,0.8842574811,1.009055275,3.96997489,1.00123031214186,8809.15868449346,4635.44193321547
"1808","lambda[168]",2.49338962514686,2.5303564,0.915261485645302,0.89814025098,0.8754076455,3.98518678,1.00044777724766,6201.84984418874,3872.13249731999
"1809","lambda[169]",3.05880669775875,3.035695,0.704306130867467,0.71820124026,1.92864339,4.26862733,1.00188056402165,5686.6548134645,5210.77354188197
"1810","lambda[170]",2.0664528996128,2.05969405,0.891909252556849,0.93261959658,0.6113447425,3.56791836,1.00117528899592,3193.7216886753,3735.45824146814
"1811","lambda[171]",2.88186722032375,2.8347435,0.521359073717535,0.49976511207,2.0977932,3.80477122,1.00002017259456,6434.63696523438,5189.64659354829
"1812","lambda[172]",2.73508793997412,2.73039895,0.856500026258292,0.85199669814,1.26179255,4.128391455,1.00068309202473,12264.0801092242,4348.60136610661
"1813","lambda[173]",2.28419378860596,2.3364254,0.941778054042192,0.94745085981,0.6018320175,3.788141355,1.00180422991705,4099.60059295886,2630.7351984072
"1814","lambda[174]",2.80179607643,2.77658005,0.562932402637359,0.5466412917,1.93189717,3.785370945,1.00036221145368,8399.68139611199,6012.05755200577
"1815","lambda[175]",2.26257617026375,2.2756351,0.89754157087225,0.899935012409999,0.745882916,3.76872329,1.00011323055242,4466.0978720943,3589.12189255798
"1816","lambda[176]",2.71058422937962,2.7231324,0.845997690923017,0.83812111887,1.268755685,4.10714527,1.00007391953302,11657.258566092,4529.93861784936
"1817","lambda[177]",2.45783331623712,2.43522125,0.710804920900829,0.66514728882,1.318929775,3.679985115,1.00060293683775,7813.04273284029,4691.83418095128
"1818","lambda[178]",2.73518546670162,2.74025,0.82384405994005,0.80090771061,1.316784855,4.06344742,1.0002349293658,10549.9856885989,4918.82063908617
"1819","lambda[179]",3.4679814333075,3.49044125,0.626479548508114,0.63701977227,2.430046915,4.48010914,1.00047832043322,3470.04348922999,4552.9633900665
"1820","lambda[180]",2.15622375375888,2.18597025,0.909183956010324,0.92668015272,0.6170812535,3.65157364,1.0007129579805,2974.90635094448,2720.69167700604
"1821","lambda[181]",2.64078318089305,2.62816605,0.820415023487182,0.81522592011,1.297084085,4.052377035,1.00007766277131,9388.79229785402,5496.15546635072
"1822","log_lik[1]",-94.111998568,-93.775708,1.74940793617644,1.54944302100002,-97.5129986,-91.88471495,1.00067099775639,4873.66197971091,4768.14963595368
"1823","log_lik[2]",-88.6093605625,-88.392589,1.45932193269927,1.4998389315,-91.15773125,-86.61948105,1.00203772895524,2858.53392372417,4728.59750108003
"1824","log_lik[3]",-102.94820106625,-102.694015,0.739496115353694,0.389575388999992,-104.469224,-102.2919375,0.999775902000102,4214.34578504322,5306.38508379437
"1825","log_lik[4]",-72.041938538625,-71.845146,2.64580372112132,2.60978593889999,-76.7907957,-68.09772715,1.00028970330581,6596.68292806813,6160.07080826547
"1826","log_lik[5]",-81.302458914,-81.1125125,2.2076653341614,2.14908281489999,-85.1668047,-78.1210798,1.00032721147608,5391.54582468126,5733.3233036762
"1827","log_lik[6]",-89.2095824745,-88.931929,1.50924173560317,1.3083263004,-92.03225205,-87.2990652,1.0013342622794,4248.62545321184,5761.19660504438
"1828","log_lik[7]",-65.181564696,-64.917935,1.01256547935447,0.808150433999992,-67.1636779,-64.08805685,0.99969037777097,9356.7683735687,6546.88538874904
"1829","log_lik[8]",-97.271670571125,-96.9753895,1.36096016921864,1.20495794580001,-99.94025085,-95.61506185,1.00112440160057,3854.92491280057,4039.29931715554
"1830","log_lik[9]",-77.031902953,-76.8500245,0.87144781369464,0.611113635299991,-78.69676745,-76.0505323,1.00110609450481,4119.95470915263,5994.42043559898
"1831","log_lik[10]",-67.979653361,-67.692676,0.874752645568221,0.566079660300013,-69.69397715,-67.21151315,1.00023446327436,5385.09758711815,5459.87550142931
"1832","log_lik[11]",-79.241090245875,-78.9979585,0.872207592072935,0.574291040400003,-80.96616685,-78.36413065,1.00050561462931,5680.67994320709,6001.1502357992
"1833","log_lik[12]",-73.179385255,-72.983237,0.848213325171147,0.580603209900005,-74.79944745,-72.3487342,1.00106728912661,3588.36587178288,5562.15734502282
"1834","log_lik[13]",-68.815674662,-68.6232335,0.922001920048263,0.649008150000002,-70.60444595,-67.70373655,1.00079534268138,4903.15692951508,5932.43767293873
"1835","log_lik[14]",-81.762968733375,-81.5801205,0.826786667239291,0.645274221900011,-83.3306581,-80.8469152,1.00081050825158,3371.46509864661,5167.76310409688
"1836","log_lik[15]",-66.2967265525,-66.00462,0.854278086164433,0.495504935100006,-68.0052998,-65.5979797,1.00038620247558,5930.96268484679,6385.19529819197
"1837","log_lik[16]",-64.533821447,-64.2371755,0.845392497843371,0.491442611099997,-66.22559315,-63.8003468,0.999698543994801,5605.21111440088,5915.65477138667
"1838","log_lik[17]",-103.5820560725,-103.334945,0.888601301389298,0.675405843000006,-105.3215845,-102.678855,1.00040405482388,6144.50125705098,5424.49121099404
"1839","log_lik[18]",-102.9731675225,-102.70874,0.852309872949653,0.589259369999999,-104.6513965,-102.168803,1.00068323835429,6335.52857805267,6092.07988869071
"1840","log_lik[19]",-97.18438242675,-96.9140825,0.809533276700196,0.492926693700016,-98.77583625,-96.48311325,1.00022636570158,5185.68801472242,5003.81971697017
"1841","log_lik[20]",-102.23391019125,-102.037205,0.815793738906062,0.546871836000007,-103.809279,-101.3887175,1.00076538693588,3320.58921473101,4797.31840012895
"1842","log_lik[21]",-94.39990876075,-94.2359935,1.77974805956491,1.53240868830001,-97.6685399,-91.7709495,1.00073725397893,4215.53432825337,4561.62601850891
"1843","log_lik[22]",-101.823872425,-101.58203,0.764082306605384,0.509169317999997,-103.349223,-101.139167,1.00041913820553,5538.27521414697,5362.92728366412
"1844","log_lik[23]",-102.27138997375,-102.003575,0.79154032360223,0.439694682000004,-103.8347395,-101.5868745,1.00052293799709,4981.86562464238,5488.97353956395
"1845","log_lik[24]",-101.55552230875,-101.29126,0.956186694271009,0.706251335999989,-103.434532,-100.5957005,1.00015356573078,6461.59195530883,5290.17801577091
"1846","log_lik[25]",-42.360970313,-42.064945,1.23589501297509,1.0349081736,-44.82969555,-40.9520499,1.00023522339892,4910.15082488288,5225.36545166898
"1847","log_lik[26]",-100.17035100275,-99.926196,0.801522575132195,0.461637162000005,-101.727891,-99.3495394,1.00007085217796,3563.80715437231,4422.70600932881
"1848","log_lik[27]",-102.9349566525,-102.667765,0.875339928844231,0.587376468000002,-104.639974,-102.1372745,1.00015735206887,6268.54071530447,5591.16861928955
"1849","log_lik[28]",-91.850408164125,-91.560922,1.08808736415606,0.818089043099993,-93.9965796,-90.6975621,1.00087057372687,3600.51305115969,4806.80495885914
"1850","log_lik[29]",-89.986523596875,-89.845805,0.938636001828448,0.849506078399997,-91.68690535,-88.7954262,1.00100917571666,3830.84538716996,4829.51851623144
"1851","log_lik[30]",-48.201540573625,-47.9270845,1.30576391736588,1.1020877448,-50.70637515,-46.6126271,1.00117847649802,4345.06497463861,5070.74040287969
"1852","log_lik[31]",-97.70206534025,-97.431969,0.979442601402857,0.764551615800004,-99.6506072,-96.6789265,1.0005579480978,5144.88329617277,5254.00891882591
"1853","log_lik[32]",-85.317073338875,-85.1014025,0.841101799775405,0.566020356300005,-86.97108065,-84.4910181,1.00078828748372,4137.97298184447,5043.28766806154
"1854","log_lik[33]",-103.3478454125,-103.090325,0.957145539414609,0.736933743000005,-105.2467135,-102.365747,1.00000523694512,7607.93907893838,5958.34752432629
"1855","log_lik[34]",-1.61878289816748,-1.3157792,1.25093661349845,1.042848445464,-4.16890701,-0.2194021285,0.999796803478498,7194.50324492952,6361.05611135127
"1856","log_lik[35]",-102.68052924375,-102.399115,1.00577909664963,0.789647585999997,-104.688725,-101.628231,1.00065461253217,5887.15910634597,6176.88236491046
"1857","log_lik[36]",-101.53064188125,-101.26883,0.756143569386256,0.428604834000002,-103.0266925,-100.918266,1.00025941464709,4569.36079187794,4782.53716085606
"1858","log_lik[37]",-96.078707919625,-95.7979495,0.87082444835124,0.566329478399983,-97.81723435,-95.31730505,1.00086709456023,6368.97579894271,5966.77199451438
"1859","log_lik[38]",-98.017232451125,-97.9173265,0.885719288002493,0.622157522700003,-99.6189513,-96.80176535,1.00194175413932,3202.35299444881,4723.65376789697
"1860","log_lik[39]",-86.551355185875,-86.341601,1.54893148462514,1.4607249783,-89.39561205,-84.4144008,1.00002562869925,4952.52997078498,5585.07471674219
"1861","log_lik[40]",-102.8757401,-102.61604,0.87714329721112,0.637362326999992,-104.6367035,-102.018407,1.00058949344192,5968.41088487773,5267.86060852395
"1862","log_lik[41]",-90.041451230125,-89.753364,0.913258356524149,0.600243953400013,-91.86838485,-89.21813725,1.00028263096557,6151.01195683356,5853.02393725601
"1863","log_lik[42]",-99.25722219125,-99.053022,0.862168267249243,0.652914800999999,-100.9131075,-98.2997415,1.00047891958347,3613.83098793371,4558.72253422475
"1864","log_lik[43]",-98.83949476525,-98.6610945,0.891402648807667,0.757315045199987,-100.5246825,-97.75553395,1.00069057531795,3128.54371597003,5113.56173384084
"1865","log_lik[44]",-101.120352315,-100.86874,0.907956294666402,0.677281332000001,-102.8671205,-100.210066,1.00039088191002,7450.06391605075,5574.41634089689
"1866","log_lik[45]",-97.545712805375,-97.272342,0.94128843590646,0.674777220599992,-99.4186056,-96.63737545,1.00017039899906,7278.00504118518,5864.19827259093
"1867","log_lik[46]",-98.311895822375,-98.0164915,1.0429586872678,0.796292599200002,-100.394287,-97.2450381,1.00086011743006,6869.77704978188,5386.57012170496
"1868","log_lik[47]",-84.95383505425,-84.684834,0.80979679896446,0.502517633099988,-86.568162,-84.2626799,1.00152390409964,5260.97222101042,6054.99108431907
"1869","log_lik[48]",-95.84574385925,-95.582578,0.983282441950233,0.762525642899989,-97.77658335,-94.81259225,1.00128068076847,8192.99491816506,5886.58112483216
"1870","log_lik[49]",-100.53312765175,-100.260545,0.931444834105665,0.6679520715,-102.3370435,-99.6252917,0.999918844318785,7599.1541370054,6567.52149926228
"1871","log_lik[50]",-91.0894114195,-90.7723795,1.11189892974891,0.888082589099992,-93.4019332,-89.8946974,1.00190669438914,3418.01426770443,4123.80408869996
"1872","log_lik[51]",-85.01741977175,-84.7558055,1.38287079542223,1.22638003319999,-87.7038079,-83.27256505,0.999886420886784,4573.57562011212,5771.20958052241
"1873","log_lik[52]",-100.262303077875,-100.14472,0.867908232450475,0.590682665999987,-101.872958,-99.08790125,1.00009178060772,3811.26303939332,5001.75737619677
"1874","log_lik[53]",-99.841867522625,-99.6572965,1.08310867305201,1.0888103205,-101.772817,-98.46686875,1.00139331526302,4055.42301784659,4378.38733734995
"1875","log_lik[54]",-98.638016517625,-98.4272495,1.36030245267804,1.292552919,-101.22058,-96.7977527,1.00113465220357,3730.72202302962,4249.370737196
"1876","log_lik[55]",-97.238323554,-96.970921,0.920481711162713,0.674946237000007,-99.09435925,-96.31395595,1.00081231318538,6655.9347332031,5516.77841502723
"1877","log_lik[56]",-87.33096001375,-87.1165285,1.09165179713046,1.08699635940001,-89.2928843,-85.9811579,1.00041053171321,3930.93766459609,4574.6351316245
"1878","log_lik[57]",-103.0922549125,-102.84536,0.766263760641856,0.479413536000001,-104.624929,-102.4154935,1.00011914639867,5213.55739914328,5686.61117640288
"1879","log_lik[58]",-53.9401943275,-53.739497,1.62660093790541,1.5845887953,-56.9841849,-51.6453359,1.00070364558937,2753.83262207049,4471.99624979781
"1880","log_lik[59]",-88.330858107375,-88.044733,1.37191479509379,1.1892216294,-90.94792255,-86.69532145,1.00023133236004,4514.64204112602,6019.79894830191
"1881","log_lik[60]",-100.02256983275,-99.9681725,0.850362154708947,0.641877585300022,-101.5206405,-98.8014151,1.00000654000241,4607.30140942669,5450.43000913663
"1882","log_lik[61]",-65.495695037875,-65.305918,1.24498877836659,1.16051256299999,-67.6203679,-63.74613845,1.00059180701804,4367.62570717088,5261.69697821026
"1883","log_lik[62]",-93.582290183125,-93.2774335,1.28082726972831,0.9948283065,-96.135142,-92.0608933,1.00227489814506,3772.32491731288,4547.23255529953
"1884","log_lik[63]",-83.3832358385,-83.226101,1.32867831441038,1.1940949356,-85.97282365,-81.49782035,1.00118179057615,4037.96305334297,4486.91753499405
"1885","log_lik[64]",-91.135955776375,-90.921374,1.45906492407918,1.40084572950003,-93.855811,-89.21803005,1.00058020591221,4108.85048369059,4408.17976295818
"1886","log_lik[65]",-77.055447997,-76.7823155,0.967470407020578,0.713120963099995,-78.9236493,-76.0827355,1.00105248335547,6747.0694870949,5494.16898475284
"1887","log_lik[66]",-101.556669265,-101.30097,0.787194026665448,0.453675599999996,-103.141903,-100.8036045,1.0001392244879,4139.81623028628,5035.99715940442
"1888","log_lik[67]",-83.85410612625,-83.717388,1.3437859913785,1.25355016079999,-86.30935775,-81.93542025,1.0009410627242,3862.90631887313,4993.17602614136
"1889","log_lik[68]",-33.54916877575,-33.2736545,0.962657895799662,0.674487372299997,-35.4851243,-32.56552355,1.00107238875093,4677.97385018141,5926.4807575055
"1890","log_lik[69]",-92.1681779295,-91.900156,1.62222900174498,1.4571897186,-95.2372013,-90.0418256,0.999848723309192,4881.14273564063,5592.8458845954
"1891","log_lik[70]",-63.606496494125,-63.3932115,1.35536121797622,1.2382163703,-66.13866095,-61.83891775,1.00059198240523,4086.67359895692,4274.37479595
"1892","log_lik[71]",-81.364869094125,-81.15278,1.49102558601888,1.39193456219999,-84.1291917,-79.35794375,1.00075445350266,4439.1981226067,5847.8810709532
"1893","log_lik[72]",-76.992563318875,-76.810386,0.794340278532788,0.596503353599997,-78.53862035,-76.1432053,1.00110395800479,3415.4492995673,4517.38725094918
"1894","log_lik[73]",-101.393554420875,-101.27025,0.911205693368163,0.817238772000001,-103.0128075,-100.24587,1.00112140394029,3372.86131801449,3953.08003955716
"1895","log_lik[74]",-79.9805759095,-79.748185,0.871826315884348,0.594102282900013,-81.7000666,-79.05466685,1.00047298121152,4572.30798839304,5387.95825506637
"1896","log_lik[75]",-92.503046129125,-92.448177,1.72942197285372,1.8745127079,-95.4277284,-89.86324645,1.00146168180976,3409.47468413866,4229.66863007558
"1897","log_lik[76]",-70.0447834485,-69.7802125,1.00944704683353,0.821352245700013,-72.03789125,-68.9461186,1.00038131357686,8936.91620113914,6992.35790067266
"1898","log_lik[77]",-96.717438043,-96.442202,1.95573182804588,1.99403695470001,-100.401765,-94.0465548,1.00032815531542,3758.35854009092,4833.36509872561
"1899","log_lik[78]",-96.536296499,-96.735996,2.49873555192113,2.8137049668,-100.116912,-92.2888052,1.00011253304484,2233.5143584013,3892.75138237626
"1900","log_lik[79]",-100.203728946125,-99.958296,0.940994115180814,0.744947937299986,-102.0532765,-99.228476,1.00037153000003,7647.29683773847,5986.68113368818
"1901","log_lik[80]",-102.7940193175,-102.57211,0.721289199041888,0.426521781000015,-104.2135465,-102.1202375,1.00007040824609,3776.89931598052,4815.49317280403
"1902","log_lik[81]",-78.91596757475,-78.649506,0.737717647552114,0.345948401400001,-80.37977035,-78.31175135,0.999954554168253,5458.70475478603,6411.61662586758
"1903","log_lik[82]",-59.426659329375,-59.159185,0.89601968958703,0.638015412299997,-61.180956,-58.57623975,1.00124241241544,6796.23978294001,6036.30515807139
"1904","log_lik[83]",-84.72738043425,-84.4012885,1.55450866860505,1.60424955389999,-87.4645816,-82.77801865,1.00028380263676,4208.33348871908,4804.17913136277
"1905","log_lik[84]",-90.6949754795,-90.4341385,1.42407171616348,1.31279337419999,-93.37060235,-88.8711371,1.00131835484482,3003.14862791825,4118.4784646756
"1906","log_lik[85]",-94.148018338,-93.954041,1.26459812094229,1.1242029477,-96.5346508,-92.50485195,1.00049549412348,3738.03524353489,4441.41726791413
"1907","log_lik[86]",-98.140593258,-97.8830145,0.805092981242134,0.490880705699998,-99.7633646,-97.3662202,1.0002283595178,4347.58273528351,5169.35420252617
"1908","log_lik[87]",-88.782266375625,-88.544223,0.693525793270611,0.351501479700003,-90.1693325,-88.19180655,1.0000191107497,5562.20238027877,5778.97348262364
"1909","log_lik[88]",-65.7047820905,-65.491549,0.772526132472107,0.495578323799989,-67.24222555,-64.94126605,1.00309958041732,3703.10333632384,5450.67709906608
"1910","log_lik[89]",-101.37250271125,-101.104885,0.805714672030817,0.431918445000001,-102.9386365,-100.6453825,1.00052121666243,4266.65110565679,5201.42860908596
"1911","log_lik[90]",-100.918564931125,-100.797715,0.860947099711118,0.678534128999998,-102.4879335,-99.8382244,1.00084144461079,3217.55332396417,4176.72986930358
"1912","log_lik[91]",-85.0004183225,-84.7533265,0.74598641601907,0.457408045500001,-86.5124429,-84.35124785,1.00009871575813,6257.73080345773,5971.67111321384
"1913","log_lik[92]",-103.4790597575,-103.23456,0.868996886917293,0.660127649999992,-105.1852025,-102.583752,1.00035818293835,6078.21370106353,5976.81698091984
"1914","log_lik[93]",-100.95530634125,-100.68225,0.799377192708145,0.491741354999996,-102.555413,-100.2834145,1.00081761511786,5878.98959014712,5927.57336295595
"1915","log_lik[94]",-57.7902934435,-57.531363,0.962873901389402,0.759854739000001,-59.7166992,-56.7482768,1.00098589021121,3430.48635830351,4928.71123777553
"1916","log_lik[95]",-74.217326660375,-73.9465925,2.19629604002928,2.14718731080001,-78.2055309,-71.1453736,1.00029935381627,4535.60332752496,5011.03837980691
"1917","log_lik[96]",-88.831973040375,-88.5668795,0.787811987038703,0.455296081800003,-90.39586145,-88.1242377,1.00044598069472,4526.52786201401,5799.41714381187
"1918","log_lik[97]",-96.432028927625,-96.1405395,1.27041660262722,1.1095200186,-98.9400761,-94.91332865,1.00007562553161,3919.88073683922,4381.15818759662
"1919","log_lik[98]",-79.9287653485,-79.5953455,2.28030072863669,2.16500668020001,-84.2091064,-76.8195682,0.999988140073464,4413.71240665536,5344.34775091202
"1920","log_lik[99]",-82.227576043625,-81.9462645,1.06360498938909,0.842158312799997,-84.33185115,-81.10456515,1.00125701730072,8310.1811635304,5909.02520903218
"1921","log_lik[100]",-64.77275141075,-64.5831465,0.90699013868218,0.765421901999998,-66.4563775,-63.71345755,1.00030251349001,3899.29105251111,4235.61968449546
"1922","log_lik[101]",-89.0616565295,-88.9512955,1.2292617615655,1.2068156436,-91.1869723,-87.26591495,1.00070652873286,3647.0172461395,4443.69200693235
"1923","log_lik[102]",-86.319481953875,-86.046519,0.922755693878311,0.671184139500004,-88.10785495,-85.4268181,1.00023803187324,7304.32269470893,6242.87104467788
"1924","log_lik[103]",-1.172120368736,-0.88568933,1.0571003639006,0.847701361311,-3.26450986,-0.0817933146000002,1.00023102361267,7257.67142701088,6963.54422878804
"1925","log_lik[104]",-101.8108885175,-101.621845,0.823125655342012,0.550378184999993,-103.3985045,-100.9025105,1.00042461146204,4122.38437879872,4905.90680505799
"1926","log_lik[105]",-98.264652131875,-98.0697495,1.44656905589299,1.3610164218,-101.0454095,-96.28988675,1.00069310576517,4202.69514012913,4777.51482960929
"1927","log_lik[106]",-100.048361846125,-99.7917435,0.89258428821048,0.6775237371,-101.820736,-99.1335472,1.00060261924082,6944.33252632076,6320.47758707049
"1928","log_lik[107]",-91.43544464425,-91.1978315,1.31556242749536,1.24144547310001,-93.9656937,-89.7204541,1.00173121992309,3089.38380336699,4380.64647744801
"1929","log_lik[108]",-73.307068493,-72.957124,1.35421755007456,1.1083598841,-75.9280745,-71.83810435,1.00080707576508,4797.455498226,5768.97532994505
"1930","log_lik[109]",-60.7358421205,-60.4938005,1.41438662162224,1.3195199304,-63.38133075,-58.9053437,1.00001677988436,2881.26230698714,3962.4600472488
"1931","log_lik[110]",-98.565539044875,-98.313907,1.3622456336918,1.3897707075,-100.968776,-96.8504615,1.00075821747298,4333.61362748238,4933.85167024886
"1932","log_lik[111]",-64.93889925075,-64.6521625,0.957554448276787,0.686437869599995,-66.8492421,-64.0081866,1.00031717266941,7106.28302141609,6122.42873868983
"1933","log_lik[112]",-60.19174853275,-60.0500615,0.946487676322832,0.7852464879,-62.01705515,-59.0933525,1.00085103656293,4168.04188187691,4499.10399363562
"1934","log_lik[113]",-96.630390813625,-96.4327395,1.53081124514673,1.37431905029999,-99.46638805,-94.56506905,1.00023572841816,4324.66333789377,5061.97004388019
"1935","log_lik[114]",-91.115650897625,-91.1984475,1.41477094728567,1.38850530839999,-93.2705208,-88.7400893,1.0005969798422,3067.1726157534,4934.7872358253
"1936","log_lik[115]",-102.29623708,-102.107745,0.819028290322145,0.570852891000003,-103.893,-101.4149325,1.00015077717244,3661.39092466599,5159.92721680513
"1937","log_lik[116]",-83.18112839225,-83.05425,0.751868677128424,0.5307063069,-84.5840649,-82.2711889,1.00041295024545,4195.85081823214,5985.41734669563
"1938","log_lik[117]",-100.033824770375,-99.9020955,1.04149522345978,0.994204131899996,-101.83552,-98.6170517,1.00025891714851,3442.31493277246,3994.15365581992
"1939","log_lik[118]",-98.50609045125,-98.262115,0.824719987077498,0.564742355099987,-100.114153,-97.7338253,1.00053668589599,6162.54452188429,5667.43875733506
"1940","log_lik[119]",-100.461286057,-100.190495,0.793075372921178,0.429895437299999,-102.010383,-99.8177982,1.00056750545748,4261.24025323976,5286.42161276377
"1941","log_lik[120]",-93.8292489865,-93.467539,1.29632692203969,0.985161013199999,-96.4549584,-92.4723718,1.00115041797079,4557.38258717186,5349.47691380486
"1942","log_lik[121]",-101.35446551425,-101.07919,1.11591809521322,0.922377351,-103.5490325,-100.115645,1.00039879368723,5553.11020978635,5214.05511594454
"1943","log_lik[122]",-81.050667500375,-80.77987,1.05858493278189,0.869773220399983,-83.20773875,-79.91665445,1.00020958936091,7045.16024526717,6333.19620254377
"1944","log_lik[123]",-85.401251981,-85.1467495,0.859289443135867,0.6150781077,-87.07604585,-84.56589535,1.00081934446355,4777.59147446466,4693.38843042401
"1945","log_lik[124]",-89.431950926625,-89.0999615,1.38229121962315,1.1339184255,-92.1014551,-87.8573924,1.00048524449632,4320.03198641442,4997.14674409797
"1946","log_lik[125]",-56.57882081325,-56.3352185,0.845455574104417,0.572132374799996,-58.24699145,-55.7319991,1.00023127656765,4142.77433772416,5726.68018131158
"1947","log_lik[126]",-93.779281992625,-93.521965,1.02810019598009,0.849439361399987,-95.6996651,-92.6628872,1.00003075925217,7977.40051307548,6347.72968846749
"1948","log_lik[127]",-55.329843417875,-55.035469,1.98670516137188,1.9286194536,-59.0542628,-52.64162745,0.999812661625708,5301.32080251114,5097.21383302654
"1949","log_lik[128]",-59.339394258625,-59.0479235,0.836735252698687,0.486204585299995,-61.0471888,-58.64434765,1.00081297653472,6396.5697348717,6298.57496762422
"1950","log_lik[129]",-93.388848891375,-93.1824945,0.762837505905966,0.49285404630001,-94.91328415,-92.61149825,1.00075889866731,4061.41890885321,5269.63704535723
"1951","log_lik[130]",-89.7434281175,-89.4640675,0.846070896646168,0.519627578400002,-91.45578035,-89.02235315,1.00114373696725,5981.67512485708,5976.34225575991
"1952","log_lik[131]",-82.924683770625,-82.658284,0.870763331059926,0.595032614400002,-84.61941845,-82.12651655,0.999998588465582,7229.73702114002,5996.87050958472
"1953","log_lik[132]",-64.575651935375,-64.4176235,0.995758158998263,0.887814979799994,-66.38819675,-63.26810325,1.00152425565223,3134.59287601982,4717.67836354934
"1954","log_lik[133]",-79.8863083985,-79.697018,0.798153781449142,0.479480252999991,-81.416192,-79.0056716,1.00025415979704,4361.49328314859,5103.42342824958
"1955","log_lik[134]",-101.87262135375,-101.61617,0.769571411110598,0.423623298000001,-103.332083,-101.232103,1.00106687806545,4588.44208086429,5629.65780658546
"1956","log_lik[135]",-101.5447192225,-101.27676,0.722758008940204,0.35017529399999,-102.950199,-100.972134,1.00035297708092,4100.13279744109,4714.94458486741
"1957","log_lik[136]",-92.254946515625,-91.986301,1.30352197985123,1.11210937949999,-94.7295638,-90.68036755,1.0008011150218,3502.86016360102,5041.81765836609
"1958","log_lik[137]",-66.302558940125,-66.065716,1.05759668799086,0.951332529000015,-68.22005605,-65.09254105,1.00134033553666,3784.7363207566,4374.72328448908
"1959","log_lik[138]",-101.98682613875,-101.702525,0.969208511367789,0.69526527000001,-103.871775,-101.041185,1.00131545803796,5093.98253812484,5062.83556834128
"1960","log_lik[139]",-103.097505085,-102.8295,0.935647678801547,0.676806899999987,-104.9980095,-102.1778075,1.00004438871578,5910.97574536489,4918.45643702181
"1961","log_lik[140]",-100.647048330125,-100.34943,1.01268086902404,0.7148341074,-102.675204,-99.64853885,1.00061428188617,4673.79684537204,4696.28409588453
"1962","log_lik[141]",-93.756191014125,-93.4673045,1.30708663943043,1.05529837139999,-96.3465826,-92.19763255,1.00095841790019,4239.02432972953,4902.5577717185
"1963","log_lik[142]",-87.5643594535,-87.707555,1.48488923934714,1.2670484925,-89.7063588,-84.72076185,1.00033103628007,3733.76103049749,4795.77363490308
"1964","log_lik[143]",-82.021938454,-81.7637295,1.28961278711911,1.11245111880002,-84.46773895,-80.40452435,1.00063064528974,3994.09753506761,5038.18376405378
"1965","log_lik[144]",-78.5354793385,-78.5390795,1.54414601400988,1.4585188695,-81.1520059,-76.1133856,1.00087433902294,3593.77355258137,4539.62240904705
"1966","log_lik[145]",-94.032006367875,-93.795611,0.770446327778263,0.516244285200011,-95.5642619,-93.3177693,1.00011638448468,6476.91634982543,5530.45026479587
"1967","log_lik[146]",-70.236263977625,-69.869852,1.71907704930465,1.42954071120002,-73.60692755,-68.1662293,1.00089618833545,4344.861471528,5007.336042819
"1968","log_lik[147]",-90.183001403625,-90.0034675,0.83319243861064,0.673067041500001,-91.697976,-89.21343245,1.00096193522031,3559.2578997155,5430.84338716353
"1969","log_lik[148]",-80.493554137,-80.301386,1.11673179921287,1.03168277729999,-82.49036165,-79.0168458,1.00017444583762,3380.8112823116,4209.28975661727
"1970","log_lik[149]",-85.69277860825,-85.3943635,1.4460742479822,1.28226812280001,-88.48629905,-83.94493785,1.00070911768498,4496.83251289801,5254.5500131442
"1971","log_lik[150]",-102.0107406625,-101.86596,0.862708200657845,0.698645597999998,-103.605779,-100.9225155,1.00014161101625,3729.90348522738,5085.12376627951
"1972","log_lik[151]",-80.603636104375,-80.430301,1.08654797901938,0.922326942600001,-82.6775476,-79.14907525,1.00029698364851,3778.05245707831,4843.68116535206
"1973","log_lik[152]",-93.79264515875,-93.471767,1.94615507589762,1.91164145970001,-97.4409848,-91.20659315,1.00060853296511,3689.7688540169,5094.34594622463
"1974","log_lik[153]",-96.912400334625,-96.5455875,1.31863181983353,1.0498668663,-99.5354908,-95.4959829,1.00015501181845,4089.01656145999,4530.99339943379
"1975","log_lik[154]",-86.77846208075,-86.525365,0.77760384571235,0.435143841300001,-88.36549755,-86.00659885,1.00090660148522,4478.00869807264,5820.03566082653
"1976","log_lik[155]",-101.4783433725,-101.20747,0.783754792646783,0.432370638000007,-103.0207575,-100.8302085,1.00027728173066,4977.49627853367,5536.41048603096
"1977","log_lik[156]",-78.012357610875,-77.740762,0.812765081091027,0.498951980099984,-79.67649975,-77.3105303,1.00056294333488,5091.13658595658,5364.982166948
"1978","log_lik[157]",-94.26251992675,-93.942449,1.61758312551026,1.41692230260001,-97.3476978,-92.177923,1.00066300504425,4863.19219003269,5292.94227345942
"1979","log_lik[158]",-61.4495010895,-61.16585,0.972198429101173,0.730790589899997,-63.3630465,-60.4941692,1.00000509665594,6400.34039773318,6693.28810987104
"1980","log_lik[159]",-84.79753389325,-84.5613905,1.88845143655491,1.79419655939999,-88.2803211,-82.18820555,1.00032438926186,4945.03164231361,5023.56299152177
"1981","log_lik[160]",-60.41821456075,-60.1965035,0.973652197512181,0.8833916427,-62.23130915,-59.2272274,1.0004775506791,4182.85563587552,5045.66100697629
"1982","log_lik[161]",-93.062408502875,-92.920554,1.17444517227415,1.18770418830001,-95.0851308,-91.46126095,1.00223040762304,2815.7441534216,4542.76627644948
"1983","log_lik[162]",-84.394226238,-84.2832265,0.974986883998732,0.89963797350002,-86.0844707,-83.0334877,1.00046322632756,4159.70580326184,4957.47654887712
"1984","log_lik[163]",-100.8571641065,-100.64522,0.767393450134045,0.480948026999983,-102.384445,-100.039671,1.00005852271113,4105.63799850706,5672.5828458606
"1985","log_lik[164]",-101.92578668875,-101.80612,0.885615977145596,0.771960167999987,-103.483901,-100.7858075,1.0001716997545,3817.49061537186,4526.71024623594
"1986","log_lik[165]",-101.698980625,-101.462375,0.775307702817285,0.439235075999995,-103.227894,-100.98187,1.00086397797629,4074.43336215255,5203.93221888055
"1987","log_lik[166]",-101.89701281375,-101.621795,0.911751415837854,0.645865037999984,-103.7495525,-101.016143,1.00067504951896,6438.18880673124,5345.70943998551
"1988","log_lik[167]",-100.436468678375,-100.17942,0.765574633952573,0.409394785799992,-101.949616,-99.7655588,1.0010119024115,3995.06371849976,4765.50537189292
"1989","log_lik[168]",-96.175282341875,-95.9031785,0.936793387367125,0.665662195799987,-98.08002175,-95.28020975,1.00014741579919,5805.09633821982,5491.3927740995
"1990","log_lik[169]",-88.4368529635,-88.175905,1.20554209954851,0.954650587800002,-90.85525245,-86.94055185,1.00095773244013,3303.40488571864,4366.41197356231
"1991","log_lik[170]",-74.086296994875,-73.8047395,0.996611880038639,0.739428958800004,-76.0567578,-73.0939811,1.00079039606053,7094.97963457116,6358.21142734016
"1992","log_lik[171]",-60.899972134,-60.7652575,2.11150136955451,2.0254147011,-64.51894095,-57.73739465,1.0004959240752,4599.95338049933,5439.18515079276
"1993","log_lik[172]",-69.51629098775,-69.4173545,0.801585676667694,0.578110218,-70.9890374,-68.50220415,1.00033658149839,4635.48754677165,5598.04247253559
"1994","log_lik[173]",-103.76070324875,-103.491645,1.10480104194902,0.898403708999996,-105.917563,-102.553811,1.000261792721,5777.25696600996,5823.2144728511
"1995","log_lik[174]",-93.85132622225,-93.5494855,1.36501986031701,1.1448659439,-96.4932498,-92.23353565,1.0007052588673,4342.49399308174,4793.88209966582
"1996","log_lik[175]",-94.257018066625,-93.9903105,0.948255054336618,0.729771302400011,-96.17813185,-93.2858247,1.00003495578892,7115.42418252702,6273.67285949063
"1997","log_lik[176]",-79.578242395625,-79.454363,0.878619637893965,0.676064858700006,-81.2359538,-78.46926425,1.00027051398712,4176.84317653707,5450.30293138834
"1998","log_lik[177]",-100.567857914125,-100.490595,1.21313663966932,1.1999104341,-102.608331,-98.7751763,1.00216071444995,3342.03224548131,4029.32908343339
"1999","log_lik[178]",-99.12492481475,-98.9881965,0.882199746362145,0.7518019971,-100.7298015,-98.02842645,1.00213609286003,3636.06468802848,4588.31473884083
"2000","log_lik[179]",-66.80372553875,-66.499995,1.87530444757523,1.8040995861,-70.4150771,-64.3082783,1.00051207200674,5470.68672342239,5083.45231429997
"2001","log_lik[180]",-103.26627009625,-102.99138,1.00125851875387,0.768691034999982,-105.2131805,-102.2312215,0.999912749664514,6430.80304789266,5899.99727814407
"2002","log_lik[181]",-101.4072969905,-101.25847,0.861256954004866,0.724383534000003,-102.9855795,-100.3953155,1.00118196316807,3626.2757895655,5132.03049425437
