"","variable","mean","median","sd","mad","q5","q95","rhat","ess_bulk","ess_tail"
"1","lp__",-16075.586676875,-16075.154,26.1157215763876,26.1085859999995,-16118.82785,-16033.50405,1.00378740298301,1432.12116628521,2853.88243664785
"2","mu_pr[1]",-0.946665425192663,-1.0103679,0.395539569244189,0.27191936646,-1.42817313,-0.240204308000001,1.01298598356279,272.137846812095,515.369379179373
"3","mu_pr[2]",-1.700940908465,-1.68384475,0.258676033932592,0.25254912333,-2.171758485,-1.301587985,1.01235978263796,271.110291997321,583.905636834209
"4","mu_pr[3]",-0.106872042090163,-0.10517903,0.0601553882618151,0.060405045477,-0.2078755425,-0.012147144,1.00151803740849,1060.41698953319,2320.58006234271
"5","mu_pr[4]",0.0078787013495245,0.01452027,0.153280454230473,0.141905895159,-0.2571325975,0.2467116445,1.00256027275952,933.491102979746,1514.08251366503
"6","sigma[1]",0.451012676589125,0.453930285,0.155224329341452,0.151932941349,0.179341335,0.6963108965,1.01167623506182,304.316010203197,556.380529354122
"7","sigma[2]",0.464064309441197,0.466688105,0.146767674520442,0.144015382917,0.220499691,0.699672905,1.00763375519183,351.3034499691,893.846879742063
"8","sigma[3]",0.54233335231,0.540414705,0.0418846830214885,0.041518819356,0.4768237475,0.614746407,1.00301857198419,1835.90776756149,3075.00027221485
"9","sigma[4]",0.62690299539075,0.61330885,0.187055278252459,0.181748420238,0.346045706,0.958252231,1.00839794676881,565.608876803176,1349.09809428279
"10","tau_pr[1]",0.261539281764482,0.27122803,0.791189860980732,0.730266624234,-1.03718221,1.571930175,1.00030903903509,5175.86253932981,3529.57311168912
"11","tau_pr[2]",0.0801540745781043,0.0765284045,0.80872211252997,0.7514974347363,-1.226448675,1.425933875,1.00036889407436,10634.2908317673,5800.07310433735
"12","tau_pr[3]",-0.200679279096487,-0.199188865,0.964855683260533,0.947712205125,-1.759778725,1.42018772,1.00227777134222,12684.5385426067,5592.35456261359
"13","tau_pr[4]",0.866688065872831,0.890401165,0.731739620285824,0.692090408121,-0.3783803785,2.023213305,1.00244866949212,1247.1661082768,2091.51181899513
"14","tau_pr[5]",1.12714045494084,1.14515745,0.817371359700866,0.774579010401,-0.239219422,2.438182015,1.00260812698245,1174.40522845899,2078.7436343973
"15","tau_pr[6]",0.369647879352024,0.3683808,0.768116750232893,0.707352885561,-0.8882712505,1.64106985,1.00178353079466,5331.91899707574,3177.32328042273
"16","tau_pr[7]",-0.145458573470596,-0.14903758,0.898735347395522,0.861013782384,-1.604344515,1.35176791,1.0023209561877,14205.8954228279,5691.90557216289
"17","tau_pr[8]",0.211704836522267,0.224201595,0.80642188990129,0.766743165468,-1.13804587,1.52958329,1.00060873949868,7509.57309039397,4827.20365693021
"18","tau_pr[9]",0.00968409913279498,0.00753646515,0.891187777856654,0.885833507139,-1.454383115,1.47917156,1.00017024578554,13007.3543005525,5665.29766989962
"19","tau_pr[10]",0.0456835529425001,0.05585883,0.899033098797593,0.865956096201,-1.471632035,1.51171194,1.00018453156659,11037.9155427466,5726.15770769327
"20","tau_pr[11]",-0.17714723689388,-0.1742581,0.938279818028646,0.914458213599,-1.706053005,1.383871465,1.00007214127857,11783.6427877033,5504.02574583465
"21","tau_pr[12]",0.0197558924292475,0.0021676607,0.930469643235004,0.91287974972082,-1.53674704,1.55997801,0.999787430155349,13233.2031140687,5826.52893454832
"22","tau_pr[13]",0.0114578230229442,0.0138492345,0.872545688318217,0.834934996644,-1.41364509,1.44522461,1.00089976482799,9426.90953118859,5474.51619914644
"23","tau_pr[14]",0.0720062151665267,0.084432619,0.88082265241456,0.8623649662026,-1.38316834,1.49806081,1.00071113579874,12982.2988703635,5875.32833499684
"24","tau_pr[15]",-0.475529178389278,-0.50220254,0.936837922076816,0.912540203631,-1.95653559,1.138759885,1.00083763432819,4930.87973597313,4622.60563332356
"25","tau_pr[16]",0.116841454230826,0.118695155,1.0157129417336,1.025282697033,-1.582423505,1.780430215,1.00156876361471,10596.9880532288,5742.17670040542
"26","tau_pr[17]",-0.434138656290158,-0.451660595,0.998539433201177,1.021021378461,-2.034375295,1.237944895,1.00064913720371,3780.67258063297,5792.87988819433
"27","tau_pr[18]",-0.466839926827009,-0.50214092,0.946592090096377,0.938801230563,-1.968831515,1.11860109,1.00115968876552,5262.68416849184,5244.16628554319
"28","tau_pr[19]",-0.311232378189879,-0.319637585,0.930188927524602,0.908183472336,-1.824511855,1.2440013,1.00160464979337,9654.42285314912,4921.76128644317
"29","tau_pr[20]",-0.206994122968107,-0.237657855,0.943541119801596,0.897559835319,-1.748101695,1.37051887,0.999936114209065,11604.5904839515,5155.29082468545
"30","tau_pr[21]",0.11275159447694,0.097893409,0.800858479214525,0.747403241508,-1.181843765,1.477842535,1.00073021448385,3885.19718604774,3630.66107241558
"31","tau_pr[22]",-0.341128477260356,-0.360739175,0.952999030758134,0.93823472169,-1.857836255,1.24869845,1.00094267217758,8405.38762703294,4849.37138762571
"32","tau_pr[23]",-0.390911079896794,-0.41245955,0.933957678009739,0.925036112406,-1.881843625,1.18649455,1.00148929019375,6335.25379172179,6206.24542179938
"33","tau_pr[24]",-0.52476368910377,-0.562627335,0.972186021740732,0.9629414715837,-2.063223625,1.115899065,1.00078730421739,3958.76747911172,4907.82832892822
"34","tau_pr[25]",0.285752089345781,0.278839965,0.779187515725888,0.746093631276,-0.9736172075,1.57745406,1.00127662915657,3181.56629460668,2868.56761715395
"35","tau_pr[26]",-0.312343657522153,-0.330252065,0.940488294525919,0.929358588228,-1.80401374,1.29341581,1.00024017851274,9042.58255154871,5927.66867622893
"36","tau_pr[27]",-0.519075014693236,-0.567517415,0.957491077984807,0.928365698421,-2.025062975,1.101632035,1.00085737619095,3760.7972653276,4587.11725821622
"37","tau_pr[28]",0.266911431698867,0.256183385,0.811560532033904,0.76459513011,-1.076792905,1.648229345,1.00074540006474,7405.64804213104,4718.25851724322
"38","tau_pr[29]",-0.0852926703263049,-0.082908729,0.845164998966151,0.7944950667906,-1.469061015,1.321716425,1.00153279564222,13498.7643494297,5853.34435277018
"39","tau_pr[30]",0.416928205248461,0.4200253,0.721145957911257,0.650140107687,-0.792266234,1.589017745,1.00155546362763,2827.0879705059,2449.07119539684
"40","tau_pr[31]",-0.583155031793084,-0.605357845,0.965768755808825,0.9573163974864,-2.15218168,1.052895505,1.00050644133971,3086.77084117172,5523.52751577438
"41","tau_pr[32]",-0.0392089630060988,-0.044940537,0.927041047797225,0.901440748383,-1.582817145,1.488011875,1.00043587475462,11940.1974208488,5807.49796087205
"42","tau_pr[33]",-0.479165714647655,-0.496201995,1.01146725940124,1.005045800073,-2.0946955,1.22576562,1.00074986403678,4516.45101787472,4936.23375520632
"43","tau_pr[34]",1.53408200466798,1.5994306,0.896140682692682,0.83659033437,-0.03379056715,2.87824243,1.00320008005646,1118.11184247146,2039.32449678645
"44","tau_pr[35]",-0.683955387374885,-0.745864315,1.01887031765463,1.0144594716627,-2.250095455,1.077259135,1.00162496689059,2128.62075243356,4193.36914282433
"45","tau_pr[36]",-0.310221026030178,-0.336728275,0.948101609567522,0.940095851709,-1.846951135,1.267563435,1.00182923887697,9815.56994189437,5845.10253171432
"46","tau_pr[37]",-0.386806048776785,-0.402899035,0.941296306714008,0.929170275789,-1.91514292,1.168830735,1.00051797815171,7578.61522349483,5960.29485536588
"47","tau_pr[38]",-0.090538612232735,-0.0815903985,0.913219351778099,0.9128175632499,-1.608047515,1.39723303,0.999765525098197,10283.0492518781,6567.53846224779
"48","tau_pr[39]",0.703788946147528,0.7226292,0.779684697563454,0.738737377791,-0.6256122015,1.944145115,1.00092668904574,1754.08477492261,2299.85947963972
"49","tau_pr[40]",-0.47266325265829,-0.49477996,0.948959346851112,0.946378532295,-1.993498915,1.11402999,1.00088668944643,4520.25953452771,5366.24340089656
"50","tau_pr[41]",-0.348093752465626,-0.36976855,0.980559751350174,0.963175278345,-1.933106555,1.29172022,1.00239380174146,8887.24079918469,5357.80498798652
"51","tau_pr[42]",-0.187647550991659,-0.20832966,0.875103224702085,0.833521463565,-1.57612329,1.287491805,1.00061853595252,11762.8507043878,6314.47067031341
"52","tau_pr[43]",-0.0651545939627075,-0.0736200785,0.876296380339096,0.8480603380599,-1.484288465,1.391770685,1.00052717388349,12040.2432438482,6068.4371682001
"53","tau_pr[44]",-0.617192712190287,-0.65281626,0.968885682951139,0.9429427632093,-2.148913655,1.067703435,1.00236020752959,3144.37725299411,3788.46624323792
"54","tau_pr[45]",-0.455296868186642,-0.49159993,0.94990843326243,0.913297048692,-1.973554565,1.13850592,1.00040392844564,4854.69268596678,4502.79995383165
"55","tau_pr[46]",-0.591647714000327,-0.64055425,0.968634071930918,0.96012308679,-2.112552465,1.095442015,1.00073059696602,2981.2625184928,4254.46754688987
"56","tau_pr[47]",-0.322666276832748,-0.34357638,0.89663755189734,0.86847713148,-1.74184591,1.205375695,1.00007198495542,8050.65528087318,6213.49744149645
"57","tau_pr[48]",-0.500391299189852,-0.52441245,0.949440072478999,0.937626914994,-2.024599075,1.116364555,1.00080348078785,4568.5952786293,5186.61877322684
"58","tau_pr[49]",-0.552957944307351,-0.590363655,0.94382157747448,0.907052300427,-2.056097765,1.07058345,1.00068346835727,3914.821851509,4979.9713038668
"59","tau_pr[50]",0.357434130054902,0.365477715,0.831655139868006,0.773408134464,-1.01374177,1.713697815,1.00049571657154,5576.71909529028,3647.3463803181
"60","tau_pr[51]",0.687786927114143,0.70007255,0.745636602942807,0.67383747459,-0.565532603,1.887683945,1.00211227125561,2298.65662274179,2014.20582900935
"61","tau_pr[52]",-0.207807026103747,-0.21942328,0.957542672858785,0.946184949213,-1.762651055,1.37526175,1.00014673799112,12409.4194592069,6499.95348640912
"62","tau_pr[53]",-0.0664314728011575,-0.092530197,0.846724106480094,0.788530016946,-1.423479045,1.359002185,1.0040241827093,12975.781241278,6133.45622710996
"63","tau_pr[54]",0.501512898612868,0.52949416,0.869810925141039,0.8426330554047,-0.971407584,1.90173653,1.00125354815018,4223.48785757574,5302.09972624493
"64","tau_pr[55]",-0.54636335993518,-0.58569101,0.938374137773768,0.918664312734,-2.02678513,1.044552785,1.00033601817599,4673.89136295732,4771.69844382079
"65","tau_pr[56]",0.189182314683468,0.21132776,0.854920758820083,0.854822400306,-1.252158815,1.538865105,1.00114540242747,10373.2188089212,5798.28590840248
"66","tau_pr[57]",-0.496718828283405,-0.519751635,0.949506895930282,0.921159306144,-2.01264146,1.113059535,1.00096209487703,4532.51192023496,4295.0959193954
"67","tau_pr[58]",0.578635497838426,0.59728258,0.743426899901728,0.693719348154,-0.6701161845,1.762472415,1.00134232688667,2705.72422199094,2516.12835016792
"68","tau_pr[59]",0.622454635236239,0.62570947,0.787001546302524,0.751993289565,-0.645904734,1.898850595,1.00237799181924,2141.8127552049,2526.81502037509
"69","tau_pr[60]",-0.250407400596501,-0.26331563,0.921490848126076,0.903487188576,-1.74830595,1.293670275,0.999985674895765,10511.6487967359,5675.89553228686
"70","tau_pr[61]",0.261908331223146,0.26431523,0.917475757242435,0.89589262938,-1.249013375,1.749694515,0.999865143543632,11065.6240331458,5518.29825174712
"71","tau_pr[62]",0.184174854827967,0.186678855,0.8150041471735,0.770702893548,-1.145195575,1.53572851,1.00126317627187,7883.58585211716,4675.99815837441
"72","tau_pr[63]",0.237617963904835,0.24299126,0.782542239841218,0.748160234829,-1.028045615,1.51124573,1.00007674706376,4675.60398955162,3780.28217264626
"73","tau_pr[64]",-0.0986353424325375,-0.11234638,0.765554015388313,0.707310386832,-1.31819723,1.185844675,1.00084049722362,4075.11251841508,4403.46616818067
"74","tau_pr[65]",-0.260406680596881,-0.273188035,0.983789455108333,0.967301339319,-1.87874741,1.366286905,0.999750696495313,9736.6135345882,6171.89416480918
"75","tau_pr[66]",-0.275373332513268,-0.28125957,0.922378706496599,0.904011176481,-1.753864215,1.24448464,1.00051183260186,9379.81534495002,5524.46479408209
"76","tau_pr[67]",0.139834662644305,0.1308213,0.759795543179984,0.701357369769,-1.082339925,1.44594522,1.00097512186852,6328.94904370568,4555.03497626628
"77","tau_pr[68]",0.500182346655274,0.52869474,0.889774183921993,0.892207122996,-1.039394015,1.875672045,1.00128939327095,3637.12119338241,5228.2547928151
"78","tau_pr[69]",0.523445861098686,0.53062667,0.77144371747715,0.7382012881635,-0.7428857635,1.79323827,1.00101527544964,2617.16816334784,2970.06755461286
"79","tau_pr[70]",0.249534606309747,0.25290103,0.732540823986765,0.684790026417,-0.95245531,1.456239555,1.00073313773463,2946.02323799822,4186.99291648706
"80","tau_pr[71]",0.666416470468981,0.675997475,0.731724940282226,0.688432396554,-0.535700447,1.839796445,1.00337253280385,1624.03209735427,2178.82149068151
"81","tau_pr[72]",0.00641160921267251,0.010603595,0.864652695178513,0.826333722396,-1.43937542,1.42867724499999,1.0020261306717,13301.2792835418,5506.29840916762
"82","tau_pr[73]",-0.0949311977826872,-0.106301115,0.879734068889286,0.846263550657,-1.53880162,1.382713045,1.00045974198326,11084.5783317405,4363.28688400735
"83","tau_pr[74]",-0.234309212944106,-0.23681864,0.877513930583541,0.83955242091,-1.66001662,1.21746957,1.0008820662418,11966.2047460156,5927.548349268
"84","tau_pr[75]",0.603080005545364,0.63027835,0.834916570246211,0.8113975830072,-0.808176574,1.929116875,1.00125664995955,2616.65642227901,3779.83453375372
"85","tau_pr[76]",-0.215978770967115,-0.22239413,0.941661346961152,0.935014381056,-1.77517492,1.33153162,1.00045880858223,10078.9402977731,6304.14963320938
"86","tau_pr[77]",-0.317045131790221,-0.341846075,0.799152952960671,0.75341336091,-1.5922167,1.037179835,1.00132144140785,4422.0521239108,5266.87315298707
"87","tau_pr[78]",-0.446084050407346,-0.487873235,0.846237925254567,0.7779375627135,-1.737007885,1.05252197,1.00232163366403,5297.8826450215,3189.60348941496
"88","tau_pr[79]",-0.509809451928866,-0.53355077,0.985501994999634,0.965243898234,-2.079198415,1.16606486,1.00090753216963,3648.31464647032,4258.70591814183
"89","tau_pr[80]",-0.229256019338094,-0.225456235,0.92859249839502,0.922672855419,-1.76149086,1.30933751,1.00048309836695,12691.9118577154,5527.64924510505
"90","tau_pr[81]",-0.560467699107938,-0.602308225,0.952299712682363,0.9365368066572,-2.065055525,1.07572901,1.0013829694975,3702.67989661406,4485.95280363218
"91","tau_pr[82]",-0.0036359978467561,0.0113150035,0.877283120462499,0.844545506364,-1.47098283,1.419270385,1.00062284647714,11940.8375454653,5968.574845096
"92","tau_pr[83]",0.181405677289171,0.200231865,0.853051927311135,0.805308089649,-1.276917175,1.56873284,1.00054583121733,7544.66148067624,5176.74224369176
"93","tau_pr[84]",0.178137989126561,0.177261665,0.775897170165178,0.722443789116,-1.07481718,1.467064735,1.0011699929606,6180.03587132784,4325.51286964907
"94","tau_pr[85]",0.219302297815505,0.20666079,0.784224096735732,0.720388267998,-1.05154714,1.54262266,1.00066087080605,8650.44996034256,4211.54223682825
"95","tau_pr[86]",-0.350973358686529,-0.37968764,0.898106306492914,0.867847056132,-1.78761698,1.16473936,1.00028064964723,9504.78024461194,4867.19338116288
"96","tau_pr[87]",-0.195183594878107,-0.199425185,0.90869168733229,0.881368501566,-1.701096055,1.29584207,1.0002916327905,12102.1667695809,5518.92748499614
"97","tau_pr[88]",0.195570597439572,0.21667987,0.874441584847016,0.844563890604,-1.280967935,1.588553765,1.00042624929542,12003.2709834946,5135.22531380845
"98","tau_pr[89]",-0.273690934084049,-0.276975105,0.948126756455094,0.932398844853,-1.832837325,1.30675372,1.00112797144666,8950.57580654786,5609.32636708483
"99","tau_pr[90]",-0.0615633845886751,-0.0640673445,0.904285852493891,0.863965713114,-1.55090875,1.38744192,1.00150859816072,12760.9771889075,5805.96026416724
"100","tau_pr[91]",-0.50871980714642,-0.526099835,0.965332426967765,0.959380400559,-2.04419727,1.13882062,1.00075482049726,3228.49427556274,4854.15776284114
"101","tau_pr[92]",-0.527761514124467,-0.55765292,0.983766757436587,0.982139518878,-2.101712215,1.142605725,1.0008124722119,3498.20458067034,4592.7887288201
"102","tau_pr[93]",-0.406372407067474,-0.43479585,0.938312208809191,0.90327872019,-1.903023465,1.187293855,1.00027010840821,6554.61614869392,4100.92362137587
"103","tau_pr[94]",0.515780867751656,0.5336699,0.837539126070764,0.80981494902,-0.8706841125,1.849342975,1.0020456758942,4260.26893902189,3439.45223392615
"104","tau_pr[95]",1.80773325674775,1.8480101,0.840488373191434,0.77797500207,0.381964749,3.09173766,1.00461335753741,921.303976379856,956.643222247685
"105","tau_pr[96]",0.000186877651210014,0.01005715405,0.969730641308269,0.94946236112553,-1.607789365,1.58278988,0.999890286456825,13733.5520601927,6314.94247789608
"106","tau_pr[97]",0.0178652230588738,0.0051702283,0.827111574354681,0.797771700264,-1.32649738,1.39711631,1.00098203786274,10262.3341867548,5128.817181585
"107","tau_pr[98]",1.74502994158875,1.7816855,0.816406964908161,0.73755776934,0.318170128,2.996108215,1.00344856083137,956.941977097783,851.846636488589
"108","tau_pr[99]",-0.422644052558891,-0.44928215,1.00148866626428,0.982759534785,-2.036207105,1.242744085,1.00026655549018,4444.60617024225,5009.26549066969
"109","tau_pr[100]",0.141616620480631,0.143631175,0.833573642156336,0.796527176172,-1.23429701,1.504237355,1.00038288105301,8924.43015235574,5995.36410542428
"110","tau_pr[101]",0.460547607001402,0.483773865,0.889288171173289,0.874196164611,-1.051990955,1.90630268,1.00114171256916,5326.51614822651,5272.99918790381
"111","tau_pr[102]",-0.29370932047648,-0.28505847,0.969439488171984,0.957185781909,-1.90084368,1.322645935,1.00062409263184,7859.63682737814,6032.69648710254
"112","tau_pr[103]",1.43960016081768,1.4816938,0.850853768463395,0.774627684159,-0.0514887835,2.73915487,1.00352786351406,1176.62182695097,1576.31217778352
"113","tau_pr[104]",-0.127427048731021,-0.13541031,0.915947853745806,0.889029903783,-1.64499691,1.399713265,1.00058583048094,13831.575440164,6286.89216881322
"114","tau_pr[105]",0.313517630337813,0.327252015,0.836329514339802,0.810007301544,-1.082605465,1.659116215,1.00041900536994,6085.41245031404,3841.16083632444
"115","tau_pr[106]",-0.654524234382572,-0.711851755,0.977799176476128,0.9762451705209,-2.14802647,1.022544085,1.00154343142243,2502.43502621877,4658.04948220492
"116","tau_pr[107]",0.130820320532723,0.108499275,0.806089079766667,0.76612013247,-1.16101144,1.47573604,0.999880250826915,11952.7761318997,4550.31007820813
"117","tau_pr[108]",0.593015842448311,0.60449479,0.752153726230469,0.715465124199,-0.651556117,1.810166105,1.00220790074212,2306.52423015504,2200.04956431547
"118","tau_pr[109]",0.651899458687382,0.674085395,0.791535877503457,0.753533844399,-0.6871413975,1.88929527,1.0012725168442,1702.40160693602,2641.94948098314
"119","tau_pr[110]",-0.017309522883758,-0.0165272545,0.868223402148087,0.821191946988,-1.46410125,1.44318327,1.00037442397,12002.3016208935,5488.00694115668
"120","tau_pr[111]",-0.203278118816282,-0.206516195,0.966064523262961,0.955532742213,-1.783009135,1.395210955,1.00038264448615,9762.08286729088,6255.94980113979
"121","tau_pr[112]",0.092873679625765,0.0947935105,0.925257700598014,0.899548454112,-1.471540495,1.63066905,1.00132705246013,13670.2197222811,6117.02098042578
"122","tau_pr[113]",0.823324104195727,0.828123045,0.896925357563213,0.878627908053,-0.645773134,2.27662953,1.00288111124574,1924.7831263583,4356.53499043073
"123","tau_pr[114]",-0.0414670216194788,-0.040983383,0.908960408981874,0.8949272447682,-1.528933955,1.45569262,1.00126598952192,11370.2056901275,5294.91466632204
"124","tau_pr[115]",-0.174472657801397,-0.185861975,0.927851164907485,0.907909450791,-1.69095726,1.364171805,1.00011136536763,13702.3778170642,6049.12680050974
"125","tau_pr[116]",-0.0592423065788463,-0.071525872,0.892972313272378,0.8470536474708,-1.515731455,1.4402937,1.00029394548275,13549.6246322413,5837.62795626446
"126","tau_pr[117]",-0.100027131927945,-0.0971438275,0.864042304890491,0.8314763910705,-1.49355627,1.356450555,0.999825905552253,12237.3978694462,5279.87358449551
"127","tau_pr[118]",-0.412264075279277,-0.4262801,0.9378722121974,0.91062352059,-1.925809925,1.16683819,1.00117280531313,6406.5962951819,5099.49551631615
"128","tau_pr[119]",-0.208113409270835,-0.222041385,0.941961979498684,0.923443169901,-1.742949445,1.358055645,1.00082492868466,9938.24672361829,5485.30536596046
"129","tau_pr[120]",0.309341860160909,0.31498242,0.774227460141212,0.737909975796,-0.968789856,1.58975638,1.00095704082596,3995.21108754657,3868.73266723855
"130","tau_pr[121]",-0.828650477481884,-0.877178435,1.03017290406286,1.02752564103,-2.44286138,0.961350961499999,1.00215793689369,1500.83712624721,4259.24188275795
"131","tau_pr[122]",-0.447445140741803,-0.47445182,0.952948667719509,0.926820577179,-1.98999577,1.166497205,1.00014406307026,4520.7915421418,4529.5086620056
"132","tau_pr[123]",-0.427614063557419,-0.45333204,0.966912134922051,0.949768964214,-1.96329342,1.229855815,1.0007291189314,7165.37023638853,5295.63075271209
"133","tau_pr[124]",0.408157662453739,0.418813135,0.768563428889984,0.7377564221727,-0.858660947,1.649392875,1.00035115660432,3446.66806446771,4075.38332866444
"134","tau_pr[125]",0.151597209924284,0.15178406,0.832781994089878,0.807083384541,-1.23420335,1.454219865,1.00062680741265,9347.7444438816,5834.65756978881
"135","tau_pr[126]",-0.523582796703401,-0.550674445,0.962129449182982,0.9474761032989,-2.04190327,1.132113575,1.00054114409183,4237.63235924187,4866.07667185761
"136","tau_pr[127]",0.642999413927502,0.659934795,0.818796737699295,0.776480192859,-0.742207397,1.937481055,1.00097380088212,3088.20830414445,4219.9219885539
"137","tau_pr[128]",-0.491526129656343,-0.516127185,0.970652866645811,0.943242596079,-2.04020228,1.141073135,1.0012555275589,4565.45889031222,5312.1384352944
"138","tau_pr[129]",-0.0230576736540637,-0.0247168755,0.946733482014359,0.931697523162,-1.58157745,1.52205209,1.00001146050508,11252.0086616516,6120.23563652215
"139","tau_pr[130]",-0.26720237040781,-0.28296059,0.91472576224586,0.907652783079,-1.73342888,1.25183162,1.00100291450943,10990.8395566201,5431.95828840412
"140","tau_pr[131]",-0.297283397327824,-0.32506304,0.919304999473721,0.868355995647,-1.771167505,1.25681125,1.00046324606498,10223.3094892435,5061.17990722777
"141","tau_pr[132]",0.431609138797896,0.44307225,0.858665626551683,0.823862702628,-1.022957035,1.832143265,0.999822901956198,5658.81377013261,3740.46611141831
"142","tau_pr[133]",-0.0380151955607569,-0.0329261295,0.880084452889514,0.828583026747,-1.486826445,1.40493992,1.00083565678918,12829.776546722,5110.85126146533
"143","tau_pr[134]",-0.448551524966383,-0.4779449,0.912743177975321,0.879345894168,-1.91214596,1.11464557,1.00096001952974,5985.5008250419,4851.68775202167
"144","tau_pr[135]",-0.161061373099485,-0.15665702,0.923316825379895,0.924575653911,-1.69150843,1.356776655,1.00014069104398,13542.100743343,5862.38091775236
"145","tau_pr[136]",0.375667797596056,0.37782456,0.770036149237857,0.7192952508,-0.8837039175,1.65136657,1.00223627321762,5070.59077381993,3990.29984993947
"146","tau_pr[137]",0.143887262685391,0.152084115,0.846748398788361,0.814564035579,-1.245194675,1.54789698,1.00071930906182,8533.82530760606,5646.0675377866
"147","tau_pr[138]",-0.66384370683211,-0.723722155,0.98031991623723,0.972006859677,-2.1793485,1.023412195,1.00079235379588,2651.36841678248,5344.02294553467
"148","tau_pr[139]",-0.456542900532751,-0.466185755,0.959049204557735,0.967284852807,-2.002534545,1.15248453,1.00022209661894,4588.05138536725,4898.44134081846
"149","tau_pr[140]",-0.55922107819883,-0.591905365,0.996382892742035,0.990377222541,-2.12941049,1.160503905,1.00072458655468,4682.63275716879,5187.49567540571
"150","tau_pr[141]",0.25536472226175,0.24842327,0.753713208052398,0.714947541126,-0.993742067,1.484787275,1.00135157228527,4787.79786402248,4923.59664934284
"151","tau_pr[142]",-0.287416225793795,-0.328121415,0.864766956294,0.820051397634,-1.650487225,1.235156375,1.00081415098036,7921.85654650349,5207.77039689114
"152","tau_pr[143]",0.423979660450784,0.42560391,0.738161051599208,0.706749052233,-0.7875946845,1.63401227,1.00227443424484,2444.73189401894,3065.4926256238
"153","tau_pr[144]",0.283831601281333,0.28752735,0.82255639754094,0.803545752681,-1.07409563,1.61443012,1.00052749940768,4770.4560237405,4542.71754905318
"154","tau_pr[145]",-0.467750672807533,-0.491758235,0.962013796314069,0.958180999398,-1.9924176,1.175538145,1.00147428467109,4516.14307883972,4980.92714977892
"155","tau_pr[146]",0.622837027232243,0.62852965,0.802571775362544,0.76999772451,-0.7061173795,1.923260615,1.00172937085755,2433.0152610313,3200.53341827906
"156","tau_pr[147]",-0.022170785326662,-0.024196932,0.851330768902141,0.814284824934,-1.42522752,1.3764633,1.00023607816859,11127.0377016731,5623.37692925192
"157","tau_pr[148]",0.288248857238436,0.291544325,0.841943292362057,0.806507261007,-1.112252775,1.645299375,1.00081468558089,8486.07782650056,5452.69876818026
"158","tau_pr[149]",0.901030393639006,0.919959325,0.771135527253409,0.714293373528,-0.3945825895,2.128744405,1.00333220937276,1130.38724329214,1997.16871493866
"159","tau_pr[150]",-0.147541567245342,-0.16112538,0.884300446127937,0.862730781444,-1.561190475,1.31590551,1.0005123391295,12284.4847444836,5993.20700289795
"160","tau_pr[151]",0.188220782873391,0.18054605,0.842732940512724,0.817724212305,-1.19110624,1.58124755,1.00020449200306,10150.8003686264,4921.02352287416
"161","tau_pr[152]",0.121179710011903,0.115133765,0.808369447048966,0.78069801936,-1.18611054,1.435930925,1.00028945612277,3407.34398742795,3047.75826710826
"162","tau_pr[153]",0.41670905492936,0.41598098,0.786072025273909,0.743283162825,-0.8497920775,1.72599094,1.00135081448476,5882.3973642749,5090.69219177512
"163","tau_pr[154]",-0.132965123336861,-0.131439695,0.899168144777252,0.868862651958,-1.641632545,1.3372116,1.00022622489654,12137.9501286491,5460.96578091569
"164","tau_pr[155]",-0.38002239642507,-0.40198506,0.962049455451316,0.941074182384,-1.91178922,1.24783908,1.00079349152239,7910.03437063494,5133.05917682769
"165","tau_pr[156]",-0.252448833727574,-0.26193167,0.953252367732137,0.953540780157,-1.80936624,1.34006231,1.00029157300972,11512.7866412284,5070.19519680837
"166","tau_pr[157]",0.229293450691477,0.232210135,0.794618310938107,0.761259065133,-1.08754014,1.53249081,1.00343701260589,5510.82085660271,3936.3198024562
"167","tau_pr[158]",-0.114488946158945,-0.12206976,0.916932364616304,0.907310843628,-1.608144375,1.402598615,1.00064148926319,13752.9567980088,6005.53759330223
"168","tau_pr[159]",1.17103939425778,1.19739225,0.759431138548174,0.712306948983,-0.1122758585,2.365022245,1.00412989449893,1183.373251692,1621.45132718105
"169","tau_pr[160]",0.230122044432144,0.239117405,0.811629065916817,0.7590897174,-1.11607066,1.568229665,1.00066372408517,8724.7988509979,3793.3682704638
"170","tau_pr[161]",0.141419281823961,0.15329329,0.897451429324786,0.885366525204,-1.35032364,1.6001475,1.00090668840275,12939.6119203823,5825.75177177418
"171","tau_pr[162]",-0.0285759380350426,-0.042818788,0.860616732404285,0.791237222307,-1.409527695,1.431190195,1.00124002964424,11251.4742434691,5019.64020303238
"172","tau_pr[163]",-0.350183424820274,-0.368998035,0.926902219907976,0.912841282626,-1.832278895,1.19116614,1.00101103697671,6626.77650152112,5385.65763693345
"173","tau_pr[164]",-0.232155338375622,-0.253320735,0.872799746842509,0.852548855445,-1.622915505,1.242002795,1.00129895035739,10573.2069805003,5409.66818491949
"174","tau_pr[165]",-0.205670409465636,-0.21033634,0.922080551813102,0.875910176232,-1.68919704,1.362061435,1.00090760070613,12056.7832323531,5725.6108150826
"175","tau_pr[166]",-0.498742328306833,-0.520123225,0.963064645051964,0.961808269254,-2.0341491,1.130180015,1.00063431549538,4639.09592727645,5892.78133379442
"176","tau_pr[167]",-0.276361339283439,-0.284219455,0.925500739667986,0.925443923775,-1.801577995,1.275084385,1.0003399588766,10965.3091637841,4890.03564233665
"177","tau_pr[168]",-0.511485689397916,-0.55311752,0.916992763813874,0.8820451135041,-1.952922845,1.07943904,1.00100970774578,4990.99969003,5313.19922405092
"178","tau_pr[169]",0.319253600046545,0.33431302,0.793873648217443,0.75657470889,-1.011610755,1.608173875,1.0010566679498,4397.81792371305,3732.34966854024
"179","tau_pr[170]",-0.207165844304884,-0.205304575,0.970170892333528,1.010805426792,-1.783450475,1.386106615,1.00005275938387,7631.08235345452,5864.36079446978
"180","tau_pr[171]",1.08646502131858,1.1232894,0.752257170540026,0.7188778989,-0.2008041375,2.259138935,1.00323495878009,1124.51796765043,1429.62458357009
"181","tau_pr[172]",-0.327670761882399,-0.351446235,0.915972537112712,0.897210460629,-1.82967746,1.23159459,1.00006631205636,10036.853730534,5301.47551026847
"182","tau_pr[173]",-0.790068678577731,-0.855382495,1.02496860185637,1.029278185425,-2.365002735,0.9879454415,1.00165560863311,1646.00681496469,3908.63228285375
"183","tau_pr[174]",0.511008607206541,0.52303836,0.770889419075827,0.7177052564451,-0.7837421515,1.74561046,1.00107112269193,2977.29023295429,2580.70650368708
"184","tau_pr[175]",-0.46954478792379,-0.497320355,0.989765253686761,0.954849767697,-2.063211115,1.21246596,1.0009475360848,5217.79801445232,6119.93363244896
"185","tau_pr[176]",-0.0374923509405061,-0.0460938475,0.851569840006817,0.805759081743,-1.42760544,1.40291312,1.00036338245758,12876.1685005555,5253.56998395526
"186","tau_pr[177]",0.103203379913675,0.10181563,0.893077739500563,0.84195704985,-1.37181536,1.562793415,1.00206407884822,11441.3027109926,5628.00003427307
"187","tau_pr[178]",-0.12531180765311,-0.136003975,0.889040890909556,0.840667091481,-1.57950361,1.40024333,1.0002261923413,13145.1369891761,5732.28246835759
"188","tau_pr[179]",0.672146078166442,0.68307188,0.792154189417497,0.760941514452,-0.648480051,1.957400685,1.00140163840446,2146.96463610761,3201.13946616185
"189","tau_pr[180]",-0.49766778191494,-0.5393538,1.00839749095114,1.00528256388,-2.068867055,1.20943656,1.00074280479064,3636.70442067887,5116.34335145625
"190","tau_pr[181]",-0.047448847314907,-0.0415243415,0.884915302541901,0.8712009642,-1.49982011,1.412528155,1.00087397141927,11655.2265089161,5826.13959868729
"191","m_pr[1]",0.187238675624978,0.213596015,0.643246708303389,0.604911645219,-0.915292302,1.17705524,1.00091142083856,3049.58614341595,3202.11403391848
"192","m_pr[2]",-0.0679220051539471,-0.042979149,0.664137455440947,0.612522097887,-1.17790815,0.962618753,1.00171715701422,5070.74871931754,3417.15121641277
"193","m_pr[3]",-0.223144194287844,-0.235072,0.91507612297448,0.886837116144,-1.72245298,1.31011074,1.00009654252455,11786.9151560065,5604.4113257097
"194","m_pr[4]",1.1906958024134,1.20452425,0.677375785478546,0.641728939824,0.0696850783,2.25553638,1.0019646502654,1802.32651521578,2003.46458492432
"195","m_pr[5]",1.1034108498205,1.1103869,0.726081202885693,0.698172062973,-0.09194392185,2.260486355,1.00316035967809,1337.98504153187,1916.68079785762
"196","m_pr[6]",0.246504113943068,0.277530885,0.602966561863232,0.5473525809108,-0.8007114665,1.178332035,1.00152302086069,2422.43782153342,2830.68914074954
"197","m_pr[7]",-0.228847508370737,-0.202232285,0.811383582163176,0.769141864008,-1.606179235,1.04993043,1.00045951802458,11608.4061526415,4904.33524683506
"198","m_pr[8]",0.063733159691392,0.091672847,0.672647652998949,0.6283439647548,-1.07344039,1.114876255,1.00053190535902,4123.0049833112,4685.18228883258
"199","m_pr[9]",-0.00904276801548639,-0.00997941065,0.829964755523952,0.781091434683,-1.36207445,1.37043803,0.999847497455064,11466.7082893442,5683.39144701435
"200","m_pr[10]",0.100885679102983,0.125192285,0.894976705938263,0.865518795918,-1.402411185,1.532108645,1.00083368610404,11578.4451511809,6205.24699644777
"201","m_pr[11]",-0.196386240754083,-0.20379289,0.903279038608365,0.886419623397,-1.660091295,1.31388366,1.00058467402361,9785.09001199158,5658.54095228109
"202","m_pr[12]",0.0128428747007465,0.0231989365,0.892099001976876,0.856128659862,-1.47808739,1.49406002,0.999902034637659,13996.3727123833,6317.26970235806
"203","m_pr[13]",0.0924954771142486,0.0626275045,0.893978428264313,0.837999723582,-1.351160415,1.647176335,1.00038946804231,10423.5571051257,5868.66354416797
"204","m_pr[14]",0.0640889843376887,0.0677178495,0.809277406663453,0.7518634738503,-1.26730813,1.365735225,1.00090923095132,11555.9547064762,6071.02816528156
"205","m_pr[15]",-0.560386744825006,-0.597385435,0.912431255270869,0.8437957814895,-1.979736755,1.015209445,1.00078629411927,6479.28358152892,3911.66074423094
"206","m_pr[16]",0.0114681818250391,0.0234632185,0.949695251924772,0.92549170056,-1.57666565,1.54580342,1.00068820667791,7737.5796290447,6038.66404535586
"207","m_pr[17]",-0.651857008636246,-0.69578824,0.909650324067892,0.887198010636,-2.092151455,0.891181743,1.0011809282389,4733.73065103172,5175.86371097553
"208","m_pr[18]",-0.544093637837512,-0.588223275,0.959072672564261,0.913296240675,-2.03909048,1.129851795,1.00145458652399,4779.59812261793,5427.26394279893
"209","m_pr[19]",-0.380168517742131,-0.40018508,0.884859398381957,0.818753277552,-1.82791356,1.124926825,1.0016063894236,11086.2469695417,4691.57170557491
"210","m_pr[20]",-0.255412191366778,-0.27841598,0.866130517640863,0.816102588903,-1.662262575,1.196428075,1.00044201504849,9642.05600285534,5795.80998826494
"211","m_pr[21]",0.645351678108655,0.6025335,0.832412265518471,0.7887557153679,-0.6849812155,2.067541105,1.00231723207231,4389.81926677688,4219.6106918567
"212","m_pr[22]",-0.4296877631642,-0.44262706,0.894058968275051,0.864765798204,-1.87136562,1.04832509,0.99999415701617,9955.26869477098,5072.62138673774
"213","m_pr[23]",-0.444207363222776,-0.475095755,0.929146580750029,0.893611345347,-1.92020239,1.19678364,1.00014270400864,7716.62804377381,5131.50746875655
"214","m_pr[24]",-0.666963496652889,-0.712377755,0.935119570486562,0.898683831444,-2.113386055,0.974160387499999,1.00030137448083,3817.63860472063,3728.9784860505
"215","m_pr[25]",0.693273432000974,0.693965565,0.708950810147821,0.625319285808,-0.4705638295,1.870867455,1.00221988782053,4667.68100775348,2397.39652070739
"216","m_pr[26]",-0.444883842059921,-0.449417615,0.847309196756847,0.785003104284,-1.83216881,0.960410992,1.0008725122761,10146.9796414916,5552.84851682316
"217","m_pr[27]",-0.695166044346472,-0.717826385,0.879060798786089,0.826446110889,-2.084973115,0.824113632999998,1.00014339042341,5809.27684372434,4370.99594823075
"218","m_pr[28]",0.218848108907879,0.20344174,0.733107449255994,0.66958130064,-0.974039126,1.444937425,1.00053160899843,6781.8658613244,3831.81371776246
"219","m_pr[29]",-0.202933656170415,-0.1912043,0.732799784564252,0.675047016735,-1.412818165,0.9707312255,1.00025284016095,9782.32642477437,4788.52719870472
"220","m_pr[30]",0.353157409659705,0.38426118,0.633414077564142,0.57164914519986,-0.716447738,1.356485955,1.00133615850431,2074.04071111176,2636.05335687328
"221","m_pr[31]",-0.751039688637999,-0.809640575,0.957425817252595,0.909369574575,-2.229529305,0.963683921499999,1.00229652358373,3684.53560081618,4673.7566343925
"222","m_pr[32]",-0.00590903805645311,-0.0038900503,0.928020762958148,0.914289641979,-1.51790135,1.51591215,1.00040251623591,12495.2614961011,5829.47706965847
"223","m_pr[33]",-0.624795803031926,-0.66023633,0.938554638188321,0.918692971392,-2.0798615,0.978114911499999,1.00037288114646,4266.00611347378,4665.58558431135
"224","m_pr[34]",1.25461663312757,1.2470792,0.775333796784913,0.752202766119,0.00238196032800007,2.536517265,1.00311709192849,1456.99908362837,2949.76429712075
"225","m_pr[35]",-0.889672402947239,-0.953010675,0.939326183051639,0.880133295615,-2.34290703,0.794572212499996,1.00229904944843,2386.19701448046,4117.38666115217
"226","m_pr[36]",-0.407351245559475,-0.415594975,0.864377431931905,0.824757740835,-1.84148407,1.010491175,1.00062423687305,10314.2890378632,4224.98351803936
"227","m_pr[37]",-0.450655914962125,-0.483154255,0.911449202412929,0.879442730187,-1.87313192,1.10925783,1.00055302670732,6390.92499234828,4710.28829223756
"228","m_pr[38]",0.17761836607014,0.179864435,1.01029162164791,1.047387121431,-1.475504085,1.832016295,1.0005265404074,8703.80210924005,6633.38920640279
"229","m_pr[39]",0.711958562236052,0.7031704,0.720595068777173,0.669841697091,-0.474091321,1.89369998,1.00115414083314,2323.41084630886,3279.39881789692
"230","m_pr[40]",-0.549511861501261,-0.58454215,0.957677250295,0.9362173285962,-2.054732965,1.069020555,1.00064683341319,5026.46187481571,4822.76292523995
"231","m_pr[41]",-0.35373666988089,-0.401248325,0.985528667449664,0.941428234677,-1.93778584,1.309363655,1.00107150750146,6536.47468080785,5837.22643025223
"232","m_pr[42]",-0.164917530377723,-0.18529659,0.878880928744453,0.805790483211,-1.58989988,1.33309309,1.00166213607422,9237.07340226219,5056.95160502516
"233","m_pr[43]",-0.0684965552456425,-0.069887367,0.83928995805125,0.7693539232512,-1.4507943,1.323073505,1.0006939817773,13580.5269412902,5503.0987259917
"234","m_pr[44]",-0.755061971197641,-0.833847465,0.938047388509169,0.851016343716,-2.170944335,0.935499111499999,1.00087852274943,3330.89344290077,3745.97052791309
"235","m_pr[45]",-0.5735844657452,-0.60560402,0.910301236857213,0.865064453148,-2.03186105,0.989647347499998,1.0007805482797,4466.11478510371,5018.92649269065
"236","m_pr[46]",-0.755821146554789,-0.80712221,0.905965986262272,0.844530561756,-2.154362925,0.826151380999999,1.00129374216543,2898.09118623598,3875.96977678178
"237","m_pr[47]",-0.321591130164075,-0.34732496,0.876379765178788,0.818379373245,-1.691323465,1.195471815,1.00080055234251,8978.94048804171,6103.93113769869
"238","m_pr[48]",-0.649311426121066,-0.682481645,0.887313053363953,0.841795579884,-2.05510044,0.875949652499999,1.0007539183922,5156.54983453878,5483.84016051339
"239","m_pr[49]",-0.676153788421496,-0.71720816,0.916010259305585,0.864136367787,-2.095765115,0.936169373999998,1.00078261872451,4812.44630964945,3819.38067187995
"240","m_pr[50]",0.472944033111893,0.47093425,0.800439617023034,0.7378374885168,-0.872905438,1.79534954,1.00119372796767,4207.77856531608,4293.81148093487
"241","m_pr[51]",0.472080952244944,0.50001647,0.624512004625426,0.568392894363,-0.6041547265,1.44024576,1.00240831678067,1209.02733818762,2234.81606154952
"242","m_pr[52]",-0.286377447622068,-0.279955395,0.889717181098756,0.848974358736,-1.752734905,1.16389854,1.00085809199396,9209.12899771765,5631.58997648954
"243","m_pr[53]",-0.0441302013631975,-0.029761903,0.769246395541948,0.717925298748,-1.337858875,1.207856955,1.00051543145473,11733.9331020316,5081.59477532453
"244","m_pr[54]",0.48100484309684,0.476673145,0.80175024491635,0.7704180238188,-0.821113815,1.78752896,1.00107322306361,4896.42404322222,4882.32008582154
"245","m_pr[55]",-0.56996121359486,-0.64304014,1.00426188377281,0.94823492073681,-2.13109439,1.247130805,1.00119256059463,2688.74292904652,5154.58182029628
"246","m_pr[56]",0.131795985675271,0.15404353,0.752812327786776,0.694221363927,-1.12465266,1.311362925,1.00093172450624,7350.38618470281,5203.95458291348
"247","m_pr[57]",-0.571276634489363,-0.59199878,0.90923406559809,0.86537192822766,-2.01361978,0.978599828999999,1.0009609240148,4785.18593222065,4976.11001090714
"248","m_pr[58]",0.418828224219953,0.43949982,0.628092718262699,0.593535358899,-0.632360826,1.41799588,1.00288595977966,1535.18365962699,2438.26870443044
"249","m_pr[59]",0.608242656916514,0.624910425,0.667550471437371,0.62068278048,-0.4921118955,1.66808886,1.00210747374107,1964.03954586876,2549.02773498032
"250","m_pr[60]",-0.299957445574135,-0.29482218,0.854973945984338,0.797347224471,-1.707316305,1.106405965,1.00045215601794,11468.9063493465,5615.4116370361
"251","m_pr[61]",0.166158119619006,0.17696115,0.832066180382782,0.779651585454,-1.2357192,1.505648075,1.00028796403871,9212.28841656079,6203.25907665589
"252","m_pr[62]",0.374146901814467,0.35258629,0.781377623970836,0.712507915413,-0.869460685,1.694979295,1.00097263244376,6095.58894685291,3370.09253421902
"253","m_pr[63]",0.729525581192975,0.72632103,0.84212925328544,0.805078071672,-0.652264868,2.09200018,1.00057350250485,6061.86030659084,4440.61133025483
"254","m_pr[64]",0.71463131161871,0.6753845,0.882529211882876,0.9051157253418,-0.673372877,2.203470975,1.00170939575753,4952.74501478634,4775.96686959377
"255","m_pr[65]",-0.335079002440996,-0.351434505,0.969039673639309,0.959289754395,-1.87987338,1.30756396,1.00019312609659,6006.59425253584,5743.55623588095
"256","m_pr[66]",-0.39361218266583,-0.402733955,0.890803226114748,0.83530314105,-1.82842038,1.09779105,1.00066190444486,11152.3416898152,5245.5792323175
"257","m_pr[67]",0.231360896000514,0.237031455,0.680416931613761,0.607485683448,-0.8728061085,1.34875597,1.0010502257967,5185.02564486719,2108.4794840314
"258","m_pr[68]",0.51046336357895,0.51798175,0.815728043520792,0.78150812526927,-0.830989538,1.8279809,1.0009804133315,3944.5479047649,4629.61566845922
"259","m_pr[69]",0.610366144934909,0.594035505,0.727579281152694,0.672975350103,-0.5377970355,1.820833435,1.00239157356681,2442.06431885017,2375.32308232792
"260","m_pr[70]",0.724870908947849,0.701053515,0.784317686025527,0.726608301321,-0.5165485925,2.06321793,1.00165298862057,4500.50759675046,3124.71292376853
"261","m_pr[71]",0.620730971109286,0.64209024,0.671830820583066,0.622522820514,-0.5320011145,1.68032366,1.00178837571222,1808.30458858879,2683.03027529032
"262","m_pr[72]",0.071086170061785,0.087777857,0.800497192645503,0.7447083610008,-1.277221785,1.372095395,1.0009232992915,11013.0789561591,5590.0522499881
"263","m_pr[73]",-0.16300363719772,-0.146765925,0.815263880812011,0.737320597818,-1.524187565,1.14990927,1.0001282265738,12286.0425724106,5561.553756472
"264","m_pr[74]",-0.207921109903078,-0.228136145,0.850210852846813,0.783263932941,-1.557020285,1.263936715,1.00101061614601,11262.4060523954,4850.73974273792
"265","m_pr[75]",0.808427835462378,0.824022365,0.843919533263806,0.821453640714,-0.5877191855,2.164583985,1.00193377568767,4723.86188323798,3925.86553577661
"266","m_pr[76]",-0.231325715986694,-0.238637775,0.915850603968958,0.904368905622,-1.73168458,1.300541925,1.00029409942861,7879.89299078002,6382.94853150866
"267","m_pr[77]",0.663335330496883,0.64167791,0.987050596276455,1.0345820290281,-0.929585027,2.28789004,1.00105788474553,2702.72184237744,5030.53882320475
"268","m_pr[78]",0.283215723829058,0.0896551295,1.1706425833631,1.185683886345,-1.47471758,2.32042016,1.00260190146258,2020.69709406664,6421.10305513113
"269","m_pr[79]",-0.639415616862477,-0.680032885,0.923342006259946,0.8850909439638,-2.083945515,0.916333584999999,1.00052572437035,4085.71616781035,4969.93099139151
"270","m_pr[80]",-0.28871174134931,-0.286627505,0.875054344032448,0.859734491322,-1.746775625,1.16037036,1.00097890973466,11183.6758164911,5654.56618250948
"271","m_pr[81]",-0.712825101016903,-0.741873255,0.895646139842745,0.829012832487,-2.103070995,0.8271115435,1.00078195236132,3922.28490385276,3675.46187913829
"272","m_pr[82]",0.0365102224150413,0.043613709,0.820250337479648,0.754528105611,-1.32881045,1.386974255,1.00112374651128,11342.7158117304,6241.53393569067
"273","m_pr[83]",0.449279486563348,0.4869618,0.863131659989411,0.83379904335,-1.00272726,1.813466935,1.00026402485242,8144.58614338603,6108.44954403171
"274","m_pr[84]",0.175716921580401,0.179775255,0.668140276029053,0.599805793209,-0.9134408145,1.27708351,1.0003550983596,4858.04093560723,3173.90265099846
"275","m_pr[85]",0.132999023632164,0.14453002,0.66037256718299,0.581707984116,-0.9513298305,1.209050535,1.00077558612329,3200.0035274278,2848.84748901935
"276","m_pr[86]",-0.366106902358379,-0.405885955,0.911212545185632,0.830158326312,-1.82300103,1.21603081,1.00147010721026,9351.92252301672,5410.96008599867
"277","m_pr[87]",-0.251412791469333,-0.245553935,0.843131429894452,0.790559725998,-1.678659475,1.092824985,1.00033170608857,12278.3893800533,5518.31119810705
"278","m_pr[88]",0.136164960594251,0.1641319,0.775280483047517,0.724246704846,-1.17897293,1.37354028,1.00132351427223,7671.74047416243,5087.47181126403
"279","m_pr[89]",-0.450548484707155,-0.460440685,0.872573372999371,0.8242307247195,-1.870832445,0.975035316,1.00064484611858,10145.7535790704,4644.69185807759
"280","m_pr[90]",0.0461181083123484,0.046531749,0.899615748377885,0.871007759181,-1.426334755,1.549148785,1.00142641913746,10945.2547212879,6305.35325575132
"281","m_pr[91]",-0.705522155452416,-0.70971708,0.854204342325787,0.803282339139,-2.10544182,0.7484457645,1.00166093865693,4602.1210235839,3153.57991941042
"282","m_pr[92]",-0.672279925825421,-0.71897898,0.943477624003937,0.906096193926,-2.16182151,0.963959047499999,1.00055699994281,4695.20582638456,4080.37906393735
"283","m_pr[93]",-0.475594006306949,-0.501742755,0.880217100102913,0.8510533857357,-1.8935432,1.040245835,1.00032039247187,5549.36666551965,5293.40985183099
"284","m_pr[94]",0.469500764377725,0.4711819,0.754729550601465,0.7189392896595,-0.749341239,1.713273155,1.0004279627553,3965.776185216,3620.00107341812
"285","m_pr[95]",1.59077284972583,1.57278625,0.732213681118293,0.69371928885,0.4257681055,2.801898155,1.00377099805456,1080.51246026989,2415.73985795286
"286","m_pr[96]",-0.0555691563457191,-0.033400765,0.933811798011235,0.922291093332,-1.63470109,1.448441385,1.00063087905197,12504.3737404227,6658.49060513702
"287","m_pr[97]",0.204580799525551,0.214590195,0.778647245541819,0.724723546071,-1.102361945,1.473958965,1.00035673395214,11799.7448570554,5168.03220887319
"288","m_pr[98]",1.87209525787885,1.8546461,0.732488769432627,0.6849345132,0.7117267615,3.106048755,1.00243875374391,1190.16381160558,2141.0400490964
"289","m_pr[99]",-0.574501505100824,-0.60021108,0.928090430603043,0.8969858104053,-2.046732875,1.00172423,1.0009934261091,4437.4189541874,4365.29796777619
"290","m_pr[100]",0.215546475869893,0.236858605,0.779567545161147,0.72333629949,-1.110356665,1.440808665,1.000407800292,10324.6358796952,5063.94007201231
"291","m_pr[101]",0.396063183223783,0.42382689,0.803604870826775,0.7647907791951,-0.9647495205,1.68044779,1.00020521525107,6481.17485427724,5518.2912009821
"292","m_pr[102]",-0.347743327097461,-0.39751258,0.969384040551005,0.971730377016,-1.872693995,1.31319977,1.00076917245858,6044.28688381915,6280.34646637317
"293","m_pr[103]",1.37899549209767,1.3970395,0.765089110389526,0.732146583273,0.132331708,2.60262339,1.00401483853519,1111.20931313524,2335.43170218175
"294","m_pr[104]",-0.105634051755549,-0.10749545,0.944374171618261,0.932960646471,-1.660998785,1.450639695,1.00025963144265,12137.0139983663,5912.00641740862
"295","m_pr[105]",0.289311773836489,0.30740925,0.72577525520595,0.662560811577,-0.9337420645,1.440134695,1.00098942215424,4516.62905910509,3297.37225132285
"296","m_pr[106]",-0.809474033201721,-0.86317748,0.939371161874004,0.884573208183,-2.24920831,0.841916916999999,1.00131133206129,2403.62891306938,3547.96631115506
"297","m_pr[107]",-0.0695302469569144,-0.0564157415,0.662177657326414,0.6066268747959,-1.173070025,0.971412905,1.00215752978557,4614.18133782142,3484.40517746481
"298","m_pr[108]",0.542990427283751,0.57304891,0.638712069424232,0.588466957365,-0.5553756525,1.51669586,1.00201146117269,1743.18738303604,2534.2683739548
"299","m_pr[109]",1.29457935027398,1.33135155,0.81860655813416,0.77362320042,-0.109142095,2.56386172,1.00063767370094,2627.18651396123,3292.00930505715
"300","m_pr[110]",-0.128111913098792,-0.09884283,0.742317425725362,0.68903056635,-1.37092915,1.047514705,1.00057250521298,9566.37542782504,5321.17608576989
"301","m_pr[111]",-0.157879763046255,-0.21250083,1.0033649362287,0.972984471291,-1.745501995,1.60715704,1.00087582396111,7147.00513351204,6285.946641538
"302","m_pr[112]",0.15227373034099,0.167406085,0.884754444715991,0.844131149316,-1.33871635,1.572843935,0.999947466814044,13021.3801410106,6084.75007942623
"303","m_pr[113]",0.908230047360977,0.91739581,0.814178697702906,0.778828987083,-0.4364634255,2.211565445,1.00133533760711,2034.24345894243,3447.49119656209
"304","m_pr[114]",-0.0297351363305352,-0.0304962115,0.888454733912253,0.8637637629789,-1.493421935,1.434984125,1.0006116981951,11272.8469406096,6496.14602621539
"305","m_pr[115]",-0.244283931071687,-0.259953155,0.866414584871153,0.837966757971,-1.62867354,1.229872225,1.00045130158289,9480.47310306707,5078.22522356667
"306","m_pr[116]",-0.0772331175183475,-0.0550700785,0.777768935541436,0.7244911314711,-1.40483405,1.162063505,1.00071532028675,12523.7153616753,5490.9962802132
"307","m_pr[117]",-0.154051041697724,-0.147254285,0.80028775228956,0.728408118417,-1.474960345,1.125159295,1.00070657339371,11447.0678702087,4909.15508237041
"308","m_pr[118]",-0.521698021426973,-0.526120625,0.890277837772274,0.861341563005,-1.964665045,0.955070636,1.00070634331271,6185.13416017266,4545.80292059485
"309","m_pr[119]",-0.295415251448833,-0.28514173,0.861356332018147,0.839429617152,-1.704720645,1.08629418,1.00079197178534,8870.22169750534,5725.25494312952
"310","m_pr[120]",0.363515220417466,0.37805216,0.674969792716792,0.610300518156,-0.7765684045,1.45190326,1.00167087210058,3452.61950613056,3345.13357477503
"311","m_pr[121]",-1.04310753254465,-1.1635466,1.0303894643865,0.94575839778,-2.54822693,0.8819132335,1.00207504616744,1509.54818965553,3159.60868913112
"312","m_pr[122]",-0.540958191713418,-0.573739595,0.94826801060958,0.9072368878335,-2.04484796,1.08197452,1.00084164478563,4500.02033846289,5901.50273535505
"313","m_pr[123]",-0.526441041054919,-0.569224405,0.950158844997704,0.921120343416,-2.002646305,1.11203087,1.00085455148984,5951.41623561603,5100.18308817338
"314","m_pr[124]",0.509074322242352,0.515992735,0.702254021695729,0.653077760979,-0.6733065625,1.65724888,1.00089454829093,3805.44824883424,2926.4655704538
"315","m_pr[125]",0.218433443832024,0.21474867,0.81637697768712,0.75553273761,-1.12895636,1.57472697,1.00096215178753,11057.1340544871,4979.47738319089
"316","m_pr[126]",-0.695704590840358,-0.715415755,0.901039613209543,0.858280446198,-2.140431765,0.824322483,1.00096995251752,4633.44284520282,4184.7559174321
"317","m_pr[127]",0.783413395697097,0.78307699,0.820053554381414,0.788486035617,-0.5455082765,2.134609135,1.00109442699244,3365.46720750811,3248.09556586699
"318","m_pr[128]",-0.641498698241105,-0.64500154,0.884873121474416,0.8537294905965,-2.081871775,0.856579265999999,1.00038535547951,6134.94011373284,4190.02803199367
"319","m_pr[129]",-0.0722581135679275,-0.076140847,0.919366518317964,0.886129419273,-1.5943709,1.43001741,1.00030683356728,9769.5258103775,5532.50759110239
"320","m_pr[130]",-0.239428436622189,-0.28355342,0.957696721445235,0.923451902415,-1.75552561,1.43138198,1.00001711444625,8177.94217226988,5973.05490618809
"321","m_pr[131]",-0.408653484617555,-0.43123859,0.832411211930904,0.7585244598414,-1.718792925,1.04678378,1.00067500003436,9288.13041564686,3931.7602127632
"322","m_pr[132]",0.346705916692256,0.3641632,0.732714073510018,0.690188788296,-0.8946766925,1.51379839,1.00095771941355,3558.11401674362,4934.9513233794
"323","m_pr[133]",0.136935835944307,0.15121084,0.888861465130957,0.85295149254,-1.333475415,1.580350835,1.00092753851382,10916.3463275426,5409.52407912815
"324","m_pr[134]",-0.534492582523417,-0.55297846,0.861983237129459,0.816209239734,-1.93132838,0.923827125,1.00141120992714,7698.44260796132,4973.2699944741
"325","m_pr[135]",-0.208678546681958,-0.19560627,0.894004966154979,0.887568764418,-1.66883835,1.231253005,1.00074797800947,11222.9773417265,6490.42681570356
"326","m_pr[136]",0.222393987326589,0.239185425,0.67694562262209,0.606520896324,-0.9453498335,1.32167246,1.00124003595491,2512.78590653365,2638.79924954064
"327","m_pr[137]",0.268594945272226,0.262939345,0.815486615384993,0.751649356017,-1.0644037,1.65482499,1.00034037875633,8418.42553881823,5149.37614168828
"328","m_pr[138]",-0.798421397938041,-0.8497689,0.93695083797684,0.88647700743,-2.22388506,0.873418353499999,1.00050472177651,2814.46677685233,3927.80429981504
"329","m_pr[139]",-0.575201193539826,-0.612199935,0.950924843407412,0.945451225299,-2.069796945,1.064648535,1.00137143753586,4169.42887398576,4244.95225261169
"330","m_pr[140]",-0.694194824464358,-0.747636335,0.955996901370816,0.891879253419,-2.184468585,1.00018966,1.0003947076439,4052.84236784612,4604.98180459985
"331","m_pr[141]",0.574425743691314,0.5757773,0.721397008999439,0.666077405343,-0.5876700915,1.750135725,1.00114578207695,5508.2163064378,4537.87354387271
"332","m_pr[142]",0.0361027520032525,-0.038235606,0.94822025613221,0.856761277869,-1.389751145,1.802216305,1.00080543926451,5304.30778565602,6317.77033612019
"333","m_pr[143]",0.711015852978225,0.720247015,0.743392201486858,0.682871304801,-0.498571224,1.92448993,1.00063936874311,3046.55184990707,2963.57460731529
"334","m_pr[144]",0.520927513926412,0.51411199,0.836921325528986,0.7909647441486,-0.824155894,1.92788492,1.00080043777866,6220.13683577917,5227.01081542835
"335","m_pr[145]",-0.608265498145574,-0.62588646,0.913076098485717,0.8535031524327,-2.07756507,0.918686199499999,1.00080071910986,4539.81636833336,4287.4011451029
"336","m_pr[146]",0.67757639284928,0.676836275,0.735532846363537,0.671879152728,-0.5465348305,1.88899325,1.00127169622622,2318.60922869397,3102.51833212067
"337","m_pr[147]",0.101536734949279,0.110282055,0.864957267025197,0.841173896052,-1.296734895,1.555718235,1.000461500631,11096.1535461735,5925.30441739681
"338","m_pr[148]",0.144926402470299,0.177658735,0.692413632499777,0.639002564445,-1.05358445,1.220347245,1.00086256973777,4969.74088369168,4481.26608956071
"339","m_pr[149]",1.15985576639739,1.1622561,0.73262423144947,0.689302319517,-0.0282632758499999,2.329986865,1.00144977922714,1963.48399316063,2454.72824765021
"340","m_pr[150]",-0.132181870578146,-0.15926749,0.91405947950516,0.849449776665,-1.585200305,1.426663285,1.00111626121359,10198.4258235091,5264.31422474821
"341","m_pr[151]",0.042314530504583,0.0274789725,0.767728806593632,0.720018033126,-1.179396625,1.347245925,1.00196872627923,7718.44152124557,5466.26091703018
"342","m_pr[152]",0.783631643355411,0.75873546,0.898563872460342,0.871955118342,-0.679512211,2.265327895,1.0019525611776,4814.38729646512,3024.93828575328
"343","m_pr[153]",0.235362104590858,0.265088335,0.677184312954965,0.617347086153,-0.897398835,1.319134,1.00259599757596,2218.99919256472,3160.263640982
"344","m_pr[154]",-0.177712399245708,-0.171667495,0.850685877810037,0.794572382898,-1.58195247,1.25087679,1.0005329222325,12454.4796264297,6086.22303364464
"345","m_pr[155]",-0.48303729520876,-0.510378,0.894294263043365,0.8338173008277,-1.94132277,1.028806355,1.0001869434547,7677.27799493598,5184.76765284111
"346","m_pr[156]",-0.314402637674623,-0.33214104,0.942947383302373,0.932121650544,-1.830536425,1.269098165,1.00203546856982,13972.8757863659,5843.34900207194
"347","m_pr[157]",0.510222115027435,0.53039527,0.719887192971033,0.659124433884,-0.7083234125,1.661231465,1.0006082838524,6172.63211038414,3812.14638259817
"348","m_pr[158]",-0.099742743676065,-0.11544477,0.916654691930113,0.88093957056,-1.59941746,1.43510617,1.00074917317244,9258.11535206345,6086.6503220776
"349","m_pr[159]",0.903847494656508,0.90391134,0.701526550516853,0.660787140132,-0.242791725,2.053661835,1.0038936557463,971.682552934503,2570.02105946723
"350","m_pr[160]",0.256243692320341,0.267286485,0.699712834193454,0.629305626558,-0.924464659,1.385808465,1.00088743527417,5112.55573822052,4679.78547961135
"351","m_pr[161]",-0.0971636278778213,-0.0547936715,0.735850423523578,0.6833947567461,-1.352925655,1.03142685,1.00049141793765,6541.90979303258,4385.73696839199
"352","m_pr[162]",-0.0749726087412132,-0.0854580685,0.749793486314391,0.6591221336301,-1.289278275,1.18251538,1.00122187595295,9987.46489031901,4689.80273449468
"353","m_pr[163]",-0.511781382909748,-0.504545475,0.824458173289597,0.785443117725,-1.88596522,0.826080875499999,1.00027982620771,10883.4875635216,3657.71824806939
"354","m_pr[164]",-0.211617559209602,-0.235944855,0.87579543194129,0.826673089536,-1.592415825,1.29050014,1.00013732310135,9217.83397206031,5116.99206037404
"355","m_pr[165]",-0.297865346196176,-0.304381395,0.84386284858101,0.802035717168,-1.70916697,1.10025791,1.00066331234411,10293.4042735949,4987.8912644292
"356","m_pr[166]",-0.59226740809238,-0.63174595,0.94489835877737,0.8791950373941,-2.082540825,1.067372815,1.00105439291956,4138.69595419635,4172.93356370923
"357","m_pr[167]",-0.322574645146116,-0.344569015,0.87988801429933,0.852092807685,-1.75277595,1.16174107,1.00113082333294,12037.5682816354,5104.43636075772
"358","m_pr[168]",-0.615799041098383,-0.66943699,0.89879441594664,0.799472146095,-1.99971995,1.00326758,1.0006075668654,4757.78631010318,4011.864476077
"359","m_pr[169]",0.357727325697504,0.34456693,0.761706829001909,0.710388812994,-0.8801441095,1.63183416,1.00155840975062,5144.36964680589,3439.60565296725
"360","m_pr[170]",-0.217349908129999,-0.249955745,1.03129535285976,1.0139827572,-1.85618456,1.5354913,1.00260712560398,5055.66056862435,5641.56773555762
"361","m_pr[171]",1.39518937378408,1.40829435,0.790473750886219,0.742680070797,0.0749551194,2.655686585,1.00210529391921,1778.40385105073,2208.45764523837
"362","m_pr[172]",-0.382024222239876,-0.38333746,0.873256594545026,0.823682714988,-1.80847389,1.083287055,1.00127096122997,8225.89101636893,4356.51265905667
"363","m_pr[173]",-1.00381202020975,-1.09396825,0.963685467921226,0.909830885565,-2.429237465,0.742732630499999,1.00070059793005,1644.61777645394,3672.45124718863
"364","m_pr[174]",0.489936580126191,0.50730408,0.681954825748886,0.6315069769533,-0.655672626,1.59042645,1.00143320700215,2438.20222768407,2675.7168225992
"365","m_pr[175]",-0.582625439011975,-0.635260085,0.96227463376247,0.933207914499,-2.084740095,1.08575118,1.00042359969432,4798.65976382443,5572.87574327617
"366","m_pr[176]",-0.236523725250994,-0.210074775,0.703453500351184,0.648435036144,-1.445727975,0.865372451499999,1.00218132638605,10225.8163954257,5323.99396043455
"367","m_pr[177]",0.0802122746417438,0.10211174,0.803258364878949,0.760511560452,-1.30232215,1.371485945,1.00070241689431,9227.35140893688,5134.61344683829
"368","m_pr[178]",-0.166762257398111,-0.16147569,0.782168474918892,0.728488675488,-1.476207295,1.10449386,1.00034965466134,11338.4949918702,5663.36356957244
"369","m_pr[179]",0.703039190124609,0.7327146,0.649834995669666,0.610359199464,-0.4265349225,1.69662448,1.00240011383525,1543.96123366647,2960.60603176583
"370","m_pr[180]",-0.662099037376569,-0.705373585,0.98054309533973,0.955238683329,-2.18910956,1.02958229,1.00075718631499,3217.01130099107,5568.73621147547
"371","m_pr[181]",-0.0705075419642366,-0.0692510565,0.859228035626637,0.807726402987,-1.4718439,1.332594625,1.00084987809639,11748.6535151425,6151.41428511515
"372","bias_pr[1]",-1.4039114391886,-1.38476205,0.648540637187988,0.628823840862,-2.489822055,-0.368312724000001,0.999706933644285,10666.4280889143,5227.79998846386
"373","bias_pr[2]",0.0835942615181931,0.0863548185,0.459216358526329,0.45179981448,-0.686249693,0.8210860315,1.00108032792272,8437.78350055012,5878.30870317841
"374","bias_pr[3]",-0.00356286817001273,0.0217898895,0.292185644040869,0.2651327805273,-0.515678673,0.420796009,1.00196153112224,7022.01749624405,5454.62294289953
"375","bias_pr[4]",-3.08707798753375,-3.0675741,0.632316152893726,0.64087408749,-4.156583485,-2.074049295,1.00016069277884,8559.9099582009,5757.39020539276
"376","bias_pr[5]",-1.64292254613115,-1.61822315,0.587924196705696,0.59763635652,-2.647434655,-0.720123230000001,0.99982083024465,8344.57247167265,5926.87347629047
"377","bias_pr[6]",-1.55857472813775,-1.55123115,0.558989422934833,0.55492057488,-2.499866105,-0.670737112000001,1.00034350025956,9648.13838349587,5809.34823998946
"378","bias_pr[7]",0.944128411296456,1.0538315,0.749975148340393,0.741999208986,-0.4628086895,1.965352975,1.00125207916585,7210.29387737756,6658.39877339194
"379","bias_pr[8]",-0.772150825842681,-0.74628447,0.584604357344905,0.569949268539,-1.77555579,0.149893032,1.00035243784666,10347.2997888,6295.2119994443
"380","bias_pr[9]",0.945630032158531,1.01453685,0.496866855492028,0.44244067959,0.02152155755,1.621649805,1.00010641070414,6986.12920973162,5239.25056535438
"381","bias_pr[10]",0.940001672517671,1.0704118,0.726179737712582,0.699412361655,-0.4349810995,1.911444535,1.00013971556604,6899.96026454624,6331.61982768724
"382","bias_pr[11]",1.04873182907572,1.12983515,0.490017030371979,0.408459065049,0.0952052921,1.6835769,1.00120311406842,6024.2053760305,4710.80592217628
"383","bias_pr[12]",1.61281855385625,1.6081109,0.266574463954504,0.26338641042,1.1847807,2.06526996,1.00098704024473,4003.7241387761,5521.09660096177
"384","bias_pr[13]",1.17573349220299,1.25038515,0.516478748046833,0.446204296755,0.1960556215,1.872006125,1.00045621099106,6663.37993094576,4443.09818467627
"385","bias_pr[14]",0.582660444926055,0.65559253,0.579900408020946,0.552206245626,-0.4692799635,1.390697785,0.999865786108643,8015.28643122858,6068.0741478954
"386","bias_pr[15]",2.0652205285375,2.0501836,0.310582587496456,0.3058203498,1.5735287,2.59428234,1.00119134832546,2255.35872166718,4264.56138095137
"387","bias_pr[16]",1.64026104644844,1.67803,0.408419520584379,0.36028455036,0.922402002,2.229262135,0.999931700515634,5061.1236730691,5067.71556965137
"388","bias_pr[17]",0.0609946756039278,0.062934834,0.233306515520598,0.2263689863127,-0.32238587,0.432478996,1.00029714654808,6871.7645681373,5784.14284291922
"389","bias_pr[18]",0.24531421734057,0.25150808,0.241519156352297,0.2325008041944,-0.149629512,0.624821103,0.999978407453007,5729.57528860602,5011.97922667194
"390","bias_pr[19]",0.197829438541295,0.28888309,0.531691425613104,0.4928435228052,-0.821547024,0.8929848375,1.00022267845612,7948.66155237507,6062.06043539095
"391","bias_pr[20]",-0.195493429949991,-0.16437619,0.30580781792296,0.2718813014463,-0.7343922555,0.247366139,1.00014429555377,6514.42751373134,5053.54313967991
"392","bias_pr[21]",-1.11035900483307,-1.0799704,0.631836331979133,0.62285753229,-2.193974375,-0.113803395000002,1.00150561643469,6341.01214545093,5717.30966493705
"393","bias_pr[22]",0.0962167509541709,0.1454353,0.354867875325526,0.308066436909,-0.5468055235,0.576620064,1.00052714025059,6768.42570979621,4653.84135951776
"394","bias_pr[23]",-0.198483518304207,-0.189126715,0.249257676940377,0.2395311354975,-0.619399411,0.193801419999999,1.00076083465208,6336.94222537733,5930.55786181171
"395","bias_pr[24]",0.0754883340405865,0.0956374995,0.26575682619266,0.2448955299672,-0.3730130805,0.4722633755,1.00072965777611,5904.26441083369,4870.61645699583
"396","bias_pr[25]",-0.228490631975418,-0.215405135,0.716359594929883,0.717831450168,-1.432488135,0.932098825499999,1.00019308887244,9974.51501296626,5704.64350682315
"397","bias_pr[26]",0.177240660766695,0.17562952,0.220706322117298,0.215770450455,-0.187686709,0.5389598125,1.00169962250733,3660.23839878312,4033.2066566819
"398","bias_pr[27]",-0.254516362315321,-0.224254815,0.305851674673026,0.2783382920556,-0.7969002515,0.186483229,0.999717498799248,7395.51805534904,5138.29833986177
"399","bias_pr[28]",-0.0242298417901883,0.017878008,0.416240597726274,0.395811048927,-0.7707271595,0.579735886999999,1.0001837297192,7062.05322383964,5500.12093430807
"400","bias_pr[29]",-0.23962110963686,-0.203427055,0.713182484069914,0.740171407815,-1.454780625,0.856894127,1.00019216165685,10297.4128932112,6318.72652400244
"401","bias_pr[30]",-0.229752610743223,-0.18499139,0.657159844085545,0.653942109366,-1.37508324,0.7686762855,1.00060810832943,7336.60466380024,5773.05384635735
"402","bias_pr[31]",-0.505046916668629,-0.503145505,0.220108741021354,0.21526484679,-0.8739606785,-0.1399771065,1.00011478218656,5383.38242125312,5570.96542289164
"403","bias_pr[32]",1.18710821977875,1.18485835,0.267280638810979,0.26479614063,0.754855951,1.62334014,1.00047732529018,4638.42260945439,4799.22340997594
"404","bias_pr[33]",0.174881398788413,0.19642326,0.278537109128239,0.2499454938876,-0.307676839,0.585680146,1.00087748190483,6785.11460049662,4442.6079629566
"405","bias_pr[34]",1.28594281832848,1.2849725,1.0747987167408,1.084342097685,-0.488603914,3.07725143,1.00041643293564,6848.6337787277,5275.91792930283
"406","bias_pr[35]",0.317954304485746,0.33121779,0.253617417392645,0.240678338019,-0.104405496,0.709291464,1.00046530694671,6857.66145455728,4604.19572234829
"407","bias_pr[36]",-0.0658981130976836,0.024039691,0.510824660099539,0.4566432818724,-1.01099627,0.594505039,1.00009016734156,7762.38520129302,5588.16677993397
"408","bias_pr[37]",0.440410043797796,0.51959043,0.456040832260479,0.372397110666,-0.445891801,1.032371465,1.00016299139447,5770.6781419851,4083.79127485902
"409","bias_pr[38]",0.257840272863049,0.34053189,0.475395692218101,0.4039760177166,-0.665746891,0.8708675765,1.00025886667116,6476.54770076471,4306.43118589061
"410","bias_pr[39]",-0.848471307558737,-0.808238435,0.513517447946685,0.508421175801,-1.75720363,-0.0809277609500004,1.00007717090608,7833.20700032147,6179.90493262911
"411","bias_pr[40]",-0.190698725386437,-0.170151315,0.26788869528789,0.25460658331815,-0.6565342925,0.2131309035,0.999920625898864,5936.92056391962,5519.46307190866
"412","bias_pr[41]",0.9227104373709,0.96564492,0.346481860098443,0.290872228038,0.2957319695,1.405429465,1.00047386706527,5782.34034389558,4696.65911689673
"413","bias_pr[42]",-0.0860856734814644,-0.0280461015,0.472176239138652,0.444481233861,-0.968364149,0.587014319,1.00091361130386,6534.39379265731,5045.45443106025
"414","bias_pr[43]",-0.0409378440922375,0.00548965595,0.435743066815733,0.408810026121,-0.8250539175,0.576461116,1.00013411806913,7798.01633266968,5556.7493194529
"415","bias_pr[44]",-0.0246306781873862,0.061367615,0.471241281548992,0.39453957858,-0.9482886605,0.5797692945,1.00135546790154,6175.57962622547,5128.50109934055
"416","bias_pr[45]",0.531581568512941,0.574138765,0.354575165407654,0.302853600483,-0.1076859685,1.021055805,1.00168446774896,6184.526316214,4361.21528702619
"417","bias_pr[46]",0.559740275765689,0.58952563,0.317132049147977,0.268034346594,0.0234230247,1.006632925,1.00034189846124,5861.54426886165,3681.80254543851
"418","bias_pr[47]",0.381788312931391,0.492646655,0.702419113968649,0.6718648641705,-0.9285224765,1.323611205,1.00066425900605,7323.12401375495,5605.99619494832
"419","bias_pr[48]",0.449365830123557,0.539011055,0.475769139745013,0.399571797261,-0.4800313595,1.063821715,1.00067094335612,5396.11404731074,4066.89087274892
"420","bias_pr[49]",0.240409660634587,0.30876761,0.418535740933527,0.3497504356962,-0.5396683705,0.775846932,1.00026594903088,4852.96043736744,4077.7464916555
"421","bias_pr[50]",0.1206370830786,0.16581329,0.47272636862732,0.450894494442,-0.7278406045,0.8175568915,1.00050459080191,7356.31451434952,5928.94092029895
"422","bias_pr[51]",-0.521841091657804,-0.51095758,0.338422134935518,0.332868837483,-1.09024019,0.0132175488499999,0.999896094927032,5591.5561762125,5646.19460496655
"423","bias_pr[52]",-0.577623594837505,-0.537063215,0.364418988267155,0.337960723401,-1.23131039,-0.0588189679500002,1.00027175904168,6780.77457992931,5720.0391406223
"424","bias_pr[53]",-0.671644275748724,-0.62042471,0.589121530674149,0.599161314402,-1.726032715,0.193218726,1.00007751023983,8554.79922485389,5834.36841736772
"425","bias_pr[54]",-0.109902038257078,-0.0855677835,0.328542075959522,0.321117527493,-0.682776365,0.393101963,1.00045762806919,6987.34821948207,5883.13831663809
"426","bias_pr[55]",0.362026843840164,0.41735561,0.381408377093221,0.326704505442,-0.344777165,0.863901691,1.00073468137477,5466.46861636337,4354.37555871377
"427","bias_pr[56]",-0.179741989453056,-0.12902473,0.647907349424554,0.644977042143,-1.32075342,0.798175714,1.00011792094834,8756.07994220493,5909.43948046261
"428","bias_pr[57]",-0.378862874300768,-0.30081224,0.451159179199942,0.3914210399337,-1.251907065,0.210690217,1.00047382928816,6786.27501473528,5648.42711577505
"429","bias_pr[58]",0.554337207868222,0.581327445,0.472428401341941,0.458148240963,-0.2648264775,1.283717365,1.00118561961618,4844.69415313984,5552.94372150665
"430","bias_pr[59]",-1.26063621953103,-1.24234325,0.506410433545963,0.501537130416,-2.13474236,-0.466887544,1.00030914399307,10000.6233271846,6119.15101412176
"431","bias_pr[60]",1.09376361903374,1.02530065,0.523693800850414,0.500297773185,0.3658758625,2.069491355,1.00039333916642,4117.40563301802,5892.17937864117
"432","bias_pr[61]",-1.78087651171,-1.76501405,0.317791640439074,0.31331029674,-2.326819405,-1.281579865,0.999836819652694,5746.17058064189,5944.5770048243
"433","bias_pr[62]",-0.425976793293706,-0.42118365,0.233584991934196,0.233625098322,-0.814802885,-0.0463562737500013,0.999867339955503,4505.297798131,4836.17311161562
"434","bias_pr[63]",0.0810612978504755,0.114655025,0.55357269184342,0.541175657148,-0.88777499,0.934744777,1.00114549144061,4631.02351426412,5542.31963480084
"435","bias_pr[64]",-0.7004789818845,-0.661369815,0.567346387496694,0.551303231031,-1.704648205,0.161618308999999,1.00041536864423,7058.59984264413,6311.51587624954
"436","bias_pr[65]",1.36671516433019,1.40459675,0.365766253599241,0.30968563626,0.699169967,1.88602939,1.00061852104039,5869.00503033851,4935.00212887504
"437","bias_pr[66]",0.0381515862148462,0.0504674345,0.257135957344853,0.2502512126793,-0.3967285365,0.445049221,1.00053911139004,6769.63939116118,6243.68859859645
"438","bias_pr[67]",-0.232507459395929,-0.20604765,0.444194197768594,0.4252551098292,-1.00517112,0.445904742,1.00076854977453,7721.2800587581,5427.66365783112
"439","bias_pr[68]",1.49022109857783,1.5757757,0.808837761621755,0.8098539414,0.0412320313000001,2.64672098,1.00036056423758,6076.77594230262,6261.38765221288
"440","bias_pr[69]",-1.24637169255372,-1.2043182,0.593927718410883,0.59543528856,-2.276484445,-0.3303049205,1.00007738952884,9728.7381387589,5924.2375425759
"441","bias_pr[70]",-0.510018704921226,-0.47423293,0.764489820560173,0.7706971922097,-1.842511205,0.691071031,1.00063452894361,9123.78072057643,6089.2906138932
"442","bias_pr[71]",-1.38541923084476,-1.360013,0.590080633814243,0.58918568478,-2.41071565,-0.468164525,1.00038331518448,8931.51892087354,5808.74347566642
"443","bias_pr[72]",0.368459339385003,0.444688655,0.753178563879798,0.7647274365927,-0.9726763885,1.459514795,1.00091828632095,8339.32504709818,5822.40725689142
"444","bias_pr[73]",-0.486294441259837,-0.45690917,0.365706356173605,0.355339130496,-1.12881515,0.0580847939999991,0.999818377522177,6925.327747964,5657.58311910746
"445","bias_pr[74]",0.777955438975374,0.84215825,0.533210212187617,0.501239565183,-0.1842226575,1.517269095,1.000507012482,8909.42123739948,5956.326956509
"446","bias_pr[75]",-0.32072626265526,-0.27834911,0.576898084618587,0.589334619363,-1.32264185,0.553902225,1.00039306405326,5446.03492532763,5710.3521376105
"447","bias_pr[76]",1.24752720111809,1.36501655,0.590158593249226,0.48485927406,0.0760741375000001,1.99420697,1.00104928628381,5716.80616519542,5717.67123913685
"448","bias_pr[77]",-1.13103423854886,-1.1240077,0.667255574938484,0.671855727648,-2.234585355,-0.0417796783000005,0.999966801029685,5944.42881244509,5245.66647222071
"449","bias_pr[78]",-0.854782542319057,-0.761399285,0.867900687786409,0.89544288267,-2.437962535,0.382819813499999,1.00197317533365,3197.26551225766,3910.37502511002
"450","bias_pr[79]",0.25542391449583,0.339386505,0.455477925606696,0.3596361478521,-0.6204825265,0.8273488795,1.00168682348746,5195.83938823837,3653.9661967287
"451","bias_pr[80]",-0.297334673714134,-0.233611705,0.428515971299989,0.3847480997388,-1.078261615,0.2817704085,1.00053075286934,7271.75578321952,5373.66353724902
"452","bias_pr[81]",-1.5746493578175,-1.52363165,0.411964432565751,0.38260813269,-2.34359757,-0.9909818225,1.00022199703591,6678.36485421874,5659.58014727973
"453","bias_pr[82]",1.08414434045647,1.18135525,0.728187043603208,0.7052920938,-0.2567404815,2.11025772,1.00045129561176,6234.9418908579,5646.25131723018
"454","bias_pr[83]",-1.41993864481,-1.39533175,0.392428746352362,0.38847559632,-2.096159785,-0.8142862525,1.0002636244561,6416.41351436683,5643.68274061541
"455","bias_pr[84]",-0.190907223184682,-0.16968649,0.368828651030103,0.3575961399192,-0.8248971285,0.3776527045,1.00070091633509,6330.73681838385,4497.68732345305
"456","bias_pr[85]",-0.343284364963806,-0.324772205,0.38007411235156,0.3657266278806,-0.9953518205,0.236568866,1.00065317085745,7549.50641399137,5975.92930543958
"457","bias_pr[86]",0.33125956900209,0.367490115,0.381783027853624,0.344372360535,-0.3694457355,0.8791971045,0.999963727353316,8013.74582269653,5255.28963422712
"458","bias_pr[87]",0.23405370149715,0.32572769,0.688686096999546,0.708486496347,-1.04303559,1.18582178,1.00000628487967,9671.28324757257,6553.97773985732
"459","bias_pr[88]",0.579843574844507,0.63505789,0.786504903565066,0.8075006207982,-0.815164468,1.750324955,1.00076542101053,10307.0789951587,5831.44997199444
"460","bias_pr[89]",0.6673470062706,0.653958715,0.265262131922054,0.259840527891,0.259918418,1.12636424,1.00073647989377,2383.88973491721,3908.04137834523
"461","bias_pr[90]",0.00414616032150388,0.0626701575,0.414995650869294,0.378694120581,-0.760053607,0.5697927115,1.00002525167162,7058.98636606482,5838.13536785217
"462","bias_pr[91]",-1.24721479733625,-1.21996595,0.325889891881181,0.3087462609,-1.830124825,-0.758245383,1.0005579262278,6413.62038990785,4937.79863629051
"463","bias_pr[92]",0.0946216632960027,0.11428521,0.277334404771282,0.254592783648,-0.395653566,0.5038004515,1.00065000564821,6983.13828980347,5490.50921097905
"464","bias_pr[93]",0.0692973147668793,0.1400087,0.456265418402281,0.408454861878,-0.787429859,0.674967163,1.00015652852905,7348.39523173245,5547.40215206782
"465","bias_pr[94]",0.975543435999665,1.0567848,0.640431501428322,0.606115916721,-0.21799926,1.88109343,0.999995887652762,7472.2329431807,5601.82765401095
"466","bias_pr[95]",-0.90037001268025,-0.892988235,0.283229703003733,0.284566085307,-1.379274285,-0.44864895,0.999832925002802,4726.38096566054,5263.81249134198
"467","bias_pr[96]",0.773188941597671,0.84707717,0.45478920409359,0.391850483178,-0.0938371741999999,1.381179405,1.00071118384615,6943.18928128009,5519.07108966062
"468","bias_pr[97]",-0.656410171638173,-0.601424375,0.647527110012688,0.65829263598,-1.790404315,0.3073782395,1.00020981060579,8687.27009811748,6505.86448161389
"469","bias_pr[98]",-0.534199191010056,-0.527977825,0.273196411767593,0.270896135244,-0.998126446,-0.08937936285,1.00051585119116,4783.29627993263,5516.05584175171
"470","bias_pr[99]",1.17808549516782,1.22925335,0.388595998189306,0.31339991991,0.463033471,1.70152211,1.00003641009828,5542.17113920173,3210.91067669807
"471","bias_pr[100]",0.618468252984269,0.674697505,0.714094281489995,0.717114057093,-0.654616297,1.68241936,1.00027809152891,9340.53083859176,6076.77386751406
"472","bias_pr[101]",0.25522270640095,0.32180611,0.560689926767042,0.546234918453,-0.771151202,1.054582515,1.00024775541794,7124.27294185234,5991.46410495739
"473","bias_pr[102]",1.03325130823707,1.0746491,0.354437263654953,0.311150934318,0.4041409705,1.53659428,1.00053318432504,4984.45021129894,4874.52970804331
"474","bias_pr[103]",0.994464393399104,1.0042721,1.04271605666569,1.068728192154,-0.7002023315,2.74354488,1.00010835097953,11436.9578266374,5634.91863107064
"475","bias_pr[104]",0.516004968323454,0.506749045,0.239927705923448,0.239329209084,0.1353782135,0.922236926999999,1.00047011819035,2712.14792519595,4688.18493754916
"476","bias_pr[105]",-0.97161387283826,-0.94061062,0.568269629156674,0.556321972878,-1.96053405,-0.0904383487000004,1.00027436648899,8899.57924175398,5928.8507758212
"477","bias_pr[106]",-0.484500881680282,-0.454778555,0.310663053796408,0.277934771331,-1.015679595,-0.0423573212,1.00050946931981,6074.50536710867,4071.72531229546
"478","bias_pr[107]",-0.419373772989077,-0.403009825,0.549615377730036,0.5440969810836,-1.358255965,0.4488751205,1.00015458200336,8514.47201395903,6043.35432616695
"479","bias_pr[108]",-0.679522407857989,-0.642509255,0.591758859710716,0.592764110379,-1.70313896,0.2216321025,1.00087612061826,7615.84920234121,5588.61516591994
"480","bias_pr[109]",0.719957448161979,0.77789448,0.615626662309378,0.607317482478,-0.3776335595,1.6381839,1.00078268379661,5025.25570207758,5698.40764171807
"481","bias_pr[110]",-1.08632136330908,-1.0518084,0.522339606475767,0.53278394841,-2.005310375,-0.288683971500001,1.00034203468983,10189.094547768,6229.10019101536
"482","bias_pr[111]",1.70317872577225,1.73849515,0.383740150770121,0.3313729608,1.03191346,2.256957905,1.00121684803029,5758.90531042208,4399.10356213259
"483","bias_pr[112]",2.0796905942125,2.0716124,0.284381039471658,0.28590858702,1.625069165,2.555976505,1.0015135891205,2279.35927462007,4266.04296701139
"484","bias_pr[113]",0.275670840207924,0.2738739,0.22671952860741,0.22200267075,-0.08982068995,0.657632501,1.00051854893876,3847.54113716541,5067.70953760559
"485","bias_pr[114]",-1.28426879898001,-1.2237135,0.479079243406909,0.46033566159,-2.17175272,-0.612473359,1.00038560454985,6344.51477415977,6640.38496123645
"486","bias_pr[115]",0.0950427702283372,0.0864555435,0.237197832360737,0.2231326143249,-0.2733377605,0.493015146999999,1.00106666993109,3024.75097463938,4278.6432347129
"487","bias_pr[116]",0.119159157931679,0.183940535,0.773851517776733,0.814323654228,-1.23159862,1.2544233,1.00018799656771,10540.0660393916,5879.50557111438
"488","bias_pr[117]",-0.542634028071411,-0.490452045,0.62092718731548,0.614208555387,-1.646932435,0.366146187,0.99995337178774,8135.97101896098,6371.02033683433
"489","bias_pr[118]",0.153397131185293,0.25370506,0.539916105914057,0.4827521280687,-0.89682517,0.838393873,1.00034609080139,6908.37785524379,5356.03654585515
"490","bias_pr[119]",0.144220905270178,0.21640117,0.443194413525698,0.3878328187965,-0.6807719745,0.737545781,0.999985668510541,6890.42281918647,4462.19038082547
"491","bias_pr[120]",-0.977188955343868,-0.94443869,0.429955214215886,0.411200585187,-1.7540706,-0.331260376,0.999904444736597,6759.47547887639,5427.41679882929
"492","bias_pr[121]",0.572495255550225,0.572870405,0.221297587303683,0.217298343885,0.2101747625,0.939268389,1.00001143559652,4475.36687058659,5149.8182873142
"493","bias_pr[122]",1.12580811594652,1.1922941,0.432175938755789,0.34405912422,0.3020237985,1.69239844,1.0011088507213,6578.9729918069,3755.48925011415
"494","bias_pr[123]",1.0558945254075,1.0490615,0.244170127906247,0.239392997949,0.663882514,1.47168114,1.00182335560219,2437.19278036874,3743.53044042235
"495","bias_pr[124]",-1.43138094429587,-1.4032723,0.440103482039552,0.43593540144,-2.19556525,-0.756046337,1.00040697236915,8291.80690999194,6022.85610358481
"496","bias_pr[125]",0.923275006456118,1.0043427,0.727850867508361,0.70551507684,-0.40213746,1.989071795,1.00007083352899,7752.24816860878,6544.2099618056
"497","bias_pr[126]",0.589974138357901,0.67990648,0.472927991248369,0.378482405301,-0.3302246775,1.18905218,1.00017467145438,5653.35362474826,4976.05602798723
"498","bias_pr[127]",-2.3160641899875,-2.30433705,0.394580152472923,0.39789974322,-2.989474935,-1.69699597,0.999968518581982,6342.45613624557,5943.63426340847
"499","bias_pr[128]",-1.94934671634625,-1.9292652,0.332133347931686,0.32656985571,-2.53980266,-1.442265045,1.00041871290158,5720.9594262264,6542.61177333486
"500","bias_pr[129]",0.759452241704321,0.77932777,0.313670984195134,0.286674876243,0.2151286745,1.227455475,1.00114275455263,4956.44916538466,4756.29800170893
"501","bias_pr[130]",0.657000767273485,0.714441505,0.406388680114368,0.341038927173,-0.1040318655,1.20601105,1.00023342627355,6325.67688247207,4778.04234317823
"502","bias_pr[131]",0.567457356911814,0.660134615,0.615548709441961,0.588195063351,-0.583324414,1.407788,1.0007543044088,5728.87815329469,6048.47461417362
"503","bias_pr[132]",0.372815920482755,0.430573325,0.762128691976872,0.766592236788,-0.961814109,1.51384535,1.00103924554674,8550.29634226982,6079.88110111503
"504","bias_pr[133]",0.55094705951193,0.635259615,0.647130662850484,0.630892801749,-0.646113931,1.461768135,1.00010129504411,8668.6871053612,5886.02277174209
"505","bias_pr[134]",-0.199782170416308,-0.137449035,0.479400145870833,0.454317032064,-1.07754308,0.4569227675,1.00042423423625,8651.89479003578,5961.0878521176
"506","bias_pr[135]",-0.0964358315478108,-0.0521076315,0.361105328739385,0.3255879571581,-0.763794687,0.4165323535,1.00073415816198,7153.4693880839,6004.34038576943
"507","bias_pr[136]",-0.273930127495391,-0.26591208,0.363209269887456,0.3542286312201,-0.8920051055,0.302407538,1.00151872621602,5949.71465179805,5719.18977254776
"508","bias_pr[137]",-0.034187540122465,0.012737366,0.676162766219341,0.6862056484794,-1.22001711,0.994999935,0.999938185422322,9168.57373519662,6378.78073604116
"509","bias_pr[138]",-0.186828904037648,-0.187171455,0.21823432236649,0.214370297841,-0.549490605,0.167391823999999,1.00028793712525,5295.99800137317,5809.21084692005
"510","bias_pr[139]",0.0322458595439985,0.0993796565,0.396388772288624,0.3254341151691,-0.728360707,0.54565959,1.00060257944452,5537.38436379201,4865.20658029986
"511","bias_pr[140]",0.61495597130832,0.615460105,0.219222036489166,0.217869915837,0.254995216,0.978098192,1.00102559293943,3462.53910461239,5072.17897900289
"512","bias_pr[141]",-0.439608674729279,-0.414102035,0.426189746976951,0.413940207597,-1.17984705,0.218359311,1.00106213132861,6611.58573078275,5794.7866911099
"513","bias_pr[142]",-0.398454738036258,-0.334444585,0.856188784955069,0.878684009637,-1.917786655,0.8879469625,1.00001827496398,8835.65032457386,5624.21807361766
"514","bias_pr[143]",0.307005839140101,0.328957945,0.367005107873285,0.354536406378,-0.325641272,0.8709129095,1.00072013654175,4235.66428422203,5025.58998425905
"515","bias_pr[144]",-0.318701071969291,-0.24948704,0.769709179437915,0.780519996165,-1.678179635,0.819871135999999,1.00037141552605,7822.07556767059,5507.05740144553
"516","bias_pr[145]",-0.881446508964375,-0.850410925,0.326759438933879,0.295590950949,-1.45656102,-0.4100196425,1.00015635649444,7093.02148114756,4689.26482687443
"517","bias_pr[146]",-2.0395649890675,-2.0266601,0.390475973021003,0.3897881421,-2.706247175,-1.42571744,1.00048617815076,7806.60477747813,6312.96227369793
"518","bias_pr[147]",0.365853258374089,0.44273725,0.536186285262921,0.505749671448,-0.6365302015,1.09805522,0.999980687458543,7433.73098810577,5491.67374925195
"519","bias_pr[148]",-0.109982836335195,-0.0704751315,0.672048869486282,0.6633189368631,-1.271736975,0.928874399499999,1.00023679142183,9761.23456935739,6343.43726827349
"520","bias_pr[149]",-0.545193140303791,-0.530246125,0.39489730271598,0.384643201341,-1.22789934,0.0746401808999997,1.00021824668141,8154.88643506261,6058.06618489731
"521","bias_pr[150]",-0.151150220452108,-0.13616489,0.271420928280304,0.262149291915,-0.614484076,0.2632540985,1.00010635176868,6838.44674119623,5479.21960926013
"522","bias_pr[151]",0.839206102549046,0.894930775,0.437017150856806,0.378381306807,0.05284535545,1.448227055,1.00067693107021,6348.67159196872,5005.59601291978
"523","bias_pr[152]",-1.49757434342608,-1.4817746,0.62519278132948,0.64318501611,-2.563183655,-0.5041579845,1.00081628096141,7485.15384087054,5473.81873620249
"524","bias_pr[153]",-0.675214340743093,-0.65551495,0.390021125087313,0.385876146327,-1.34141709,-0.0774831719000002,1.00133739738782,7300.46986745292,6071.79733114972
"525","bias_pr[154]",0.688970079480473,0.753723805,0.482959188521428,0.429795569364,-0.229301301,1.34594996,0.999984340140133,7942.08941072032,5203.41814184513
"526","bias_pr[155]",0.7031258096374,0.67836722,0.29485397557789,0.273641613924,0.2693822415,1.212382685,1.00150946326637,2273.27981582969,3439.0320596756
"527","bias_pr[156]",1.6095399384525,1.60332965,0.252922834165932,0.24823379364,1.20052683,2.03768768,1.00169346726028,2369.45106617864,4342.66009471343
"528","bias_pr[157]",-1.36517116853151,-1.3418638,0.630083994274379,0.618928990701,-2.45838842,-0.386412761,1.00162020922298,8645.96975435198,5792.35996706151
"529","bias_pr[158]",1.45770057578374,1.5561038,0.583018032237115,0.48821150679,0.3506320095,2.214945445,1.0012337092296,7099.95695302986,5203.99143073005
"530","bias_pr[159]",-1.45005156988196,-1.4250813,0.516332391764883,0.51787410738,-2.334283465,-0.649398504000002,0.999824929450714,8037.02870437918,6234.78716282904
"531","bias_pr[160]",0.13706476949092,0.15610015,0.758607037542431,0.764734509336,-1.117922515,1.361317575,1.00045378105993,9855.55156169354,5767.24500655928
"532","bias_pr[161]",-0.752131696671995,-0.705030325,0.51026157416249,0.501144167286,-1.656363715,-0.01074493625,1.00062702357435,8127.2019580979,5850.28389057478
"533","bias_pr[162]",0.257426249211245,0.28620309,0.545301300610733,0.5368023926391,-0.674078155,1.101454565,0.999892845006793,10424.1018439851,4988.87407439447
"534","bias_pr[163]",-0.734350582828977,-0.66507821,0.458895970992278,0.43445710098,-1.59014155,-0.110570056,1.00137771923,7500.89964923323,5705.5510103695
"535","bias_pr[164]",-0.389829178078264,-0.34976588,0.390858579178424,0.367127572203,-1.086875875,0.163161231,1.00048026187149,6401.13368660632,4883.97230466909
"536","bias_pr[165]",-0.0268105773677117,0.0385574795,0.426851126523506,0.3819799113333,-0.829646886,0.5522543165,1.00012624492802,7583.92008122424,5382.77918578206
"537","bias_pr[166]",0.107614230610235,0.18925587,0.435266113482063,0.354068097516,-0.7299361635,0.6674358425,1.00079420343733,5466.67812381318,4375.0884859198
"538","bias_pr[167]",0.668970316536763,0.665604415,0.226592088839219,0.223697023095,0.2989509695,1.049741595,1.00125154358895,2596.07576226756,4241.44220689014
"539","bias_pr[168]",0.52868783132441,0.56297504,0.359196130493939,0.320039788488,-0.102943849,1.034518775,1.00022938254596,7451.83626256123,4633.1786078683
"540","bias_pr[169]",0.516737567502561,0.54649032,0.366428828785006,0.346284032388,-0.120816198,1.052011475,1.00135910782902,4047.91126352944,5175.77074761831
"541","bias_pr[170]",1.29755041590194,1.38140835,0.484801479721718,0.38372616135,0.3399159275,1.929118875,1.00275328502161,5130.70111644652,4439.2163232694
"542","bias_pr[171]",1.51197915923676,1.49165915,0.608386621984009,0.62532087219,0.5624781875,2.561067595,1.00061309748792,7530.29998797027,6211.95748222137
"543","bias_pr[172]",-1.09716363495633,-1.0543348,0.422834844792184,0.4129878669,-1.844474325,-0.479784249,1.00010150712647,8267.78992229434,5940.02483167389
"544","bias_pr[173]",-0.08328841925459,-0.061163388,0.279175869051775,0.2489030289018,-0.545450597,0.317760671,1.00004281482562,5674.34546696613,3965.67518171119
"545","bias_pr[174]",-1.03212213983082,-1.0057757,0.467997814560956,0.468143893098,-1.83777708,-0.299624799000001,1.00007864387279,8114.08446898056,6169.81597002513
"546","bias_pr[175]",0.794626977650225,0.80966748,0.27853108466065,0.255959940999,0.3345916985,1.22144568,1.00082288802904,6989.00999873677,5379.24202914086
"547","bias_pr[176]",0.0859044123027994,0.13201675,0.755684424786021,0.783926788575,-1.215238705,1.24257454,1.00146501429292,10422.1100314131,5571.33687594096
"548","bias_pr[177]",-0.590376361741142,-0.520866885,0.567077673606599,0.566653804563,-1.621819675,0.2126073625,1.00042842398086,7136.1967819772,6312.18876227617
"549","bias_pr[178]",0.224785312459849,0.2426747,0.334111904365454,0.3169876688391,-0.3576734785,0.7386776835,1.00037872039457,7080.44799185204,5917.09118525882
"550","bias_pr[179]",-0.877282307563361,-0.87910933,0.808014921344445,0.812638849827,-2.197592465,0.466590361499999,1.00028092478833,15671.0030756047,5906.24890203422
"551","bias_pr[180]",0.206436968631499,0.230285175,0.282478398086493,0.245982576735,-0.2725603485,0.6152708675,0.999832674309858,6437.92111510156,4080.67868499907
"552","bias_pr[181]",-0.296639757542187,-0.276506795,0.283438923892283,0.2744588890197,-0.7892231005,0.1364130915,1.00129205143831,6598.68009682966,5539.30794927333
"553","lambda_pr[1]",0.838878988604321,0.814096825,0.750190746282735,0.734287235283,-0.339501565,2.1171653,1.00023732001129,9393.40182863241,4891.49777082299
"554","lambda_pr[2]",1.01502503532686,1.0400843,0.818468120816183,0.734918059344,-0.3493105195,2.32140468,1.00265987644326,9871.57228471496,4251.66429217822
"555","lambda_pr[3]",-0.153666943855633,-0.176767445,0.988509893507156,0.966527837247,-1.74945612,1.50641819,1.00044538945443,14755.6034320572,5697.45853548867
"556","lambda_pr[4]",-0.227636664560105,-0.22192027,0.473563097102707,0.4375265440686,-0.984741977,0.511236064,1.00105862907837,1937.40675167328,3566.12599266741
"557","lambda_pr[5]",-0.103618718691331,-0.11999269,0.578111490040884,0.519533766885,-1.004366905,0.85331037,1.00042998142366,3136.98322411109,3977.94584149371
"558","lambda_pr[6]",0.556622579338537,0.519199445,0.601190808895379,0.547516655805,-0.346550961,1.616311705,1.00087236768691,6737.63415277752,5048.56946544905
"559","lambda_pr[7]",-0.413680252394542,-0.4484503,1.02531487537009,1.005177454953,-2.023416495,1.32556442,1.00014934335322,13456.1955212615,6164.24093729242
"560","lambda_pr[8]",0.558964829344345,0.536779365,0.770813180452177,0.7135457228109,-0.685564573,1.872220175,1.00085024069217,11103.1468561004,5798.78198140147
"561","lambda_pr[9]",0.0270033020349369,0.0252297075,0.900376078913463,0.8505119001855,-1.47234238,1.51558599,1.00075976013517,13392.2818372845,6158.98571575795
"562","lambda_pr[10]",-0.409598410567352,-0.445817225,0.893832240598091,0.835140462765,-1.8187365,1.131091665,1.00005447579287,13533.4692823617,5689.96130308146
"563","lambda_pr[11]",-0.235457812026306,-0.25837306,1.06512616877951,1.0788902439,-1.90973614,1.56611705,1.00118914331736,10844.2384797951,5761.61491194269
"564","lambda_pr[12]",0.011427300926284,0.00267714675,0.967339768480249,0.92911400852445,-1.583412035,1.652718545,1.0006320977209,14556.9795504135,5925.49577205983
"565","lambda_pr[13]",0.087980268464702,0.0777261405,1.03838089811948,1.066014152007,-1.593782935,1.79458985,1.00038987145806,10591.9461765721,6472.31025117461
"566","lambda_pr[14]",0.0896411884663826,0.0839983375,0.897129790673581,0.8489471937975,-1.376064,1.591545755,1.00087164917049,13269.3355736571,5732.0395007019
"567","lambda_pr[15]",-0.113325940876624,-0.113092825,1.01229755869457,1.013569949469,-1.769514915,1.57199922,1.00199155870341,20636.0474317889,5929.24636508651
"568","lambda_pr[16]",-0.39555256643257,-0.42209746,0.941057940460107,0.90931349523,-1.902726995,1.204029865,1.00089467472778,10570.290776709,5899.519451513
"569","lambda_pr[17]",-0.520190386313505,-0.58025942,1.01774814603698,0.994807742838,-2.103525125,1.259421085,1.00075888211158,8304.08494457588,6247.45359841558
"570","lambda_pr[18]",-0.431127108875608,-0.482975445,1.01019972165728,0.980402623326,-2.01069658,1.31203232,1.00048650876216,10290.0389990614,5635.1436006283
"571","lambda_pr[19]",-0.333668485712341,-0.355601135,0.937237847811276,0.911300497989,-1.83304576,1.265175275,0.999823745930075,14073.6899190022,6132.24786999125
"572","lambda_pr[20]",-0.182789896049077,-0.21721504,1.03130247164674,1.03014391263,-1.801907055,1.56750059,1.00143172175923,12895.8898158404,6355.69519287759
"573","lambda_pr[21]",0.795643661475696,0.75663335,0.727494533671953,0.702880148229,-0.313201565,2.03632546,1.0000812764934,8342.09000425101,5006.2161123996
"574","lambda_pr[22]",-0.170056160865865,-0.201514595,1.01809591557986,1.016588063463,-1.78357546,1.52441106,1.00058905342981,16608.6349522765,4927.43656034527
"575","lambda_pr[23]",-0.255252710467209,-0.286169355,1.01345372677747,1.015582149015,-1.88614077,1.44190898,1.00122498932378,13348.4695803666,6134.06286309453
"576","lambda_pr[24]",-0.469930653213823,-0.486041815,1.00270170729448,1.020260582271,-2.052383705,1.227424915,1.00029573809758,9050.05114660205,6249.54236197429
"577","lambda_pr[25]",1.11391796304013,1.09146945,0.715637784855506,0.681793358232,-0.02416432465,2.29631496,1.00042391994599,9695.84487223532,4585.34839012153
"578","lambda_pr[26]",0.0249684871191886,0.0478501895,1.03513217256384,1.0534845074103,-1.68324539,1.724098885,1.00125426041116,16122.7496571595,6490.28323569829
"579","lambda_pr[27]",-0.102542421505672,-0.096966312,1.05179141358187,1.068861611328,-1.817301175,1.627896095,1.00106028496915,14290.8331051859,5788.95012042444
"580","lambda_pr[28]",-0.116795043730595,-0.20318327,0.790482045516637,0.735038713332,-1.29141281,1.30280645,1.00024157022973,7731.96871638969,5605.57500070089
"581","lambda_pr[29]",0.373324583706547,0.38317379,0.946060151193543,0.965369111217,-1.20839511,1.892927025,1.00040768747367,14357.1194948475,5500.20008244753
"582","lambda_pr[30]",1.1390249235502,1.0968892,0.71965473356434,0.701195417958,0.0323082681,2.39144673,1.00049533682053,7769.47062870762,4837.78849516624
"583","lambda_pr[31]",-0.519278066339707,-0.57122828,1.03363261517517,1.062527706912,-2.140123105,1.24777828,1.00061983599626,7459.52766474955,6423.40515957933
"584","lambda_pr[32]",-0.14626670055146,-0.16786912,0.965661265649192,0.956610281067,-1.70856735,1.473997815,1.00016082974759,14679.4411659612,6217.91200587087
"585","lambda_pr[33]",-0.563532341264064,-0.61167638,0.989615905426211,0.9709497295533,-2.12151832,1.156885275,1.00085035261128,8479.81694142264,6040.13973346404
"586","lambda_pr[34]",-0.955161523891127,-0.93025018,0.706630264664245,0.667582637232,-2.148159835,0.136857791999999,1.00026596408704,7230.21413213809,4947.06750378723
"587","lambda_pr[35]",-0.479645434582523,-0.51247841,1.0164648426115,1.001415031281,-2.07394425,1.266570645,1.00140135133525,8235.8398143343,6051.43899994397
"588","lambda_pr[36]",-0.217761253141736,-0.233121105,0.924214752772457,0.898573740981,-1.720456865,1.338896075,1.0007978798887,18832.00818938,5453.43406296029
"589","lambda_pr[37]",-0.39514171759127,-0.43057128,1.02275486529154,1.051512196476,-2.008526095,1.355669435,0.999999220850823,8336.77809996951,5799.44572127621
"590","lambda_pr[38]",-0.265730712341315,-0.287957125,0.905886664060505,0.846547542687,-1.72734492,1.28203191,1.00047811074682,11478.89292481,5867.08518993051
"591","lambda_pr[39]",0.0025398356967551,-0.01509589,0.551663640496649,0.489287399958,-0.8645780915,0.936829430999998,1.00025196814392,4087.79516770188,5213.5055546586
"592","lambda_pr[40]",-0.523528739362411,-0.58076441,0.977681354503797,0.956321314914,-2.02345098,1.184378845,0.999994913502205,12148.7761840424,5879.23719608908
"593","lambda_pr[41]",-0.47294462713418,-0.527208855,1.02495427747044,1.033120565715,-2.092146,1.286788425,1.00085887691124,7114.48018319746,6029.93453011781
"594","lambda_pr[42]",-0.080843726255414,-0.11665941,0.955617455573605,0.949205494671,-1.59777407,1.541328045,1.00059106460451,12835.3375541547,6026.12788042838
"595","lambda_pr[43]",-0.267319902579968,-0.299054005,0.886558074896829,0.833800488885,-1.665342535,1.26290366,1.00101860249722,13065.8549041348,5786.52974793463
"596","lambda_pr[44]",-0.380665796714812,-0.417823775,0.99920180849146,0.994774658619,-1.962201525,1.310072255,1.00063130007382,13323.2131363215,5524.35723950111
"597","lambda_pr[45]",-0.424598880239521,-0.4643367,0.994120679005793,0.99130913301,-1.986193325,1.25888118,1.00023248913622,9938.96950449547,6410.65266499573
"598","lambda_pr[46]",-0.249463418677337,-0.24404927,1.11496275804261,1.158828440595,-2.069561235,1.596565885,1.00037962814042,7215.5484551465,6102.73549737708
"599","lambda_pr[47]",-0.336345591564743,-0.368304675,0.925519476118264,0.904060673082,-1.8437859,1.241154265,1.00035358178125,13819.2159130455,5707.39245816411
"600","lambda_pr[48]",-0.471477899364888,-0.511670045,1.00903008686169,1.004107610793,-2.079198895,1.23826704,1.0013136812886,9414.60456676268,5265.50856394833
"601","lambda_pr[49]",-0.37216355008875,-0.41422273,1.04074849797307,1.038340844793,-2.045392665,1.400725965,1.00019036219389,9421.38068943519,4779.38312264817
"602","lambda_pr[50]",0.309759021597359,0.284793345,0.784343394902233,0.72730247688,-0.9524156905,1.645588065,1.00050301772545,10194.9629075021,5549.51228145808
"603","lambda_pr[51]",1.1316990562494,1.10578055,0.71888685093485,0.708567046005,0.00359441913500009,2.357980985,0.99977987461072,8763.06586670263,5466.55505704758
"604","lambda_pr[52]",-0.408262982694347,-0.46557963,0.911925346357834,0.885485770722,-1.820997245,1.17366912,0.999995314097301,14091.3045240461,6144.61021603373
"605","lambda_pr[53]",0.324145706924264,0.324119435,0.900691369018096,0.875344823787,-1.157967625,1.79897514,1.00133476547898,14782.3072195669,5872.23035855396
"606","lambda_pr[54]",-0.423246137600181,-0.43903732,0.666275415216604,0.6045961464564,-1.453633535,0.686998564499998,1.00073616894013,5660.96451786406,5798.07880510024
"607","lambda_pr[55]",-0.455439968886762,-0.491259355,1.04658642329215,1.059506405328,-2.13971769,1.33853586,1.00017169254299,6518.89158170234,5664.45864268812
"608","lambda_pr[56]",0.40373727287619,0.40766724,0.870974689200485,0.813773980278,-1.04074765,1.82905415,1.00056879428956,12033.3726114608,5363.72153012744
"609","lambda_pr[57]",-0.336991606518509,-0.369460695,0.945001945189247,0.922414430826,-1.84205326,1.266348935,1.00094299220171,16400.781719028,6039.93663923818
"610","lambda_pr[58]",1.43724362221499,1.4189797,0.696784447632506,0.671592469779,0.321325264,2.587639595,1.00087321040984,9382.71921774502,5776.92110707834
"611","lambda_pr[59]",0.281822751278118,0.243084435,0.61580843498582,0.564434559927,-0.6748084855,1.344671385,1.0003013592697,6671.57867828699,6503.47784949544
"612","lambda_pr[60]",-0.114748814567749,-0.155262295,0.871041177227109,0.836952081357,-1.495623985,1.372755465,1.00012132312859,14144.4226659585,6104.72047614109
"613","lambda_pr[61]",0.09931781883389,0.072822145,0.899366077263319,0.88628782767,-1.3113896,1.625101055,0.999945590226976,12471.8834498669,6582.08321849048
"614","lambda_pr[62]",0.719366567895544,0.744005195,0.867747566381893,0.872580530913,-0.7365144595,2.124519195,1.00132144375326,7501.25001145034,5079.75918003009
"615","lambda_pr[63]",0.47605564246054,0.442308595,0.746878839918421,0.7044514232763,-0.6929550085,1.7430441,1.00073963467168,7640.49290403641,4981.57617903476
"616","lambda_pr[64]",0.523568163536382,0.482662375,0.66064838886895,0.6112615038936,-0.486348839,1.70206342,1.00081869096105,7370.07098973613,5314.61827304902
"617","lambda_pr[65]",-0.48763020423933,-0.54654445,1.02084900256436,1.004630434857,-2.063671285,1.30796553,0.999943401379684,9747.4532965743,5913.50024415976
"618","lambda_pr[66]",-0.13642166530681,-0.16119483,0.968162173338728,0.937834849644,-1.6618454,1.50105517,1.00019702923516,14454.7184978125,6210.17726021282
"619","lambda_pr[67]",1.05169941818194,1.0591955,0.8299877885771,0.806794240476,-0.3451102065,2.41817326,1.00080470410309,6767.88330163074,5371.70484722621
"620","lambda_pr[68]",-0.635303372417129,-0.71434038,0.894304444495936,0.808733844513,-1.96364418,0.997306297499999,1.00162383483779,8099.74990126015,6036.77013747101
"621","lambda_pr[69]",0.63418920118536,0.58572351,0.61659938419967,0.578837047824,-0.2870238065,1.721553125,1.00008756177264,7524.93619503848,4370.14874071661
"622","lambda_pr[70]",0.356015164221625,0.30781073,0.657941055737805,0.592084886841,-0.632342862,1.5009162,1.00002175325324,6199.06961370628,5097.68272110465
"623","lambda_pr[71]",0.248704890353644,0.209109245,0.58467767280689,0.520673649069,-0.628362704,1.281397975,1.00075981686964,5231.61541603173,5273.93546453846
"624","lambda_pr[72]",-0.113436092913885,-0.129381715,0.875398715503727,0.823618940949,-1.524815865,1.353798765,1.00175596106501,14282.6036965039,5569.3623515017
"625","lambda_pr[73]",0.244098282912903,0.27502909,0.928912401672537,0.872150191437,-1.329590925,1.72328904,1.00114174104935,15770.7168714438,5534.23338684474
"626","lambda_pr[74]",-0.131094984993769,-0.12981771,0.966306536843125,0.926769931563,-1.73005242,1.458411025,0.9998819791651,14502.3851732584,5563.47269156249
"627","lambda_pr[75]",-0.598561931725148,-0.63303844,0.66664693894799,0.567259846965,-1.611151655,0.579989041499998,1.00106122058488,3310.47843061791,4508.99966947198
"628","lambda_pr[76]",-0.562374769076069,-0.606710295,0.980563452660435,0.925848199143,-2.102128475,1.171925775,1.00037392435219,10198.4017355091,5474.6933196052
"629","lambda_pr[77]",0.642159530719059,0.64692917,0.82277563769231,0.767827442739,-0.7333742595,1.993741685,0.999806862201214,10023.5067219303,5398.62471589086
"630","lambda_pr[78]",0.297369774039986,0.275646045,0.871355314596541,0.832824078177,-1.10056802,1.73719761,1.00179017804884,12650.3415814944,5049.64592350727
"631","lambda_pr[79]",-0.530381520089956,-0.577716,0.997201997797537,0.9934470562947,-2.0662886,1.17691521,1.00018814909563,8790.77171593422,5285.21412840083
"632","lambda_pr[80]",-0.111919825918685,-0.13674116,0.955667606777388,0.945631679958,-1.65190181,1.474651955,1.00049867305833,17155.129063712,5693.79916275897
"633","lambda_pr[81]",0.00086307406127238,0.00564789595,0.967334436312296,0.955897105989,-1.590968595,1.5956073,1.00062569762182,24322.169465924,5669.70412157389
"634","lambda_pr[82]",-0.287821719254609,-0.316850965,0.993387310609668,0.993823756044,-1.848487595,1.40531027,1.00135385942353,11863.7344284694,6123.57252164489
"635","lambda_pr[83]",0.700077170110171,0.737135465,0.885797579593633,0.818521473042,-0.832504888,2.108600805,1.00006890008828,12406.4268551238,5508.34550985681
"636","lambda_pr[84]",1.05391325234564,1.0482558,0.780907486098465,0.74670192723,-0.228618756,2.33088171,1.00122306592281,9147.60988771519,4297.14655983691
"637","lambda_pr[85]",0.816079110828294,0.81480946,0.835705039212801,0.811792781898,-0.5503645895,2.192062575,1.00018646163101,9282.37731725504,6009.14610453903
"638","lambda_pr[86]",-0.0419459461904487,-0.026096934,1.00035265423467,0.9905249947656,-1.699178845,1.58817951,1.00030147933895,17298.9350841898,6120.08657261562
"639","lambda_pr[87]",0.065269957095197,0.0858769945,1.04060447732807,1.0646722425927,-1.63824011,1.7333046,1.00022987880611,22770.0178203812,5582.27675475628
"640","lambda_pr[88]",-0.0824930924387506,-0.0854210625,0.8828285018669,0.847673236389,-1.529929005,1.3539228,1.00010610373331,14995.2995132555,5424.80757696249
"641","lambda_pr[89]",-0.32423935820459,-0.351475495,0.929067612883507,0.904332567096,-1.799105045,1.2526977,1.00134859748054,13863.1527336688,6173.63190739905
"642","lambda_pr[90]",-0.131913721785421,-0.152762665,0.853039234569785,0.784765243353,-1.489534415,1.31855531,1.00039330236787,12865.212345331,6380.13634310025
"643","lambda_pr[91]",-0.03077865368906,-0.0155750055,1.0198644841109,1.000528947978,-1.71956296,1.64328411,1.00097329734035,21138.2574547134,5097.37389800847
"644","lambda_pr[92]",-0.341934786405959,-0.34984093,0.991051760603461,0.973508859498,-1.931740075,1.34409335,1.00056176581984,11199.3652396908,5751.83021232554
"645","lambda_pr[93]",-0.268880822796044,-0.28557595,0.963366723688225,0.947124784179,-1.832443505,1.343299865,1.00108663363725,14589.2055557759,5785.18405188174
"646","lambda_pr[94]",0.0235884652004825,-0.0259914875,0.772783292855428,0.7223253034305,-1.147221545,1.38132221,1.00035729588486,7999.17740881497,5752.35155696653
"647","lambda_pr[95]",-0.58892126478316,-0.57064293,0.482901566175726,0.468391479885,-1.386545165,0.1744623115,1.00271227353251,1499.90539835333,3472.83704819418
"648","lambda_pr[96]",-0.348314952319034,-0.375086595,0.930242190402857,0.87172046724,-1.838313685,1.238468555,1.00115239669436,14842.8566069317,5970.84668198076
"649","lambda_pr[97]",0.00345618537552252,-0.0246624125,0.762898154156048,0.70097046306,-1.1940812,1.329828025,1.00071661187493,9509.84234622395,5971.95082005422
"650","lambda_pr[98]",-0.884853814956001,-0.85661582,0.48120739302297,0.473999621949,-1.734525175,-0.1594289665,1.00344873459443,1011.24406896622,3144.7875313166
"651","lambda_pr[99]",-0.454137381380879,-0.487121755,1.07381209277127,1.102691133348,-2.16162727,1.34463927,1.00026895170831,5835.24511028088,6022.20677121126
"652","lambda_pr[100]",0.165154960973611,0.15996035,0.855248240261211,0.783386084355,-1.243148675,1.57510636,0.999948825686888,13068.3495401377,5605.56310792654
"653","lambda_pr[101]",-0.33292440086527,-0.36737421,0.720071382888383,0.6438243124887,-1.456242045,0.915162177,1.00042073716881,6741.44163696788,4647.39858794409
"654","lambda_pr[102]",-0.606660565250761,-0.6770283,0.992377578832436,0.961182263643,-2.14919389,1.131053905,1.00028518150099,8133.28781237357,6031.31369376279
"655","lambda_pr[103]",-0.706956911708938,-0.69862306,0.762761367652596,0.698257683123,-1.969936855,0.520854860499999,1.00093551450213,11619.9928970496,5488.46287446804
"656","lambda_pr[104]",-0.367233642292594,-0.395795505,0.870969802612904,0.815282451648,-1.752602105,1.13270832,1.00058211027623,13641.0165028525,5705.6605851355
"657","lambda_pr[105]",0.132556838793605,0.0895287015,0.707670421437645,0.6210125603871,-0.953283844,1.370621955,1.00012257575514,8912.79183072206,5229.54451612746
"658","lambda_pr[106]",-0.433406848306736,-0.464425645,1.02678193206992,1.038545851308,-2.06341812,1.30172948,1.0008940899218,10442.4185213274,6122.34935170411
"659","lambda_pr[107]",0.745339207672874,0.72322974,0.727838381724142,0.658359679152,-0.3946681,1.970398055,1.00189302930391,10242.2015872941,4927.01592723154
"660","lambda_pr[108]",0.984848806835464,0.95362934,0.693868061724537,0.676587208332,-0.0866543302999999,2.16166598,1.00007273747449,9334.89767638477,4691.83330595528
"661","lambda_pr[109]",0.329528187346145,0.285171975,0.647331596707123,0.581319476199,-0.6487802985,1.452968145,1.00035286103757,6306.84061792029,5501.97545784184
"662","lambda_pr[110]",0.580199085014538,0.593873265,0.872119227593818,0.8320485627342,-0.88457232,1.985942235,1.00022566902928,13289.4900530332,5756.19688571475
"663","lambda_pr[111]",-0.385007755102682,-0.42460384,1.06281172572712,1.095623401236,-2.070748465,1.40725458,1.00031612506283,9476.51316536562,6074.83677583883
"664","lambda_pr[112]",0.202772120675276,0.222706315,0.904097031856681,0.864941968149,-1.291869235,1.666126355,1.00037383963727,15555.2868756551,5756.11053362944
"665","lambda_pr[113]",-0.14427722742934,-0.219362455,0.830238075014729,0.793397318616,-1.362756545,1.363894035,1.00043242941545,5684.78698107577,5947.25913198114
"666","lambda_pr[114]",-0.448673266036447,-0.496861635,0.778553958792334,0.7009735943112,-1.635502,0.910492778499999,1.00001779296859,9489.81837673047,5636.73646438937
"667","lambda_pr[115]",-0.33815637330219,-0.36856559,0.907363440131497,0.872207760795,-1.76776408,1.188816515,0.999942999633641,14496.7881653009,5331.1767813401
"668","lambda_pr[116]",0.234327912791819,0.24778526,1.00708350501236,1.017245767062,-1.444762675,1.837309375,1.00059036187281,19846.5214274082,5470.18447114381
"669","lambda_pr[117]",0.115168652479623,0.11854791,0.815148816772381,0.745288735149,-1.258575965,1.46345271,1.00122617970556,13814.119506291,5465.08787533308
"670","lambda_pr[118]",-0.27628847958169,-0.307937275,0.959907106651868,0.945825915384,-1.815170305,1.32707749,1.00021820081659,15566.5176143607,6286.6575420463
"671","lambda_pr[119]",-0.243148665706422,-0.25952304,0.944880315049277,0.923005291404,-1.762306495,1.331793655,1.00011183674722,15211.0672861468,5354.84724154449
"672","lambda_pr[120]",0.870297465505111,0.867356065,0.782558564779405,0.766327792839,-0.4045642235,2.16666591,1.00069385445954,8715.57637881942,4765.05301620577
"673","lambda_pr[121]",-0.663234599394183,-0.706107585,1.0784397424012,1.0820332587897,-2.374246155,1.160776055,1.00096217368224,5295.04384697034,5956.57626068339
"674","lambda_pr[122]",-0.38013353799383,-0.40737448,1.09578448838637,1.130884796097,-2.108124905,1.43278398,1.00029515299033,8995.00569664827,5518.51556949146
"675","lambda_pr[123]",-0.362112953606897,-0.407155455,1.00902492076246,0.995520428658,-1.939158835,1.348386495,1.00023367081487,15100.9281739824,5913.08110824693
"676","lambda_pr[124]",0.600666277798514,0.54580393,0.669557298912014,0.623997599799,-0.417790017,1.787822915,1.00045287865714,7018.00815727589,5431.25319450938
"677","lambda_pr[125]",-0.268854720462224,-0.292103955,0.876062644748163,0.833207130126,-1.67425116,1.2223609,1.00037890510938,12794.7973323287,5910.25216997373
"678","lambda_pr[126]",-0.497139693733186,-0.54766997,1.03671217747358,1.044714949908,-2.10090565,1.285498345,1.00024956568263,8492.81934492606,6085.94186335979
"679","lambda_pr[127]",-0.315063288929665,-0.332259,0.612663852154116,0.56328377322,-1.301264875,0.69635256,1.00032083269119,4333.75147420745,4777.91996339752
"680","lambda_pr[128]",-0.138084086224861,-0.15055504,0.993009574959798,0.984924931389,-1.73251405,1.523082035,1.00056770774591,23092.1589010278,6042.27344122749
"681","lambda_pr[129]",-0.264498607328559,-0.319518445,0.957056576557834,0.920114251056,-1.75386356,1.36829189,1.00014591564496,12823.3892332273,5658.53539731367
"682","lambda_pr[130]",-0.231728427907759,-0.275625,1.03564861494051,1.025633028,-1.886145225,1.53763168,0.999755432472294,10158.2996888121,5900.13002907041
"683","lambda_pr[131]",-0.25848662360342,-0.261032815,0.964346489326676,0.946271762856,-1.878287775,1.339727085,1.00016763744642,15769.8641600233,6012.57991277564
"684","lambda_pr[132]",-0.0918265128907744,-0.10252805,0.731338401143083,0.630859576683,-1.282030675,1.15813864,1.00063742445941,9877.03222883433,5392.38871181805
"685","lambda_pr[133]",0.0270226192362879,0.0140290965,0.981650341347614,0.957327192297,-1.55609723,1.655927475,0.999941919304853,17483.6389992403,5648.63541145253
"686","lambda_pr[134]",-0.03355739419117,-0.031792462,1.02604796722803,1.0073105575638,-1.73507333,1.66344325,1.00106030424514,18886.7240480887,5617.39473414941
"687","lambda_pr[135]",-0.0758663309210591,-0.093446128,0.957483399644286,0.9529184632548,-1.64353553,1.512273745,0.999955033369818,17439.282161399,6225.59972471816
"688","lambda_pr[136]",0.881834203425464,0.854281865,0.712801299639708,0.680391886104,-0.225393102,2.085941525,1.00067802961298,9733.84256190066,6306.84150682588
"689","lambda_pr[137]",0.511513765032496,0.523330285,0.830527887572511,0.7556964122022,-0.858032602,1.84928327,1.00055606314098,13658.6126251088,5272.13115208828
"690","lambda_pr[138]",-0.247645377156641,-0.232938815,1.10554167963271,1.148605261251,-2.07382674,1.562377075,1.00117097569005,9236.05054307507,5792.73631745866
"691","lambda_pr[139]",-0.602145152063827,-0.66507156,0.933828239994263,0.883695264354,-2.02775621,1.04940864,1.00061137727305,9201.28691988428,6145.21851236575
"692","lambda_pr[140]",-0.470263957066184,-0.51682726,1.06652315330106,1.076209740165,-2.180582355,1.36089915,1.00009672938934,8346.36684531608,5576.03460379278
"693","lambda_pr[141]",0.837686362870395,0.820822835,0.766273573457282,0.723808047984,-0.3932914005,2.124280605,0.999913937023934,8156.79538564567,4769.95493668445
"694","lambda_pr[142]",0.255157738105725,0.26335655,0.899087206383666,0.861155229837,-1.220242355,1.73037723,1.00100687831784,14683.6828746767,5165.80166582833
"695","lambda_pr[143]",1.03392892782274,1.0077807,0.754664792494998,0.738627064938,-0.144598965,2.30015697,1.00035739081331,7602.66987348077,5411.78027487834
"696","lambda_pr[144]",0.128119195192045,0.0793251765,0.772097304037552,0.7245590760639,-1.047747275,1.49092571,1.00019857671354,7993.87756634627,5616.64405601007
"697","lambda_pr[145]",-0.0978793427432756,-0.0916527315,0.99617526834684,0.998028113124,-1.74986584,1.53435401,1.00070781093601,18385.9491567842,5070.20760852625
"698","lambda_pr[146]",0.578491563233735,0.53410782,0.72935926956001,0.694662489318,-0.5379861755,1.841002345,1.00112045655767,7385.04877267608,4303.14288442719
"699","lambda_pr[147]",-0.23101800772933,-0.249070505,0.900106514239007,0.85281183162,-1.67233668,1.28716031,1.00018302502533,11534.154947544,5396.35428339173
"700","lambda_pr[148]",0.156050640379519,0.1390167,0.77322448404669,0.685801975047,-1.075719995,1.485469535,1.00025466199748,10102.2181532162,5518.0878474373
"701","lambda_pr[149]",0.00417755290902872,-0.015072798,0.568230851514443,0.526905498714,-0.903541004,0.9505561595,1.00039418904205,4611.50806011715,5300.45723165287
"702","lambda_pr[150]",-0.410574378797939,-0.458804015,0.870216506761662,0.806293381131,-1.761018885,1.117243045,1.00005521738172,13359.782972251,5798.80390905975
"703","lambda_pr[151]",0.153342972616643,0.092093242,0.888994151230342,0.8906893008678,-1.21414537,1.70388078,0.999863852714224,9203.29109606466,5668.45233818921
"704","lambda_pr[152]",0.063483900663808,0.0232276675,0.701528263596146,0.637263571014,-1.00913441,1.291136635,1.00029297591769,7814.96808514209,5583.97927710731
"705","lambda_pr[153]",0.643248180540872,0.613980835,0.79518382344974,0.7829092542495,-0.6039866805,1.99158021,1.00073348377525,7851.66226451516,4721.92144274298
"706","lambda_pr[154]",-0.0288799499075675,-0.0462316955,1.04496816100328,1.073309411328,-1.72120399,1.695889295,0.999959781299975,15799.9631457043,6079.48047083508
"707","lambda_pr[155]",-0.314405855594839,-0.36140016,0.97082849341712,0.953027941404,-1.859759405,1.33498995,1.00064273419087,13899.2856394065,6265.12819702366
"708","lambda_pr[156]",-0.209055704325836,-0.23083108,0.97627054348327,0.962090815749,-1.787604415,1.432920055,1.00023062574437,15649.3500294076,6111.11261172143
"709","lambda_pr[157]",0.595995003917529,0.549796915,0.744300733750691,0.7182638697318,-0.536556105,1.886001355,1.00006501172293,9345.84739770772,4006.61799290801
"710","lambda_pr[158]",-0.3877648277653,-0.400115865,1.01696671755061,1.013083908711,-2.02024194,1.313947025,1.00042787826152,9956.23890413617,6016.41012222103
"711","lambda_pr[159]",-0.0639467646787549,-0.0728785415,0.499837829056204,0.45797602956,-0.8420716285,0.746419342,1.00093317068364,3663.07364626747,4537.14240386105
"712","lambda_pr[160]",0.613289149935936,0.63581959,0.84628827213566,0.780499736436,-0.8102822005,1.969344245,1.00015896624722,11148.5209600488,4556.46845767699
"713","lambda_pr[161]",0.230332814374081,0.213170175,0.933863210348624,0.912959497737,-1.26692094,1.793388135,1.00029202785299,14724.2024716229,5474.76295242304
"714","lambda_pr[162]",0.534533679523279,0.563276125,0.91991923181336,0.861614724642,-1.024039575,1.98825657,1.00064920750666,13066.2924190238,4932.93206006427
"715","lambda_pr[163]",0.00350045076519127,0.0073878713,0.936146527495826,0.923350299837,-1.507291355,1.53914413,1.00052961120459,18898.0554599486,4909.42234563394
"716","lambda_pr[164]",0.252661890067693,0.264033265,0.99096459982599,1.00271544198,-1.358523925,1.843794495,1.00021799847528,12539.4067644887,5841.49921367792
"717","lambda_pr[165]",-0.0816677324204338,-0.0955468475,0.959318043836248,0.917639598918,-1.630781335,1.526128475,1.00046323184069,15199.9948071098,5595.21213144083
"718","lambda_pr[166]",-0.526443786033179,-0.56469081,0.969613623124441,0.9406802740965,-2.042400615,1.144859315,1.00011530365398,10230.6045570138,5488.76868343307
"719","lambda_pr[167]",-0.026201849582069,-0.0258794125,1.03108625460107,1.03543842549,-1.73200865,1.6565615,1.00021094552809,16985.3624843925,6145.0842984928
"720","lambda_pr[168]",-0.0114707314011888,0.020900174,1.0939832715929,1.112895201978,-1.845573125,1.757976885,1.00028746644559,11548.8126626503,5461.41849870252
"721","lambda_pr[169]",0.82668494345873,0.80538461,0.795106462089345,0.774371009034,-0.414448237,2.17091988,1.00003319391648,8262.95266989549,5486.36568317123
"722","lambda_pr[170]",-0.704997753465127,-0.76339883,0.943830862769709,0.904655143791,-2.178562325,0.984798724999999,1.00067967874909,6404.25037629292,5335.73828603772
"723","lambda_pr[171]",0.0237975491253869,-0.001180642655,0.519304960877871,0.46419153354,-0.7586821465,0.9050323735,1.00105009262551,2844.35450050472,4990.17974242393
"724","lambda_pr[172]",0.320580126695459,0.34640505,0.989697127638492,1.01359735533,-1.34228587,1.887886245,1.00070786702839,19962.9338807766,5569.65180757074
"725","lambda_pr[173]",-0.481835749182547,-0.5350025,1.13708625280928,1.200385303467,-2.27234018,1.42920685,1.00025339936051,4608.42074991748,5700.06282837895
"726","lambda_pr[174]",0.338193677170255,0.30120713,0.600623752470794,0.5486605877109,-0.5862844195,1.36345908,1.00038955713489,6272.51059115734,5408.10723129799
"727","lambda_pr[175]",-0.479081603146941,-0.502998735,1.0083542061021,0.997201267104,-2.088435265,1.24066665,1.00173738895299,10211.6499191188,6152.55087269509
"728","lambda_pr[176]",0.308357426161199,0.332096375,0.930522089529571,0.904988617596,-1.29314513,1.77572804,1.00001944865151,15968.8683403303,5442.01624924602
"729","lambda_pr[177]",-0.0205388689130462,-0.055054749,0.801676320485861,0.715964575074,-1.257236295,1.384030855,1.0009866816192,11795.8549079918,5758.84862756633
"730","lambda_pr[178]",0.295470038457129,0.316085,0.924979978071274,0.873476762613,-1.270475205,1.785990235,1.00096520555518,15415.0942530692,5698.20120146654
"731","lambda_pr[179]",1.19835978170481,1.18949745,0.71977593985887,0.668330816496,0.06743916235,2.39805523,1.00015849740502,9285.5501290693,4425.29444025501
"732","lambda_pr[180]",-0.623953072449411,-0.68684528,1.02625026257874,1.030999105962,-2.20965815,1.14759031,1.00093204411214,7818.0620365979,6275.05601096783
"733","lambda_pr[181]",0.232664423091746,0.228437885,0.935449298842688,0.927149884878,-1.278197655,1.777280985,0.9998943512816,12412.5359264553,5880.66584121061
"734","tau[1]",2.29047159068312,1.92727365,1.42865532008659,1.06925586432,0.7359389515,5.12890078,1.00586548683653,848.862748764089,1162.38970548493
"735","tau[2]",2.07360026925863,1.70004445,1.442661859897,1.09140353616,0.5280676975,4.91160425999999,1.0086209783243,613.800110479455,863.918501330731
"736","tau[3]",1.84754523694363,1.4582449,1.54171557452807,1.212159593757,0.201299474,4.92254718,1.00778530806295,531.410406879995,984.816828959324
"737","tau[4]",3.10858163890125,2.83075865,1.34453019495261,1.06792152432,1.521030055,5.811261375,1.00327031086426,1791.07679605966,1784.74620267058
"738","tau[5]",3.5563195738675,3.2635177,1.5296696188703,1.37339702136,1.601030805,6.52707877,1.00159406836061,2535.95925877749,2541.21583365066
"739","tau[6]",2.4045996999625,2.0450811,1.39755689587102,1.04732806206,0.9030448,5.14999530999999,1.00500543325056,872.892826914058,1030.69017409491
"740","tau[7]",1.87238630094961,1.5158017,1.47841130323216,1.144012462971,0.2556286455,4.7352108,1.0075310753579,530.922161612905,844.499312764403
"741","tau[8]",2.22939927068775,1.9080305,1.4295359511643,1.12603410696,0.6253490105,5.07204966,1.005307426258,777.219874136908,967.959378124004
"742","tau[9]",2.0356711380919,1.6671964,1.50134949414183,1.1998726278,0.3723837175,4.997887015,1.00731408205829,636.023434976202,794.414229405144
"743","tau[10]",2.08263940180279,1.74321095,1.50180072051174,1.191505545048,0.3498974615,5.02637034,1.00630112352548,681.303045444339,1058.63494735948
"744","tau[11]",1.85738546473131,1.49058235,1.5196069663782,1.175725558665,0.224021742,4.833180415,1.0069967147489,577.4756777095,849.761065307451
"745","tau[12]",2.0707542537603,1.7026622,1.54677618081854,1.258799476599,0.3351497185,5.080108265,1.00518081310092,745.643282247832,1040.01941702866
"746","tau[13]",2.0200761271807,1.65905975,1.4743951515125,1.126885623444,0.412705121,4.95197483,1.00694604397452,638.350371397978,1062.52113709613
"747","tau[14]",2.10164488231394,1.75721745,1.50565135296252,1.18945165479,0.4060800335,5.08436044,1.00660258466262,641.038451860327,967.041670406372
"748","tau[15]",1.57260634604927,1.1445077,1.48614828106806,1.067729490555,0.1355269345,4.440909375,1.00992982033125,414.091214764411,744.108895035233
"749","tau[16]",2.21119231943837,1.8657807,1.61862376638973,1.406194297956,0.291257528,5.389860575,1.0056941624681,719.093619777144,1293.38875225026
"750","tau[17]",1.64952464577148,1.2263129,1.5371096896947,1.189079529603,0.1105751495,4.69564175,1.00903693264521,384.514315719749,872.588394675669
"751","tau[18]",1.58966387290349,1.1803171,1.48007906986655,1.09577587182,0.1295306675,4.48333398499998,1.01028703484417,400.649158635205,726.939874289463
"752","tau[19]",1.7244511572482,1.31310355,1.49215888160192,1.127161238784,0.193920249,4.649359875,1.00807829979189,491.27461957559,908.468637508301
"753","tau[20]",1.82861230521461,1.42716605,1.53191019239027,1.151991675324,0.2403324385,4.86998316999999,1.00671677030463,590.84341026307,863.009695242751
"754","tau[21]",2.13156007516625,1.69973885,1.46543406711994,1.01233477317,0.6720820965,5.08809997,1.00492808834246,904.508234273994,1003.62477310552
"755","tau[22]",1.70344477887931,1.29575145,1.50635486343732,1.123292312541,0.1658878315,4.69035628,1.00806586375678,466.683510944087,860.59591444523
"756","tau[23]",1.65127244646153,1.24773095,1.48294002246626,1.114400582127,0.154613524,4.539102625,1.00865801428057,425.789890623627,789.719357957293
"757","tau[24]",1.55617318990058,1.13466375,1.49911893152541,1.12357944027,0.1044185075,4.50373559,1.00926936782608,417.569886334362,671.579759003748
"758","tau[25]",2.3247763888575,1.90849955,1.44130350775786,1.00615359138,0.868041994,5.25422961,1.00457132152475,987.823729066954,1331.47930677683
"759","tau[26]",1.72362838601306,1.3209411,1.50190306062964,1.135992234489,0.188975619,4.65395245,1.00758253362363,438.56771309951,873.770991392799
"760","tau[27]",1.54724520742151,1.1089323,1.49975262882854,1.083538825005,0.1202105635,4.452154335,1.00877175631494,386.545479151667,755.915756267596
"761","tau[28]",2.30404640558,1.9587831,1.46693757022872,1.12498828092,0.6698586785,5.16476235,1.00511594658344,837.748560254503,1050.69078421643
"762","tau[29]",1.9101983190648,1.54398925,1.47710819802031,1.102239681648,0.3430369015,4.825594635,1.00739870294906,497.151341954494,823.84803544967
"763","tau[30]",2.4580670588875,2.0939048,1.34900551518438,0.96246893064,1.0548048,5.09449237499999,1.0053629350477,1043.08438019675,1040.80028406138
"764","tau[31]",1.50599236318536,1.07960955,1.48454708375428,1.088625914712,0.08699755655,4.46725755499999,1.00924924921092,372.443152691032,691.199426280885
"765","tau[32]",2.00072727771344,1.63733355,1.52692489602405,1.216461861741,0.313116863,4.963820285,1.0072321011706,581.995344890991,895.799041734485
"766","tau[33]",1.60781974076666,1.1904122,1.52734051062933,1.158930354519,0.101018928,4.61791090499999,1.00874124948395,410.240199572677,861.622295499859
"767","tau[34]",4.22306229287375,4.0820211,1.57593349196632,1.54785241359,1.88513826,7.03627752,1.00123334963085,2638.91859928805,3659.5629894512
"768","tau[35]",1.4386166511089,0.96989715,1.49872669819647,1.056693898302,0.06967878715,4.37683513,1.01078846732536,350.386459935755,633.640129745261
"769","tau[36]",1.7328227093479,1.31425335,1.50888785493357,1.157177647038,0.180692344,4.683379675,1.00832444587127,470.934589995574,766.858255846253
"770","tau[37]",1.66047160840098,1.25116745,1.49884858453618,1.119690906642,0.1590603075,4.642320195,1.00794368808086,479.989305232828,686.969936561094
"771","tau[38]",1.92804504612048,1.58060195,1.46502245612622,1.132503498777,0.3131970015,4.84012434,1.00606999350322,673.893057011117,826.410129054444
"772","tau[39]",2.88063236814375,2.60067445,1.40474631933043,1.14720986037,1.169590085,5.56666574,1.00382089978447,1616.30931649048,1507.56832743745
"773","tau[40]",1.58915610345782,1.1750029,1.49066665293434,1.106819603547,0.1185543125,4.547282805,1.01076223565561,419.363936173871,751.371905974177
"774","tau[41]",1.70874236860586,1.28622195,1.529484980375,1.180778066727,0.157020628,4.7192804,1.0076029105506,524.796106765709,889.099898662102
"775","tau[42]",1.81984293475389,1.4247737,1.48349700209694,1.090151917827,0.2840080285,4.79184518,1.00561564011012,533.928377423084,875.708123649575
"776","tau[43]",1.9489053831095,1.5616941,1.49930547453635,1.118199299847,0.3443689875,4.87566252499999,1.00649245295471,598.135994557645,1018.66468060312
"777","tau[44]",1.47626510513212,1.0354596,1.49241737232584,1.045249034319,0.096114023,4.48932832,1.01229090504392,356.219665753219,693.395398037735
"778","tau[45]",1.60179726867568,1.17291955,1.49865408518866,1.097150249433,0.1271784945,4.571451755,1.00921012169369,406.96555689586,715.465045142391
"779","tau[46]",1.49343498068067,1.0561646,1.50179556471145,1.052227751127,0.0975292095,4.55173498,1.00952324558106,378.655251242795,705.578530761646
"780","tau[47]",1.69734201701008,1.27238555,1.48788438442738,1.066608133458,0.203896247,4.65478078,1.00798495787673,442.364225173662,741.397633988035
"781","tau[48]",1.56297267461207,1.1397811,1.48533430388301,1.071777462987,0.114256818,4.52388278,1.01017940333636,405.995197907372,709.587779198243
"782","tau[49]",1.51485829376012,1.09106255,1.47499784727596,1.054840492629,0.107990367,4.406178465,1.0096416273274,390.386904705659,710.484943581518
"783","tau[50]",2.42511924588106,2.0786976,1.4746187680615,1.12422392649,0.742422202,5.28352265,1.00521125479972,998.575153558472,1287.99986950321
"784","tau[51]",2.8306481719675,2.4923233,1.391984696396,1.09423374543,1.26458607,5.52836292,1.00298211143637,1418.21820391061,1438.05995940111
"785","tau[52]",1.8300976594964,1.438046,1.51531807036117,1.199233968198,0.207946166,4.807703475,1.00883915131248,603.313820666712,965.975510928007
"786","tau[53]",1.93599833854729,1.5596346,1.47722786753014,1.09573888095,0.374125416,4.84640940499998,1.0075934456777,582.741499977136,872.733174277381
"787","tau[54]",2.63183701582794,2.32990085,1.52037990700907,1.28654801835,0.759909332,5.58259566,1.00321428042894,1292.60059307793,1706.11123686083
"788","tau[55]",1.51758672302966,1.08638265,1.47549849975655,1.059616088076,0.1148678535,4.479176245,1.00872142524347,407.178309857868,688.315473534473
"789","tau[56]",2.237379293232,1.90642575,1.47627430305301,1.2016858476,0.535710512,5.190571665,1.00520506596808,801.922285871329,949.053130471966
"790","tau[57]",1.56268824058004,1.13388995,1.481294857424,1.059584827455,0.1278246855,4.521015805,1.010539700803,390.767076441947,656.06137346761
"791","tau[58]",2.680827997135,2.3499934,1.37912120504136,1.06515061905,1.156624885,5.392569975,1.00349601260493,1234.16930962436,1226.44573173243
"792","tau[59]",2.7678785945625,2.4482395,1.44090143304838,1.15172178282,1.08546406,5.59804261,1.00299112048578,1418.26083235008,1644.24307860113
"793","tau[60]",1.77500422907061,1.3738914,1.50665632946493,1.107740224017,0.228926598,4.761092895,1.00760370713467,500.290576535712,853.887595578129
"794","tau[61]",2.34215322821155,2.0148039,1.54544674323753,1.29760354416,0.517049255,5.395544515,1.00681935297356,911.118152197927,1231.29604736452
"795","tau[62]",2.20926795451612,1.83428165,1.46892691120788,1.07764204296,0.634263326,5.168921925,1.00571660245436,783.185592870411,1177.37328686857
"796","tau[63]",2.26715386781825,1.89965615,1.42903314089005,1.01614868754,0.7504305185,5.105449775,1.00508891170075,883.025831965568,1147.39317187005
"797","tau[64]",1.870705196115,1.40820145,1.39820658264774,0.808867975335,0.6074800565,4.72331043,1.00499074131392,739.67115075322,811.348726954278
"798","tau[65]",1.79433297711346,1.408504,1.5469878399884,1.190414944488,0.17140394,4.806227445,1.00671194078699,599.094356454777,881.681257593378
"799","tau[66]",1.75053737630707,1.37408575,1.48312406851355,1.121328712623,0.198378988,4.70009181499999,1.00937294524438,459.962784300685,843.848720104519
"800","tau[67]",2.12711459433125,1.72320765,1.41485136346129,0.96473367627,0.708522035,4.99073058499999,1.00538970510714,734.998903487809,984.024657535428
"801","tau[68]",2.6438583095293,2.3757898,1.52225690589535,1.33467832932,0.7016076635,5.490843995,1.00395588332596,1050.43817322474,1222.61727238701
"802","tau[69]",2.63011492199625,2.29012065,1.43318275904196,1.11111388773,1.008568875,5.475744855,1.00370903904446,1311.54004849498,1521.12264867337
"803","tau[70]",2.25008023117875,1.86380065,1.38223296226688,0.88579323231,0.880597113,5.07511718999999,1.00463302881555,946.542679315153,1223.5995614481
"804","tau[71]",2.8007482397775,2.4944751,1.33206325701436,1.01863708338,1.29937544,5.40787677,1.00473042072958,1451.36524663524,1532.15245720275
"805","tau[72]",2.02475045590467,1.6606811,1.48605645455813,1.129346947008,0.3990711435,4.906186395,1.00812664732747,615.982702716563,971.108506872456
"806","tau[73]",1.9106064562531,1.5270733,1.48207751860355,1.117533827424,0.33309096,4.825643275,1.00670424559281,535.466909713354,930.255050472566
"807","tau[74]",1.77329007132349,1.3752497,1.47644020438703,1.088005654176,0.2749209355,4.69811653999999,1.00771100840186,506.158108496772,877.498242416646
"808","tau[75]",2.75722549578125,2.4937347,1.4651501057257,1.24546013151,0.903514603,5.499220655,1.00441769997817,1286.0862541034,1367.71631909063
"809","tau[76]",1.82180196629124,1.45705195,1.51256866378774,1.191004670877,0.190431964,4.70728397,1.00797246457976,577.046013524875,792.188307631022
"810","tau[77]",1.66995153755937,1.1567855,1.42874112542613,0.740093282208,0.4449742005,4.659752005,1.00833588704952,585.06516752013,791.920290831349
"811","tau[78]",1.56437424005448,1.02314745,1.46831571318571,0.7453126569,0.300275451,4.564085285,1.00764457271438,479.966256668031,672.033352377786
"812","tau[79]",1.56956833325084,1.13704525,1.52259854191665,1.104302593527,0.111462539,4.64006205,1.00960914600511,371.111029935274,774.410385007363
"813","tau[80]",1.8049704262524,1.4240378,1.49843859729428,1.165188379467,0.2083315545,4.74201551,1.00776570871723,539.12223709841,823.006706348223
"814","tau[81]",1.51699809152534,1.07869385,1.49499070252376,1.066437026592,0.111302162,4.428142435,1.01166795317224,384.010834485976,707.370541829434
"815","tau[82]",2.02183125471419,1.64200815,1.50345605429434,1.14597159285,0.3590842475,5.012006575,1.00661853769571,685.636829998788,947.301090161915
"816","tau[83]",2.21702109995767,1.8719412,1.46353992538211,1.1079447561,0.561135146,5.0693251,1.00452159932946,779.371145676065,1085.48073391898
"817","tau[84]",2.1748551213225,1.7996715,1.42364866679513,0.99615634545,0.6831066575,5.03448709,1.0084325196267,679.082552853163,1132.71069121885
"818","tau[85]",2.2311756694155,1.87553315,1.42602271745935,1.07373064764,0.689141066,5.0640149,1.00635281270875,775.298376068623,967.692750362231
"819","tau[86]",1.67324949409216,1.26789675,1.4807476511006,1.065486746709,0.200026775,4.591056985,1.00743195901234,444.613241981887,781.61992574131
"820","tau[87]",1.83283494821604,1.44611805,1.5124596558623,1.138332155352,0.2425483475,4.83835466,1.00812128481348,487.46341255572,856.281756127645
"821","tau[88]",2.24072728505621,1.9052054,1.49383205619905,1.17724785528,0.495851197,5.11673969,1.00627445266507,824.362906354792,927.439626476081
"822","tau[89]",1.76978967996259,1.3943583,1.51448107671283,1.195956028554,0.174273242,4.73259382499999,1.00936101169625,465.042786725152,770.603131311561
"823","tau[90]",1.96403441268611,1.59745495,1.49471070298605,1.15472234283,0.322196928,4.94345895499999,1.00620699927749,661.164014546351,968.435482614149
"824","tau[91]",1.5584237718778,1.1365078,1.49032108689069,1.101604239288,0.116328005,4.54630958,1.00969648124325,369.186517189718,640.538758035357
"825","tau[92]",1.55510964650095,1.14224385,1.50467914942132,1.142362299519,0.0997429094,4.447393285,1.00875516513566,400.790808423964,695.939954853621
"826","tau[93]",1.63364936874413,1.19648065,1.49344095574231,1.069498773504,0.162324441,4.50357624499999,1.00851942758214,405.954187824849,798.134236342449
"827","tau[94]",2.62709527290387,2.3337492,1.47645548726907,1.23432587964,0.858905701,5.52203022,1.0031241626068,1171.47411525326,1342.02517110573
"828","tau[95]",4.66392259765,4.5118821,1.51834063238353,1.53571555347,2.46148117,7.433564805,1.00123624253016,2064.89511552223,3158.36192934168
"829","tau[96]",2.06056481457788,1.71818685,1.5682139085536,1.283893771461,0.2707610465,5.12683363999999,1.00709610433832,648.426473197335,1056.24438465948
"830","tau[97]",2.01936141599776,1.6243861,1.46909804589344,1.059769648371,0.5016482805,4.94127963,1.0065275696913,706.579731141771,1035.65561076064
"831","tau[98]",4.5481240675,4.38261935,1.45866539716662,1.42238257014,2.44865155,7.24273678,1.00176519644143,2116.59119120661,3128.1902504382
"832","tau[99]",1.64921837099137,1.23272585,1.5314035588368,1.171319664354,0.1163553405,4.736330835,1.00858572435959,416.215267927315,810.261550479952
"833","tau[100]",2.160142411014,1.8022504,1.44955401325528,1.09644474681,0.560344563,5.04715725,1.00681884726505,774.57835884517,1006.54367515305
"834","tau[101]",2.601167968982,2.28652945,1.54846441208591,1.32039592461,0.642840365,5.641484245,1.00305751273985,1185.33259621367,1633.2427807531
"835","tau[102]",1.76038876678358,1.3896649,1.51948346748844,1.224766245339,0.1582487215,4.73365574,1.00584561070842,515.712766890386,797.159547501253
"836","tau[103]",4.0489991349825,3.8222203,1.531370657074,1.44276164844,1.93110894,6.939887635,1.00143334504685,2644.92201577149,2995.77515932466
"837","tau[104]",1.89407601240676,1.5351921,1.49201803271846,1.152062365692,0.2602652695,4.77913605,1.00788290800971,579.311532775128,840.138021329994
"838","tau[105]",2.37852246235,2.04458735,1.48014559369932,1.14841832763,0.67405462,5.27674427,1.00564222813603,957.507689935816,1373.51201913821
"839","tau[106]",1.44932105653591,0.987918115,1.49142500027257,1.03684874874,0.08414142965,4.43957755999999,1.01114129165714,361.567109962483,705.642249051333
"840","tau[107]",2.13069895044648,1.7662928,1.44688692222436,1.10656979286,0.559949682,4.92267049999999,1.00730330686414,605.189142202039,1050.16966634239
"841","tau[108]",2.71631106423,2.37988865,1.40114493009133,1.07949255015,1.139058265,5.462329135,1.00306500181908,1352.52209047326,1206.09097358397
"842","tau[109]",2.8121322665725,2.5303512,1.40825118443486,1.12378945056,1.125677425,5.575830815,1.00382569117467,1438.25635108883,1567.17813874697
"843","tau[110]",1.99158966590434,1.6046796,1.48538196983989,1.10827856349,0.3994688585,4.88427102,1.00830422066216,571.220239103045,916.829849153742
"844","tau[111]",1.846644722911,1.44583285,1.54067407761455,1.198599867591,0.197510685,4.8809807,1.00604244470907,568.036794058199,907.408375052365
"845","tau[112]",2.13841326362624,1.7703244,1.52504254654865,1.194606662403,0.413681447,5.116977705,1.00526051753407,789.030538429319,1210.49657997567
"846","tau[113]",3.10825372910463,2.81976075,1.5904225361054,1.41866769345,1.08838006,6.173289155,1.00132149726858,2095.59925919842,2270.1909386395
"847","tau[114]",1.98614605876386,1.6306594,1.5108420902519,1.170583145739,0.3044261065,4.906051485,1.00642987672764,666.485820018686,1016.3688450953
"848","tau[115]",1.84843466170537,1.4832804,1.49941770435814,1.166900737989,0.243348001,4.767704005,1.00737866711128,573.781753321014,891.481627577124
"849","tau[116]",1.96062403784954,1.5897209,1.50899882994636,1.155190963038,0.328487929,4.94316125,1.00631186711917,602.522904280446,904.682817714874
"850","tau[117]",1.90152126787832,1.5324198,1.47198495928145,1.092102344844,0.3410305595,4.875314415,1.00695932896509,580.998966944871,828.954313450299
"851","tau[118]",1.63631961798287,1.2104755,1.49584906502452,1.074438463119,0.155095257,4.600594025,1.00850054112208,433.054511678643,776.177305710542
"852","tau[119]",1.82939020797624,1.4440769,1.52171058276783,1.190378561484,0.209021659,4.85265010999999,1.00756650997015,511.566133705244,915.974921725558
"853","tau[120]",2.3421081044025,1.98603885,1.42284292410012,1.0518038832,0.824875074,5.163127015,1.00600687639522,885.370299981367,1341.59748603427
"854","tau[121]",1.3468967200456,0.868377085,1.49004794038387,1.000404268731,0.0456986803,4.245434595,1.01136068013333,334.395139176763,667.92316148999
"855","tau[122]",1.61004991527689,1.17966875,1.51876145699551,1.10099343774,0.12982665,4.645227585,1.00793162195393,417.179320526339,787.875968408937
"856","tau[123]",1.62944142300894,1.2307665,1.5049278234872,1.133242041141,0.1251662485,4.58227368,1.00821965215655,439.842212940585,786.636361338032
"857","tau[124]",2.47178564220625,2.13048565,1.41499166093208,1.07449085079,0.906825825,5.29031847,1.00523552606425,966.666871597285,1144.94310194756
"858","tau[125]",2.17780826025336,1.83227515,1.47193172504001,1.11284689887,0.551333787,5.129263165,1.00559454388827,806.177813814389,1171.68786651177
"859","tau[126]",1.5565868108132,1.1169742,1.51076318569763,1.091929881399,0.1026312935,4.598800685,1.00889656647972,398.908375774965,736.71472984363
"860","tau[127]",2.8108320176385,2.51307285,1.47302867535993,1.23450164187,0.9943556035,5.69773015,1.0033056022209,1263.63921032009,1404.39603811083
"861","tau[128]",1.58096513577954,1.15389825,1.50372202268865,1.093056501726,0.120213733,4.57121156,1.00999200201039,394.861107884025,789.462555019808
"862","tau[129]",2.03175164370805,1.6779781,1.54209566002091,1.260933271584,0.2798588405,5.058692825,1.00715191924009,685.980384466492,1149.11152083149
"863","tau[130]",1.75288402653104,1.3549105,1.48227247269738,1.126096694919,0.211834919,4.633509465,1.00786213428504,509.910690914536,759.176328145105
"864","tau[131]",1.7310843576438,1.3123176,1.51066134462032,1.108464125706,0.209314806,4.77070756,1.00939276827048,456.864968660314,824.423111766564
"865","tau[132]",2.53513571994013,2.22217135,1.5047543089423,1.22169123657,0.7197566735,5.47840943,1.00454978058144,1099.90846032212,1396.3045738766
"866","tau[133]",1.97025936881814,1.5798033,1.48713640985912,1.085160211191,0.386897317,4.922859,1.00592130064659,610.256158880936,1101.88941005379
"867","tau[134]",1.59225173646726,1.17220835,1.47006332284932,1.044018476319,0.1652362355,4.43966745,1.01008626231426,396.090637362514,754.710229507105
"868","tau[135]",1.86967135180278,1.51164485,1.49936381088255,1.17343653546,0.2375708535,4.72366458,1.00628920515999,616.402587470937,879.555783165446
"869","tau[136]",2.41341836822125,2.05078295,1.42784474009946,1.04012010564,0.8825849575,5.28439076,1.00573194885346,979.216399672659,963.347114086965
"870","tau[137]",2.17479872487313,1.8276414,1.47703408807823,1.12441177191,0.559085348,5.13562819,1.00531499071553,852.107852862294,1066.58955687615
"871","tau[138]",1.44556575107583,0.97360506,1.49556878541479,1.033363460073,0.0853213441,4.384085615,1.009831256797,360.57532145782,683.06412973696
"872","tau[139]",1.60582058342213,1.2073027,1.49646467765446,1.11158550279,0.1170537605,4.52435806,1.00786718705019,416.598177334517,696.070624877558
"873","tau[140]",1.538599461264,1.09393545,1.52115914843256,1.106684709186,0.094412394,4.570656335,1.00991588471221,417.768688672508,799.140919225163
"874","tau[141]",2.273900424611,1.90557845,1.40963072496974,1.01892070476,0.788023399,5.05517287,1.00511949461933,901.132190712686,891.214923679183
"875","tau[142]",1.71696040730842,1.25719525,1.48664777277743,1.000929509433,0.3069542575,4.687601715,1.00814336111655,514.976913042062,780.640360553869
"876","tau[143]",2.48621912276625,2.13286895,1.38550400697883,1.01137604988,0.9979295655,5.18188873999999,1.00582792544954,992.768422042781,1185.00060386512
"877","tau[144]",2.33315222905825,1.96832105,1.4673927620015,1.11932919672,0.70500892,5.20628972,1.0044570871168,988.995372526368,1265.59203408456
"878","tau[145]",1.59312057397766,1.1786335,1.50305907097618,1.112415573465,0.116502422,4.588559505,1.00940994715085,409.763973726965,713.091636599184
"879","tau[146]",2.7730488269525,2.44978455,1.45801329048551,1.15523094876,1.065755325,5.57599129999999,1.00345930333286,1525.3229755249,1330.67791115418
"880","tau[147]",1.98553765992393,1.62899115,1.47603499187272,1.10605347741,0.3938671835,4.86072531999999,1.00748434601977,670.116194408987,877.631972660094
"881","tau[148]",2.34173113069555,2.01504325,1.47566626523743,1.16229828057,0.636156716,5.210377875,1.00527448383846,796.560156259252,1163.61131603869
"882","tau[149]",3.17922340450125,2.8590198,1.40891579845642,1.15521982926,1.484884385,5.941185985,1.00268652820628,1957.1764376629,2013.68276829835
"883","tau[150]",1.86863170861199,1.50565675,1.49116340094938,1.139878470087,0.278486879,4.73636679,1.00701763296455,554.375349217174,805.164918391284
"884","tau[151]",2.20857874695326,1.87508825,1.47866413756442,1.17887760333,0.573677191,5.09852357,1.0052838052798,772.430273441738,1124.27227358324
"885","tau[152]",2.13921724112375,1.7164817,1.45029662558914,1.0006853178,0.677717611,5.071530135,1.00514139956982,931.713363447175,1016.95055354623
"886","tau[153]",2.477811359725,2.14133115,1.43434458137087,1.09310556096,0.8586881195,5.36881758,1.00450487847849,1001.5317810882,1313.40176797141
"887","tau[154]",1.8843342407601,1.52572095,1.48375534315201,1.154607196701,0.2817304365,4.81910578,1.008214658736,499.782891681593,888.839133921564
"888","tau[155]",1.67123892948201,1.2683704,1.50221605893223,1.126183197216,0.145247011,4.68570236,1.00910547827375,459.616663744443,770.183604767127
"889","tau[156]",1.79088301091149,1.3930552,1.52089198662775,1.186147643625,0.181004997,4.774121605,1.00829630474222,489.049134765992,774.857283580009
"890","tau[157]",2.25496983720898,1.897038,1.42322514557886,1.06888669692,0.7112654875,5.07129889,1.00527645364683,892.241948385848,1028.59100082233
"891","tau[158]",1.91440059265119,1.53822115,1.50251085479591,1.193244382806,0.279608921,4.83380029,1.00839080096416,548.772950848523,892.028678244691
"892","tau[159]",3.5733655465225,3.317374,1.38324606989471,1.22362862412,1.80049934,6.246049445,1.00169590647205,2407.18885663473,2352.92954832331
"893","tau[160]",2.2609300478405,1.89222615,1.46723814037152,1.08400788258,0.672107974,5.126561765,1.00505834195868,857.476986312306,1125.06050135448
"894","tau[161]",2.18161000849969,1.8576471,1.51535118983775,1.23136534983,0.4212235285,5.07592784,1.00610396615774,726.586447851714,1214.28632477401
"895","tau[162]",1.97481017536658,1.5845891,1.48329519312981,1.097345285463,0.4270777595,4.942949425,1.00776827431598,576.401033618365,959.104455384155
"896","tau[163]",1.68577161460104,1.2849426,1.48230518068273,1.124941304739,0.1710075205,4.551165805,1.01012268317625,420.455767864488,786.497390578775
"897","tau[164]",1.77274644541002,1.382919,1.46359999787332,1.08443420421,0.2691967,4.60239026,1.00681806161339,518.899694851037,746.371725061753
"898","tau[165]",1.81954625244228,1.4436495,1.4908008064524,1.130760405957,0.231851443,4.69179222499999,1.00704534865156,528.345380731621,813.19967250736
"899","tau[166]",1.56912238329694,1.13347805,1.49195978454855,1.09926079725,0.1216047565,4.54586777999999,1.00882700178542,410.056219735847,737.730379658599
"900","tau[167]",1.75413798168881,1.36289835,1.49454687078229,1.146674878986,0.194272242,4.69733257,1.00781577674527,502.127940828438,834.200222554162
"901","tau[168]",1.54259975863113,1.10966355,1.478413931877,1.036966400463,0.1427263695,4.47999517,1.00952364398748,411.053597565619,730.651079271467
"902","tau[169]",2.36539255292275,2.02506395,1.41682142223668,1.08256353366,0.799382847,5.095276035,1.0043017428171,981.425727205456,1039.51853858936
"903","tau[170]",1.85379217423356,1.52099515,1.52451911673444,1.29520795908,0.1728096965,4.74725149999999,1.00764568592227,588.409643589179,800.625014469433
"904","tau[171]",3.444530755745,3.2151476,1.35045228024155,1.13946601818,1.70184646,6.012259095,1.00199354572583,2335.49752493947,2128.69295369663
"905","tau[172]",1.70098326992628,1.3095962,1.47904886123231,1.114014676173,0.1824541785,4.553737875,1.00922551259243,451.194172817298,778.356045497944
"906","tau[173]",1.37161024529424,0.910226655,1.48687457547275,1.041188185506,0.05295134905,4.30556168,1.01066427982874,337.572886799515,681.927431749976
"907","tau[174]",2.600516667945,2.27677465,1.41317819795213,1.08713913378,0.989671396,5.372068325,1.00424759024277,1065.0482682963,1296.77165893551
"908","tau[175]",1.60581840418193,1.1948943,1.50810235263631,1.137650544828,0.1095305675,4.62183235,1.0075120929145,468.072603098575,886.299465125797
"909","tau[176]",1.96206260347801,1.582922,1.48220759874202,1.109353811727,0.3799420095,4.857292905,1.00609601761597,564.882323048072,817.630679872629
"910","tau[177]",2.1403766770852,1.7710847,1.52186746022057,1.176100144968,0.4105800605,5.147950975,1.00560430277588,791.75077142268,980.215985643531
"911","tau[178]",1.8805227465465,1.4850547,1.47883527557793,1.102275123201,0.3229028815,4.75645391,1.00798733226326,516.610430251214,887.086501857794
"912","tau[179]",2.8486092270125,2.52478625,1.46678575347949,1.21535067528,1.099545505,5.686892995,1.00432531704868,1406.21626855572,1606.6648089899
"913","tau[180]",1.59013088711308,1.14948915,1.5264056834301,1.145078096547,0.09533023615,4.54628928,1.00891057838759,422.750263818529,790.823728526589
"914","tau[181]",1.97029877625191,1.6072108,1.47243735341442,1.162258895301,0.3367814195,4.81478612,1.00677454537759,583.529911583177,844.57903258081
"915","m[1]",0.643084432533762,0.557103835,0.409520106069252,0.344181794544,0.1665183455,1.390847815,1.00476528256518,990.241192667259,1528.75006966957
"916","m[2]",0.521644245668788,0.419416445,0.390496940380203,0.293883922374,0.113794118,1.23265996,1.0058047990947,716.437840319787,2206.56703220439
"917","m[3]",0.536764049552756,0.364638995,0.560778623812357,0.37497882135,0.03377481375,1.57313484,1.00238020437641,839.567633605408,3531.43993755397
"918","m[4]",1.423644020535,1.2572234,0.802470913326014,0.62902107114,0.4879482885,2.91747148,1.00296489363637,1678.3097939598,1669.96914094881
"919","m[5]",1.3637396914655,1.14906485,0.846598804833722,0.599338025496,0.4567562375,2.993510655,1.00203385180973,2417.32481969502,2571.56116381159
"920","m[6]",0.658557765457,0.594482945,0.365973538925228,0.334218426024,0.1946224365,1.32669133,1.00444830513002,993.988936712882,1162.33170682046
"921","m[7]",0.490831121285414,0.3680201,0.444634658454656,0.327967213623,0.0421595839,1.327046755,1.0046692087564,706.836696777863,2750.19675038413
"922","m[8]",0.580894706433563,0.493136875,0.388299735953211,0.331653461307,0.1289022335,1.320297675,1.00377007236994,1055.83176855811,1846.53433952253
"923","m[9]",0.612567804049272,0.45370452,0.590436363788989,0.389501244174,0.07010913125,1.66066415,1.0032073539058,1075.33939098069,3443.20760453958
"924","m[10]",0.692776385637284,0.51777314,0.65239773146449,0.459706683366,0.0600903017,1.92204616,1.00222453308682,1273.35573382362,3250.86008148819
"925","m[11]",0.546195725811691,0.37399784,0.565828803064476,0.376200609771,0.03595003975,1.58809108,1.00251884811192,780.913008802716,2774.36332901023
"926","m[12]",0.635701870757139,0.472454185,0.611536363306763,0.420021343539,0.0555829827,1.73952233,1.00288567503448,1156.37145243016,3680.87612256479
"927","m[13]",0.70061782198156,0.4829037,0.708629099458935,0.437989351002,0.07259367465,2.073095435,1.0030636989384,979.775283141903,2843.6742869259
"928","m[14]",0.642249410156275,0.485434325,0.58739903622261,0.392604207366,0.08260031515,1.71467858,1.00248288663608,1057.3905048966,3368.77747465758
"929","m[15]",0.409453380588879,0.23816882,0.498612633896244,0.2652210182076,0.0200355018,1.29494246,1.00589178855235,534.901874952171,3386.54633861533
"930","m[16]",0.644965451502664,0.4800794,0.616003713152543,0.455484475782,0.04489475225,1.788668415,1.00241874917949,1401.80595116017,3353.98837792186
"931","m[17]",0.370705842254828,0.21578738,0.43546523407455,0.2474152464735,0.0159439039,1.18187084,1.00589321476475,515.737741392222,3073.74409080388
"932","m[18]",0.429032931188527,0.23889158,0.519261980477285,0.2780060814258,0.0159892796,1.41576015,1.00412614523196,598.252654825038,3300.10675115549
"933","m[19]",0.46484983121663,0.302108475,0.520474185114587,0.3046415041467,0.0283220042,1.42327315,1.00375632512552,653.597326652326,2881.90641547228
"934","m[20]",0.504582939455346,0.3478149,0.523260766022219,0.336340730859,0.0410601063,1.45657156,1.00597485834427,650.400131269321,3213.84738698731
"935","m[21]",1.07695791518601,0.79609,0.923059657552189,0.636512011422,0.1891857615,2.92916482,1.00504758605023,1024.24537443391,1715.29713523986
"936","m[22]",0.443090257124511,0.288551955,0.480545747077349,0.3047405774091,0.02514646055,1.30106773,1.00467474551118,673.342168358283,3692.30877534246
"937","m[23]",0.451887594184424,0.27061185,0.515650063574157,0.3029289106326,0.02220548985,1.448414885,1.00367767623878,624.599834891029,2949.83983213819
"938","m[24]",0.376009151367094,0.20620976,0.470001350666181,0.2422014107751,0.0141109945,1.218555125,1.00360368751349,504.891378641356,3077.04443244681
"939","m[25]",1.0231055263875,0.833275225,0.731243991643728,0.536361973707,0.25981011,2.40807765,1.00489085412179,1095.83541973004,1353.86817219778
"940","m[26]",0.420918672941669,0.27551722,0.443327684777726,0.2719705302447,0.0314878199,1.238944525,1.00393295622936,587.525025056195,2689.75532067039
"941","m[27]",0.3542448183594,0.20113807,0.427199082140767,0.2239309492056,0.01653522575,1.166296625,1.00480230702355,494.97262166316,2871.53880165164
"942","m[28]",0.701725190063687,0.55548681,0.588147743325296,0.394441385982,0.14232412,1.7549841,1.00636933436289,1009.84409012594,1643.45611878261
"943","m[29]",0.4834135840413,0.370249745,0.423277880021018,0.29555875629,0.07022036525,1.252672355,1.00532519217242,640.221618452347,2058.46460542151
"944","m[30]",0.742096196243875,0.64083395,0.476077465941841,0.369278876694,0.2166515355,1.59685605,1.00530701061627,1104.66258846997,1361.47345183449
"945","m[31]",0.360082135375523,0.186099785,0.468296706833844,0.2234659643328,0.0109004045,1.247298015,1.00418420205425,492.742214411924,3065.42087984234
"946","m[32]",0.644528174748555,0.46483269,0.626561537224427,0.449572741716,0.04927999515,1.81475663,1.00436211930608,1163.6211337051,3572.5629033733
"947","m[33]",0.38923682434386,0.22331768,0.465564305762697,0.2607591853986,0.01410072585,1.259419935,1.00348951438311,518.68437867207,2932.49763393929
"948","m[34]",1.50794267001637,1.2924182,0.913960460251478,0.674252535873,0.5064085915,3.28162466,1.00130643231148,3167.51274131567,4452.90583379045
"949","m[35]",0.322826534436586,0.15304073,0.434268877968222,0.1867177596291,0.008788215025,1.16115826,1.00743639079051,419.074246312508,2463.98993767723
"950","m[36]",0.439065247779854,0.29915025,0.447559214861912,0.3049772500362,0.02885544915,1.28604418,1.00357045563526,625.593769210791,3348.53224347186
"951","m[37]",0.444664306759966,0.272368365,0.517425845817415,0.2934029054061,0.02217264425,1.415863005,1.0038665105401,585.055738732046,2843.1446601915
"952","m[38]",0.798786658018372,0.57192664,0.79266343715257,0.593447285046,0.0485523733,2.29491542,1.00358212860748,1130.30726076911,2139.98166705243
"953","m[39]",1.01892189769713,0.86485865,0.693051620953591,0.513651114018,0.284700828,2.267199315,1.00271366647036,1908.09407054862,2263.26672368022
"954","m[40]",0.424398166528089,0.24477203,0.517081940027131,0.2849773481688,0.0159384313,1.363898145,1.00495670533936,628.567546191563,3405.04137320522
"955","m[41]",0.511199983754444,0.30888173,0.606667478199519,0.351598375023,0.01997822815,1.634093475,1.00425467872782,672.229056252664,2375.38662270665
"956","m[42]",0.561594082681126,0.369292665,0.607827602117308,0.351548218665,0.0493853489,1.711008105,1.0054115339935,653.564068251025,3282.55799541824
"957","m[43]",0.584371346683371,0.418666795,0.574860111776233,0.370702246824,0.06219968985,1.616048025,1.00478854262052,861.756490259681,3388.88821424102
"958","m[44]",0.367855357251353,0.17625028,0.514110003850763,0.2067331413231,0.0140350305,1.28726086,1.00565683251288,468.749391790801,2828.22653794765
"959","m[45]",0.402477973978283,0.236919125,0.479098856211675,0.2654988945126,0.0182820593,1.29577831,1.00588093071465,562.560271961442,2756.61991904132
"960","m[46]",0.346099962791515,0.180091875,0.426651148826364,0.211596568218,0.01233082005,1.2042678,1.00752219118198,410.284869939134,2849.28883114373
"961","m[47]",0.500150606598719,0.309549485,0.575051547963242,0.3154802182392,0.0324841809,1.55091165,1.00333578619716,664.551849293914,2816.92871086258
"962","m[48]",0.374813672780296,0.21440456,0.443266490787583,0.2445523540278,0.01486489865,1.237029055,1.00613120422268,489.180426773348,2826.70933726088
"963","m[49]",0.376940364767185,0.205083515,0.476147087675076,0.2350434950703,0.01461762325,1.269552,1.00481854571381,516.701353059915,2889.64262205414
"964","m[50]",0.901823586171229,0.70955254,0.75442568101879,0.506591995812,0.170718559,2.341252105,1.00282141154799,1514.26827951718,2124.05875298145
"965","m[51]",0.80548454108125,0.713814165,0.463314355370358,0.375352191921,0.279163102,1.629898285,1.00320596265646,1420.63759841947,1230.78595205103
"966","m[52]",0.49863093836442,0.34448882,0.513912988230292,0.346318962444,0.0303022677,1.458588045,1.00436935555555,696.993601223135,2577.68330377602
"967","m[53]",0.56868377939495,0.44504144,0.476491186076942,0.376793138274,0.0740305799,1.481826195,1.00479049616097,729.066532040265,2040.90071357864
"968","m[54]",0.886731682730425,0.71859799,0.692278531644934,0.500339864199,0.163832308,2.168708685,1.00387137708198,1993.65373469253,2393.39501216154
"969","m[55]",0.441499796336047,0.22827769,0.574029857272131,0.2762466725928,0.01317248435,1.53524337,1.00558085341984,515.237454492368,3041.80555265901
"970","m[56]",0.646003702969857,0.52989514,0.505623227463306,0.374167260936,0.1167524495,1.56885102,1.00255766577977,1130.31706006968,3158.54960190931
"971","m[57]",0.404226855342101,0.236231875,0.471150074134565,0.2668057048545,0.01828991505,1.284327215,1.0064050566581,499.265632636147,2680.8941505681
"972","m[58]",0.782982265777125,0.670929365,0.506525101408869,0.369518620527,0.2481492115,1.670628105,1.00342569100166,1271.72517198525,1422.41944029013
"973","m[59]",0.923093520727125,0.778176555,0.593631127862517,0.441494662182,0.2885622835,2.04247613,1.00330277139899,1554.5914279218,1502.32750485656
"974","m[60]",0.485512802184793,0.333597065,0.500584619817206,0.322506516129,0.0371505429,1.405555485,1.00428482306942,689.914893355173,2538.41089231288
"975","m[61]",0.69580885269178,0.551279,0.595663602099398,0.425964664398,0.0972286424,1.78631335,1.00359305196644,1287.98405360599,3586.22399960501
"976","m[62]",0.837760273635825,0.642004505,0.724822333068856,0.47266955925,0.1541894185,2.23732003,1.00497175038041,1098.27017962882,1952.75401025013
"977","m[63]",1.14110639186973,0.88794069,0.931917282146591,0.68437816755,0.1871412725,3.049355915,1.00473307589935,1195.5754572693,1577.22263542195
"978","m[64]",1.1673924386697,0.895769215,0.996424507540048,0.804640637955,0.152408871,3.103287285,1.00471397639106,910.42600205629,1157.18238351102
"979","m[65]",0.500250515980268,0.32445536,0.557987593349071,0.3603873086247,0.02245732045,1.525564275,1.00298374716231,650.360869496967,3454.83676159455
"980","m[66]",0.45698757248493,0.29903751,0.501930142360172,0.3043811736714,0.02875137885,1.354999665,1.00462556331313,653.832404385493,2881.41913025528
"981","m[67]",0.696897292764513,0.56439991,0.534472737663524,0.386126431446,0.1602101735,1.646586505,1.00538999093089,876.353970042,1258.11431686677
"982","m[68]",0.906520514060989,0.737722475,0.71220846724257,0.513494180808,0.156990445,2.268093165,1.00220419267257,1961.50604607307,3142.22678229448
"983","m[69]",0.9740656971575,0.772933175,0.729230167147617,0.495111571668,0.245562331,2.42026206,1.00367012993772,1500.40217060132,1539.24978257762
"984","m[70]",1.10610157511087,0.87959875,0.864744511781411,0.630681961203,0.2175251075,2.80488045,1.00374340490116,1095.99765725501,1275.32155885583
"985","m[71]",0.929469986400625,0.80986429,0.56710609157821,0.449318327556,0.291382129,1.948170995,1.00286396629509,1600.17439237912,1418.59844775654
"986","m[72]",0.641463109615429,0.4988027,0.552890360472199,0.408343377771,0.0779044652,1.67760084,1.00326525169787,1097.65825961534,2894.10844093242
"987","m[73]",0.527818446615901,0.387872905,0.5017165850589,0.340934848653,0.0560706849,1.4490215,1.00359121116037,813.729709817903,3068.67610404275
"988","m[74]",0.533397243494599,0.36001361,0.573508210876019,0.34307756889,0.0455773644,1.53984913,1.00436574289113,654.146004695886,2782.62607039877
"989","m[75]",1.16194614767581,0.94756528,0.870813588827699,0.648222542499,0.2201439525,2.896030725,1.00206914394498,2039.46022328855,2586.67583982139
"990","m[76]",0.52368893436101,0.363146125,0.537769699784254,0.379869822381,0.03020402565,1.520608215,1.00441129067159,732.926070486417,3439.55342315813
"991","m[77]",1.18377501284282,0.89588502,1.06095599570714,0.899750250798,0.101003223,3.27734062,1.0055620799275,850.809612396821,1504.64438977688
"992","m[78]",1.03067782060886,0.53458925,1.17767443313267,0.626939841738,0.05282130995,3.5779314,1.00680336363875,703.244229794166,1852.39390742182
"993","m[79]",0.388971127912804,0.21816606,0.482495513268637,0.2538503679915,0.01340615855,1.280637685,1.00546723882528,503.50705204402,3122.88106738281
"994","m[80]",0.496940963042832,0.346182045,0.512349582856566,0.343073551044,0.0321096709,1.43578024,1.00504785094079,702.765572088667,2945.26642327987
"995","m[81]",0.355532083093783,0.199240495,0.440869695214221,0.2243568786879,0.01502614275,1.17453474,1.00636257568206,497.571673345458,3058.16691883672
"996","m[82]",0.627498254111126,0.47962043,0.564712154236834,0.402998982834,0.07102266255,1.693929315,1.00456000993266,946.364948883401,3503.44968059431
"997","m[83]",0.904543384394113,0.721057995,0.7395594373676,0.575153965491,0.119324485,2.312248375,1.00396010314172,1589.33550621243,2835.40253120287
"998","m[84]",0.655085833997437,0.5362199,0.493967734308882,0.362401428879,0.1520514665,1.531251205,1.0066239214275,836.514484859807,1575.03530046575
"999","m[85]",0.6287489522046,0.505038805,0.472689787645002,0.332981418714,0.1561075895,1.494448395,1.00555576962552,922.831148087017,1583.9553211121
"1000","m[86]",0.487374037636847,0.295776235,0.583633489837845,0.3060201835236,0.03005565395,1.546666685,1.00471646447847,656.802310199996,3447.26410535828
"1001","m[87]",0.49413191535566,0.35453836,0.485657727427581,0.328450281768,0.04255659735,1.36479135,1.00459115057966,689.177790656539,3597.73378622757
"1002","m[88]",0.659610303891027,0.52738833,0.53792147745489,0.383044306197,0.101741387,1.630721805,1.00349252070612,1178.96744570592,3245.40938056869
"1003","m[89]",0.426752928899074,0.28435747,0.451906401027335,0.2901954456009,0.0262633865,1.284741715,1.00337350438062,614.082531974399,3090.73844796604
"1004","m[90]",0.671547223037914,0.471184205,0.662450521533068,0.440201160399,0.06245200245,1.96381851,1.00419005900725,1017.20512015734,3350.44145872748
"1005","m[91]",0.346953725940152,0.201560415,0.397816462819178,0.225938113842,0.0159389642,1.14444621,1.00800238440474,451.995990100711,2842.07466322181
"1006","m[92]",0.380806434312684,0.20497473,0.475011530463399,0.2382411867654,0.014877527,1.29287522,1.0050027212335,526.390630382632,3315.18469889784
"1007","m[93]",0.434124969397343,0.263738665,0.493125706874939,0.2882432980266,0.02393406645,1.350397705,1.00445160740573,515.856067716073,2622.84926626992
"1008","m[94]",0.852835398357887,0.70644734,0.620424503916583,0.464193720375,0.189909074,2.004392755,1.00347911211264,1731.04851663472,2322.51709186531
"1009","m[95]",1.8362314562325,1.6334239,0.929361091456211,0.74789779239,0.7541407335,3.58038989,1.00217913475886,2104.80110112637,4952.56364764386
"1010","m[96]",0.616156170931859,0.459392215,0.603356111364288,0.437125647546,0.03854758315,1.702585495,1.00277165753014,1154.81904857079,4007.8437927306
"1011","m[97]",0.71204223291195,0.56567471,0.586727588405732,0.45817580991,0.109678945,1.81704123,1.00455843856834,988.557153977425,1702.09055905928
"1012","m[98]",2.18535687752375,1.9779929,1.04483733367135,0.91365410325,0.891107443,4.195087275,1.00261902323949,1687.23589843077,3657.96372135006
"1013","m[99]",0.398131237564288,0.24462732,0.462320570394466,0.2786835391872,0.0155082507,1.240702975,1.00562366506633,528.940020648169,3035.45440109223
"1014","m[100]",0.70686931659245,0.57158763,0.561462256015778,0.431290289619,0.1123097,1.739540535,1.00396594974697,1184.55487519144,1919.69580478651
"1015","m[101]",0.815129101542412,0.68865792,0.609607135923292,0.474675769092,0.139553425,1.93583946,1.00304106767291,1702.18178056785,2678.16841900278
"1016","m[102]",0.501209968949755,0.313015055,0.565276771649059,0.3541818448119,0.02135924005,1.558243185,1.00442468971628,718.746304200763,2776.49921967362
"1017","m[103]",1.64267932868829,1.4175909,0.945690876058665,0.741143652417,0.579989264,3.43762009,1.00129723843714,2401.16751588323,4292.40321260609
"1018","m[104]",0.60313065295726,0.42341443,0.61518396842161,0.427960066086,0.03640430775,1.765230585,1.00528434117226,888.451100437316,3255.91213735816
"1019","m[105]",0.729189558654412,0.604510855,0.534290660825323,0.401859634386,0.1535466365,1.711259415,1.00545927358662,1157.4779600205,2415.90332008154
"1020","m[106]",0.340906461586881,0.17023107,0.448367024947113,0.2051397458838,0.0104831536,1.17110627,1.0059186837639,455.842105044774,3334.82976610732
"1021","m[107]",0.523512906364663,0.421178555,0.39770648064747,0.292912085487,0.11378615,1.25027631,1.00630079909535,697.782131664182,1591.894668032
"1022","m[108]",0.8621466690245,0.757929,0.513477151366801,0.418608566586,0.2745923525,1.762308615,1.00359894639184,1388.01334324562,1418.56362131529
"1023","m[109]",1.6458869531022,1.44158235,1.06254822427175,0.927642886443,0.35291339,3.69546354,1.00322986872783,1402.38324194708,1799.80976910091
"1024","m[110]",0.517302063257796,0.40136018,0.427157507256299,0.315419940171,0.0801951509,1.355073315,1.00539614073957,721.419447357303,2725.89184370551
"1025","m[111]",0.607652518268539,0.381133835,0.691977654614986,0.4207620757032,0.03024764225,1.91777857,1.00392522961481,829.556713561183,3660.63743573915
"1026","m[112]",0.716496799220158,0.55530477,0.641396147540955,0.4779109209,0.07199927255,1.93197957,1.00353304456218,1190.98309233629,3040.11670930829
"1027","m[113]",1.22066130438677,1.0130734,0.842338314854038,0.622954353483,0.2976914165,2.892388675,1.00161857369223,2721.89122541706,3512.112370839
"1028","m[114]",0.623157686710306,0.45158796,0.603785201988401,0.423885614418,0.05366658255,1.73913611,1.00591538373018,820.2221547458,2535.03214938748
"1029","m[115]",0.508094899194348,0.35287121,0.507864228370484,0.342679157205,0.03833794555,1.47211066,1.00380224992258,720.940374730342,2987.28358867631
"1030","m[116]",0.547807762284799,0.423575525,0.455337146263356,0.355618348554,0.0675792485,1.37913417,1.00401270969379,808.723512174862,2838.79483853097
"1031","m[117]",0.528163470037962,0.39191689,0.493945737612332,0.339035786313,0.06034691345,1.43494473,1.0047195865869,703.297625632575,2378.3734293158
"1032","m[118]",0.411897774359185,0.25309108,0.461121906206295,0.2753768956659,0.0205823662,1.276723155,1.00478313494638,555.231732306366,2346.66596671646
"1033","m[119]",0.483791208717673,0.340724115,0.491905966985632,0.334115830104,0.03255055225,1.37339526,1.00444762191187,689.818630157805,3217.52041929155
"1034","m[120]",0.770194793858625,0.65266437,0.55188552061804,0.41370892941,0.18977662,1.737234585,1.00481144138999,1063.14731753706,1230.84993809885
"1035","m[121]",0.312339049016895,0.11206701,0.467579318260699,0.147030605841,0.004752793635,1.242971125,1.00505395370948,400.898438967166,3077.32457539455
"1036","m[122]",0.42648543424072,0.240519025,0.518623195431536,0.2734426942233,0.0173842714,1.41577596,1.00491131881808,559.337935101811,2795.42320099213
"1037","m[123]",0.429367227521633,0.24881818,0.505173927960959,0.2855354588541,0.0186655186,1.400483725,1.00551590455277,515.967935824207,2701.95289793966
"1038","m[124]",0.87105922576425,0.731196585,0.6049715475009,0.468208141569,0.218022804,1.984006745,1.00456363091344,1320.20353098075,1636.51625647179
"1039","m[125]",0.735734597601659,0.566467295,0.66021384606215,0.450078641901,0.1050523105,1.92849176,1.00299982266153,1264.59241753836,2835.10838159813
"1040","m[126]",0.358234618792926,0.206840995,0.426481887056913,0.2397507975135,0.01403276775,1.16074558,1.00403871666678,514.003653428592,3337.95857131934
"1041","m[127]",1.15246740593275,0.915967935,0.88967103822748,0.629960935758,0.2339307315,2.911573225,1.00262545524528,2051.99797535014,2313.39599787225
"1042","m[128]",0.371576128974075,0.228885655,0.429272148594244,0.2526141405291,0.01618435625,1.160798865,1.00585355403329,469.490058768802,3738.62319197348
"1043","m[129]",0.5945765252757,0.43765888,0.583050972758185,0.410325806709,0.0477615178,1.65447581,1.00285963691406,1104.52698072054,3274.4928031729
"1044","m[130]",0.551867861776473,0.344479435,0.618128296613508,0.370046781951,0.0315788035,1.760984755,1.00296626715868,746.450860489775,2653.17841468961
"1045","m[131]",0.441938178701214,0.28144149,0.497735167678299,0.2752201670547,0.0340259682,1.36397523,1.00677097104846,537.082028030985,2599.56604361938
"1046","m[132]",0.769302302447711,0.636464635,0.57425343163046,0.408490896471,0.1668837045,1.79781021,1.0031154378065,1677.36951886123,3280.5896654193
"1047","m[133]",0.715167783130213,0.5238191,0.67443790309291,0.471096861648,0.06965946015,1.989828965,1.00425007637509,1106.49943778291,3502.37795250156
"1048","m[134]",0.406151963846812,0.24894141,0.452385250847302,0.2655402219876,0.0211551084,1.28439095,1.00561849481947,529.592224179417,3146.76091670712
"1049","m[135]",0.533667548424618,0.381266355,0.528988831619098,0.37954893585,0.0350173037,1.541679165,1.00385160750565,826.291252078251,4377.29907934306
"1050","m[136]",0.685333563263875,0.56167976,0.518238156902793,0.359223416475,0.171452806,1.59815452,1.00493359921506,1186.97203296083,1834.97508739229
"1051","m[137]",0.766377786169213,0.57815188,0.677379127788999,0.438390312759,0.1238642975,2.06605154,1.0039056836302,1214.15827351826,2227.65421942816
"1052","m[138]",0.343238656499272,0.169146515,0.439376912948515,0.2027888463678,0.011631218,1.218147025,1.00545668439578,406.328863159463,2413.36323496495
"1053","m[139]",0.413290323860417,0.2348387,0.490321799182451,0.2747839631544,0.0145743309,1.363873375,1.00643019017779,559.183144394595,3174.07166890311
"1054","m[140]",0.3742519493073,0.200381255,0.46440110842533,0.2380291304874,0.0124934431,1.282178685,1.00531023197738,481.145093084382,2091.82508752559
"1055","m[141]",0.9435794572299,0.7725016,0.695753468919499,0.525312726708,0.206073021,2.226459035,1.00494509000973,1097.43056059589,1092.68203202211
"1056","m[142]",0.717986724672661,0.427681375,0.830428747205061,0.416608353861,0.0628037711,2.500875205,1.00382559423055,773.592103827841,3566.37530536714
"1057","m[143]",1.06119528361925,0.87216034,0.77875429295176,0.581013697362,0.245799552,2.479351605,1.00566424963702,1141.85623486568,1071.4959593991
"1058","m[144]",0.959345700021887,0.7291927,0.83457382736047,0.546194280387,0.166635401,2.62649448,1.00420625921098,1468.72216981708,2960.93955585784
"1059","m[145]",0.38797589771274,0.2349552,0.447462683207499,0.2603442197433,0.0161864797,1.258036335,1.00579465756081,517.113779946245,3217.7791238063
"1060","m[146]",1.01510715983025,0.83080671,0.732053765880978,0.511293224043,0.272209622,2.3705996,1.00304618269713,1515.1258490809,2333.52235659245
"1061","m[147]",0.6867511739822,0.50913989,0.636374774881166,0.459115155618,0.07102321905,1.89831627999999,1.0045749960476,858.784650395012,2455.23060003689
"1062","m[148]",0.630301337864313,0.537054225,0.435426978409297,0.349492089681,0.1372435575,1.41746993,1.00422932192889,1023.06952134651,2540.76887466422
"1063","m[149]",1.42577123235625,1.2140051,0.892020520824442,0.66805540872,0.4404361375,3.108892955,1.00339372476547,2005.02986308993,1877.0266665698
"1064","m[150]",0.586901920764254,0.38453369,0.648818426347687,0.371308363356,0.04412072785,1.79317962,1.00294713049711,924.652737930634,2488.66830074693
"1065","m[151]",0.6119920354016,0.459168825,0.543150580142514,0.351870891729,0.109320905,1.625632745,1.00470635846031,1114.99849841387,1905.99192545025
"1066","m[152]",1.22331099220256,0.912048505,1.03890163291553,0.74857534059,0.1880299795,3.336449485,1.00523986194218,1046.73594785468,1447.02273103276
"1067","m[153]",0.681298177854375,0.571691315,0.473845144520523,0.352881832191,0.1744143,1.516857805,1.00258579323409,1220.7809959664,1548.74987742731
"1068","m[154]",0.536856445609544,0.376099545,0.537923859264302,0.348531275925,0.04503424115,1.513808435,1.00549194245286,817.382437630787,3362.84007255476
"1069","m[155]",0.427583804866255,0.26552069,0.4842787495104,0.2902029193875,0.02237016565,1.29289719,1.00490550627527,604.158813661718,2606.74847265551
"1070","m[156]",0.506008736554874,0.331131615,0.544798979630521,0.356909722806,0.02856459805,1.526270245,1.00505459334813,781.657698663916,2842.87025472064
"1071","m[157]",0.885581306550625,0.751699665,0.629119364853756,0.508611356316,0.187282211,2.05394624,1.00463248543479,1123.08444635769,1786.67658412234
"1072","m[158]",0.59550698525121,0.413970165,0.615627974831182,0.409612957803,0.0395523884,1.74719887999999,1.00354970737651,915.818321006249,3121.66513390969
"1073","m[159]",1.15855594738375,0.987862585,0.703843784409269,0.486340747284,0.412964434,2.5063078,1.00191183031162,2351.41773252796,2877.14133237571
"1074","m[160]",0.710420280581239,0.58155953,0.552190152431511,0.386064844242,0.1572267475,1.6444756,1.00377756369983,1131.4798640873,1871.86012522661
"1075","m[161]",0.519703319027425,0.43213317,0.400345225826427,0.316617050715,0.0857742532,1.230357085,1.00410232340148,854.080866706922,3269.64293406488
"1076","m[162]",0.556583756994431,0.40857279,0.521429679306415,0.322589549142,0.0858212934,1.51899395,1.00415958612632,749.535540762767,2598.04805312797
"1077","m[163]",0.3913279598975,0.265885105,0.396224471641238,0.2636749303104,0.0267083807,1.141764035,1.00490438877047,541.244620577463,2986.84510517586
"1078","m[164]",0.535481818849513,0.35027241,0.564514271374937,0.343696932453,0.0441660934,1.586753315,1.00466954160786,703.479626928759,3002.90214367697
"1079","m[165]",0.47723217899196,0.33407045,0.474472445358113,0.321693917895,0.0393926819,1.355197265,1.00485448427107,698.314379282909,3824.38286073221
"1080","m[166]",0.413190254804083,0.229325185,0.520249677046046,0.2625719641251,0.01530682445,1.388676525,1.00583920357996,487.072278232003,3382.48367735159
"1081","m[167]",0.481774281628359,0.32166047,0.498226842993022,0.3303372075444,0.03224060375,1.40647362,1.00330638455581,730.81499172147,3462.78682517663
"1082","m[168]",0.390797212764307,0.21326582,0.48937233083698,0.234592153824,0.0192240116,1.31825726,1.00533153052089,526.797498020402,2929.07053044002
"1083","m[169]",0.8054072906922,0.63091761,0.664322916036755,0.457461293079,0.163548721,2.009976725,1.0044983484271,1199.93085168633,1128.3421358102
"1084","m[170]",0.576838848424824,0.365122765,0.64573529045662,0.4143821313681,0.02297078325,1.816715925,1.00436436023574,738.612235357674,2811.29868876165
"1085","m[171]",1.7135915559025,1.47596685,1.04493362136987,0.87105359376,0.4892256635,3.738971135,1.00252458397942,1712.43521654244,2002.32924458842
"1086","m[172]",0.454544868953139,0.298721915,0.48305887351083,0.2975487079404,0.0324821573,1.36007665,1.00455835614699,595.873088340766,3517.66416787897
"1087","m[173]",0.297757587049412,0.124172515,0.414539777954896,0.1586425573614,0.00639160319,1.13133199,1.0047209056244,401.653722852049,2887.52353891127
"1088","m[174]",0.850114046924125,0.72249628,0.571655809414253,0.439471980654,0.2309348635,1.86933378,1.00330000808683,1462.69752959457,1820.46939195815
"1089","m[175]",0.413009986200004,0.236926105,0.501803810040201,0.2762542308876,0.0151583307,1.34718308,1.00444292859859,545.91890727198,2481.50758567919
"1090","m[176]",0.45993635706978,0.36137475,0.370366435094074,0.280775395866,0.0699048816,1.16213102,1.00391737917841,676.117869657151,2335.32203869214
"1091","m[177]",0.640492555003444,0.50406667,0.537900607699337,0.415160832177,0.0906902476,1.62923078,1.00376909083253,1083.62102227907,3396.6859192971
"1092","m[178]",0.518731491432616,0.380378275,0.477038967136523,0.337937142648,0.06152414655,1.394560655,1.00472708307006,703.679035857906,2929.64949356919
"1093","m[179]",0.970758225810625,0.87168351,0.531144581550787,0.463878319464,0.318442379,1.963588955,1.00306044826477,1791.73905385174,2405.91397881287
"1094","m[180]",0.392392915002388,0.212851045,0.491716831120769,0.2597325701481,0.01051631755,1.304056955,1.00440039421019,552.853139165642,2449.4546524895
"1095","m[181]",0.585405467374524,0.42781864,0.556415057861083,0.385064793477,0.0608044334,1.60311195,1.00434166796485,1066.90198460353,3285.50375440473
"1096","bias[1]",0.206828579843388,0.195737545,0.0955517298095003,0.095491070997,0.0691061747,0.3814150775,0.999806054581707,9766.08821718795,5363.69437671366
"1097","bias[2]",0.47621161203625,0.47664248,0.0947449682434498,0.093341716125,0.315319329,0.6316695685,1.00107706174483,9932.20964659414,5710.35031417217
"1098","bias[3]",0.4575705803725,0.463519205,0.0598280883082061,0.05445026412,0.3494953215,0.542166463,1.00233762421143,7452.15540330596,4901.63674887772
"1099","bias[4]",0.0467766546581262,0.038610076,0.0338848993199277,0.0283086339312,0.00874341144,0.113185366,1.00031672966156,6608.66379531665,5264.58134201825
"1100","bias[5]",0.171325080941525,0.161933825,0.07682497174779,0.078660195495,0.0613876791,0.3126911285,0.999809001196793,7250.19147962175,5912.97219485731
"1101","bias[6]",0.181684232505787,0.173768725,0.076522566685323,0.077205646287,0.07040555645,0.321486219,1.00013383405392,9162.20641235564,6316.97999680515
"1102","bias[7]",0.6486298955995,0.679729125,0.148483627870049,0.144448465203,0.354983047,0.8330358375,1.00212201310958,3990.79674080278,5905.78854977419
"1103","bias[8]",0.308571702844,0.305622465,0.10497306750419,0.10899511812,0.139945825,0.490192689,1.00051507316989,10222.3589043129,6014.79675032022
"1104","bias[9]",0.65292484854875,0.674056,0.0995347087029604,0.0850701054,0.4560142025,0.778983138,1.00003305259935,6357.38936883216,5115.6506596427
"1105","bias[10]",0.647978210363125,0.682562295,0.143753710020563,0.13621076154,0.364485921,0.821814713,1.00064439865181,5193.68311465294,5703.09332108778
"1106","bias[11]",0.67302634153375,0.695867565,0.0980850576602641,0.076555859772,0.4714001445,0.7873369495,1.00142943800014,3747.09779089104,4240.65163862902
"1107","bias[12]",0.77577631486875,0.778186025,0.0367527311934422,0.035599316466,0.7108596415,0.8321517365,1.00010237334413,12580.8886058581,6410.96702106342
"1108","bias[13]",0.6958558022525,0.717864875,0.0999512941261446,0.078917448834,0.494350732,0.814426611,1.00016567564032,5488.54860250985,4237.53061781028
"1109","bias[14]",0.5801744594975,0.600535885,0.119071310592657,0.11481958635,0.3573908775,0.7401988405,0.99987246467993,6761.17629713526,6053.10278772499
"1110","bias[15]",0.84092222444875,0.8425825,0.0324868865570176,0.032472149829,0.7846147455,0.8909973265,1.00099067882769,13040.7552309089,6332.14860510535
"1111","bias[16]",0.777252937815,0.79070061,0.0677045718343069,0.052301257659,0.647599119,0.8576216215,1.00150224861323,4251.60767612905,4396.54087629762
"1112","bias[17]",0.47096560221625,0.47208028,0.0472108960673934,0.044776995942,0.391351879,0.5442337025,1.00059856656725,8059.56596652334,4219.05224000443
"1113","bias[18]",0.510396647455,0.51301869,0.0490750443566532,0.047052868485,0.427539203,0.585873288,1.00002674267215,6923.29492335006,4367.28111480878
"1114","bias[19]",0.501506789700375,0.52229177,0.110852423582068,0.10693630563,0.2883847275,0.6483221585,1.00022168252583,5137.06013425506,5535.62334027091
"1115","bias[20]",0.417322479320375,0.423798255,0.0608712841834932,0.054261069534,0.3074665915,0.506342526,1.00007550505426,6853.14154512321,4679.77230728519
"1116","bias[21]",0.251437380971,0.245620805,0.102474288333341,0.10447771005,0.0925130856,0.430996289,1.00151855092925,6546.45935161249,4705.90943691335
"1117","bias[22]",0.47914153096075,0.489397015,0.0734591940150753,0.066199431753,0.3436287265,0.579512455,1.00048525872233,6224.69446073985,4347.16458426877
"1118","bias[23]",0.41616976358125,0.416948205,0.0485828831433499,0.047607271929,0.3331509155,0.492907954,1.00113045073902,8334.29491232945,5475.7018385642
"1119","bias[24]",0.47430926904625,0.478870825,0.0549147799458758,0.049655328156,0.378508147,0.5542075495,1.00074183788568,4169.69654450936,4107.99030996421
"1120","bias[25]",0.414750165152625,0.41003724,0.14108451664669,0.150187706172,0.18834166,0.651514962,1.000149342739,11904.7871024036,6167.26139182407
"1121","bias[26]",0.49563186842625,0.49586287,0.0412033066002094,0.040579836885,0.427330164,0.562643909,1.00064254046562,18541.7464551078,5436.79979930708
"1122","bias[27]",0.405209369215,0.4109778,0.0610901173361324,0.056056594503,0.29460414,0.4952060625,0.999921037889689,4968.16621439103,4275.91326407705
"1123","bias[28]",0.453758108373625,0.461765955,0.0861493697451312,0.08545795356,0.296668156,0.581737016,1.00014589197054,5641.39859850784,5858.32976874264
"1124","bias[29]",0.413799979890875,0.41485538,0.140930352330892,0.154442427174,0.181959545,0.6426258935,0.999889787130279,8913.52016690865,5913.90855142317
"1125","bias[30]",0.413940060219625,0.42035795,0.12926437073944,0.136435642308,0.1932168795,0.6178042145,1.00028752138207,8774.23743972568,5547.94927647928
"1126","bias[31]",0.353025707215,0.35279496,0.0387492515095696,0.037867486902,0.2902913825,0.418573647,1.00064555061651,13100.1186045763,6106.29145315187
"1127","bias[32]",0.701878873065,0.704954415,0.0450174736199781,0.043548743385,0.6247327025,0.769019364,1.00157833299924,10464.7214556171,6094.59514086259
"1128","bias[33]",0.495604480015,0.50110104,0.0577766073535826,0.051019950261,0.391766158,0.578367811,1.00061650613327,4339.15435459725,3326.01062181714
"1129","bias[34]",0.694454911718875,0.72202528,0.181553963942007,0.194713549674,0.355993841,0.9457223025,1.00028457369001,5173.52966379048,5161.11412113697
"1130","bias[35]",0.5259776915625,0.529750095,0.0523456787247041,0.0485153199509999,0.436598456,0.60298222,1.00042483561329,5456.00065899439,3934.2971345624
"1131","bias[36]",0.446783786620125,0.464047535,0.103151324678383,0.099204687477,0.252098269,0.5845876905,1.00004587582131,6258.62142569367,5609.75319878842
"1132","bias[37]",0.552183893860625,0.57236182,0.0963351109405959,0.0796326847259999,0.3595050055,0.672316093,1.00029251925555,3083.23762145628,3262.03153156615
"1133","bias[38]",0.513662760271,0.53316599,0.0988734559756886,0.086620096983,0.3168597275,0.640172496,1.0000436884203,5521.42031416199,4816.46928282216
"1134","bias[39]",0.292932401732625,0.294262335,0.090179048462143,0.095075913345,0.143452357,0.437144883,1.00016332044289,8406.43904995685,6099.5513843233
"1135","bias[40]",0.41806266111,0.42197323,0.053540320361252,0.050548053507,0.323875126,0.499011448,1.00021426186392,5707.41678619028,4872.80718993804
"1136","bias[41]",0.65044464640875,0.663236665,0.0697879842386036,0.055412486346,0.514046219,0.7387246555,1.00149428685914,4072.49035295245,4148.2716011705
"1137","bias[42]",0.441789596125625,0.454085865,0.0964065642369239,0.0943126782779999,0.261860594,0.58159055,1.00070149518261,5125.74535914583,5419.8083492425
"1138","bias[43]",0.450822829718625,0.45971003,0.089606753115288,0.087704744904,0.2871434215,0.578750426,1.0006216523588,6581.73259735942,4951.83705955132
"1139","bias[44]",0.4553440857715,0.473080445,0.0960901354193396,0.085375632195,0.265604041,0.5811425335,1.00171342014373,4009.15708735235,4380.46527705995
"1140","bias[45]",0.57114608414,0.583546515,0.0745654098751295,0.0620840232600002,0.42898755,0.6688772275,1.00116974740768,3675.39640746439,4083.93513441767
"1141","bias[46]",0.577202537147625,0.58709852,0.0672543465523485,0.0548744063280001,0.4541699175,0.665167983,1.00178443184793,2956.77181386848,2577.42664573505
"1142","bias[47]",0.539975663460875,0.56300952,0.143636490860821,0.145692522276,0.2660797265,0.7315588985,1.0010989354748,4294.39838765328,5505.53909225078
"1143","bias[48]",0.553923112466875,0.57614299,0.101251080962927,0.0858593378579998,0.351032869,0.6799642025,1.00079955637363,3065.80989149914,3973.79340353427
"1144","bias[49]",0.510365218635875,0.52630944,0.0875518438091524,0.075479284608,0.3399438825,0.621571521,1.00075606244126,3155.17675918163,3370.3571164238
"1145","bias[50]",0.48423990510875,0.49363437,0.097589526314702,0.095662029603,0.3065225865,0.6284919145,1.00065816536879,8318.46832946012,6111.6428180992
"1146","bias[51]",0.3507817072625,0.35114821,0.0635184310985482,0.0643558705440001,0.2453941325,0.4554690375,0.99970562159344,10729.6800298175,6804.78077872792
"1147","bias[52]",0.34105921934,0.347798755,0.0682854671910931,0.0661973487,0.2176468955,0.440709514,0.999942994685092,5842.57241273346,5258.29593186336
"1148","bias[53]",0.327587322030875,0.329429005,0.107960905156903,0.11747714685,0.148207484,0.501156857,1.0004408614419,7932.51288578617,5467.90658002049
"1149","bias[54]",0.4350365550875,0.439006605,0.0667556126713546,0.065890287414,0.31705808,0.5388020395,1.00016288685206,7415.22545902851,6198.78947631366
"1150","bias[55]",0.53579261461375,0.550660985,0.081150580721613,0.0684627392609999,0.37937703,0.6397569205,1.00057136899713,3260.16104563563,3637.22508202622
"1151","bias[56]",0.424425306048,0.43187388,0.12934699292777,0.136555814451,0.2017705755,0.629031963,0.999847789818043,8036.26509491803,6109.70019228553
"1152","bias[57]",0.3819801066845,0.39626509,0.0872519687962521,0.08201609766,0.211978509,0.501834145,1.00037276841185,5430.60934980929,5358.38629211525
"1153","bias[58]",0.57427241536625,0.583052035,0.0954806371980444,0.092453534943,0.404675116,0.7132360955,1.00030648118995,10418.8036376946,6007.15640613087
"1154","bias[59]",0.2233748007615,0.219237535,0.0772327807883411,0.080502785601,0.1045955045,0.357803818,1.0004052367344,10404.3035874407,6238.15349290604
"1155","bias[60]",0.679381292645,0.671081255,0.0900493720849896,0.092834392644,0.543615701,0.840926061,1.00033576466662,7609.60007499662,5937.9579308315
"1156","bias[61]",0.145648486584625,0.144807845,0.0337362828524969,0.033548636037,0.09131531915,0.202012027,0.99984884270392,10759.916656033,6533.77936917387
"1157","bias[62]",0.369031596985,0.36855013,0.041387940309137,0.040595507967,0.301566699,0.437159041,1.00027915677672,15348.417115198,5762.14090095086
"1158","bias[63]",0.475930232484625,0.48238866,0.113212748835252,0.11513078409,0.2752855275,0.650889993,1.00062863024747,6629.66059404154,5534.69494080854
"1159","bias[64]",0.32117767016025,0.32193584,0.103253727709263,0.107994326055,0.148959587,0.4912773155,1.00021231552087,7590.42750102506,6500.07336358176
"1160","bias[65]",0.73283838999,0.74582684,0.0666317749033346,0.050976473016,0.603389568,0.813394893,1.00024169253224,4561.1398902472,4432.02851166908
"1161","bias[66]",0.46618368849625,0.46873681,0.0521324696004614,0.050673288729,0.3769620565,0.547919349,1.00058055014263,8844.3963594558,5000.61666897997
"1162","bias[67]",0.410468187246,0.41260103,0.0885537173606382,0.0875216363909999,0.259446782,0.551730006,1.00007966428782,11314.0602881891,5991.59653540302
"1163","bias[68]",0.7404070858925,0.774935005,0.142742562594531,0.130132360995,0.460595563,0.9109838825,1.00076670802537,3877.09737181232,6341.69623484014
"1164","bias[69]",0.228627786472875,0.224541055,0.091061350385283,0.095753928564,0.08746199785,0.388004351,1.00035221918973,9144.1364281527,5740.97916411704
"1165","bias[70]",0.36218318163925,0.35892227,0.143394025454195,0.155180243064,0.134496936,0.6061295945,1.00044720153617,8602.83384116813,5951.16134464692
"1166","bias[71]",0.207373820202538,0.199843475,0.0866224583720521,0.090085251942,0.0771536709,0.360369466,1.0000516468219,8196.14189899705,5519.47609000178
"1167","bias[72]",0.53616245650125,0.55268284,0.152605870627995,0.162985442655,0.2598348505,0.7526928945,1.00144310661918,6923.89477546833,6097.08995317652
"1168","bias[73]",0.35856336447975,0.361947115,0.0696888461074142,0.07062083406,0.236677815,0.466583274,0.999934237432727,7345.25495501611,5921.28218773483
"1169","bias[74]",0.619749226482375,0.63837523,0.108894248889427,0.100377520446,0.413117556,0.7620728425,1.00089480416735,5396.20794167191,5481.53940653406
"1170","bias[75]",0.394904620578625,0.39741563,0.114696233996095,0.124555190445,0.2032700905,0.579324428,1.00073107394954,4269.73860394203,5755.94164593473
"1171","bias[76]",0.70753392816625,0.739984945,0.115057920946925,0.086735613762,0.463871067,0.8328723065,1.00202160813883,3237.25053873834,4750.25749142288
"1172","bias[77]",0.24954071307125,0.238745275,0.108407758063159,0.110486598894,0.09035345395,0.45086267,1.00002131237433,5552.10801073677,4921.30204452453
"1173","bias[78]",0.3048443634344,0.30335946,0.146058835259002,0.170180485629,0.0696099329,0.5433438105,1.0019904016278,2933.00785962135,3629.30870433667
"1174","bias[79]",0.513734040404875,0.53401968,0.0952453779445313,0.077558038068,0.31895749,0.6321357915,1.00137327298189,3374.73418334573,3426.7827751015
"1175","bias[80]",0.397895860112375,0.409346345,0.0841080050287438,0.081718977207,0.2416877825,0.51473675,1.00074784419033,6729.33357089128,5342.80503546539
"1176","bias[81]",0.1749324322297,0.17761002,0.050464724645717,0.050834810586,0.0856851044,0.253608326,1.00031519883623,7737.13036959128,6009.47696744333
"1177","bias[82]",0.67427611974225,0.704515935,0.140552516951968,0.131316202269,0.396950686,0.849124973,1.00066391630247,4319.58258224593,5074.81684444634
"1178","bias[83]",0.195971663534,0.19436539,0.0536513283395369,0.055547617923,0.111303101,0.285974315,1.0000876428767,8314.59384623078,5622.79879601475
"1179","bias[84]",0.418265047122125,0.421953295,0.0735774508712816,0.072549214815,0.2915053235,0.5328657605,1.00008556626691,10712.3265157638,5058.19463473984
"1180","bias[85]",0.387188441289,0.38954395,0.0745081950523576,0.0729078335159999,0.259640998,0.5048332795,1.00154859978913,11287.2561739582,6007.12431253031
"1181","bias[86]",0.528795132105,0.538711615,0.0801299497279823,0.072632151459,0.3779875595,0.6394361025,0.999888769119501,5576.27720625798,5191.80101045534
"1182","bias[87]",0.5092400831205,0.526382265,0.141137108261705,0.153409877817,0.2473726005,0.7038802645,1.00043010526883,7089.53631675307,6429.69163543451
"1183","bias[88]",0.57715580549025,0.59294,0.157659980400976,0.169195283103,0.2906927125,0.803954456,1.00106610592887,8602.30326684515,6003.1428800349
"1184","bias[89]",0.59927380669125,0.598498185,0.0472269968279996,0.046216526412,0.52474886,0.6783117355,1.00002770706573,11422.2738834668,6198.36517462253
"1185","bias[90]",0.45995102104225,0.471860085,0.0859315593237731,0.081915481011,0.2970291935,0.579268585,1.00017901091663,5923.9200159102,5484.96421182928
"1186","bias[91]",0.220934835300375,0.22239852,0.0465838346522691,0.045888923703,0.141466718,0.2948658965,1.00057024113367,8643.72200204992,5125.22684118941
"1187","bias[92]",0.47841770672625,0.48346382,0.0570841880706671,0.051134140113,0.3739691645,0.561542063,1.00116882684251,6288.83780335675,4640.90477904885
"1188","bias[93]",0.47426554714075,0.49071642,0.0947397220427706,0.0887621352239999,0.290231509,0.6002963775,1.0003602017876,4697.83651864312,5385.71682161668
"1189","bias[94]",0.65588245080825,0.68107811,0.126100262480964,0.11650522842,0.407389863,0.817948369,1.00003624287854,6750.32543691738,5391.73045518735
"1190","bias[95]",0.27850581312,0.277846765,0.0455268409541959,0.046237319877,0.2050094895,0.3546037895,0.99996926538184,9714.64567403645,6724.17434232237
"1191","bias[96]",0.61973653266625,0.639218545,0.093435468002082,0.077730078972,0.4339481955,0.734502902,1.00067312769169,6359.49806490922,5234.43949119253
"1192","bias[97]",0.332253796178875,0.33365329,0.118312434665591,0.128003784762,0.139016235,0.524889563,1.00014605241525,7742.68512221858,6078.94796512713
"1193","bias[98]",0.347639323705,0.347286135,0.0501030376018367,0.051105792801,0.264668786,0.4314707725,1.00026429670145,7708.22831669421,6193.36257194815
"1194","bias[99]",0.698977323175,0.71516659,0.0763597411217708,0.0554568160859999,0.5487777445,0.7873547805,1.00086593910426,3266.72638055199,2952.20700093349
"1195","bias[100]",0.58543122393225,0.60226681,0.144195246216695,0.149682117333,0.318406294,0.7918283725,1.00024747499258,7383.18147533959,6243.4160527351
"1196","bias[101]",0.512717650968625,0.527698995,0.116374674297987,0.117053931267,0.2949481635,0.67661223,1.00031061152656,6447.7275462393,5366.44236388899
"1197","bias[102]",0.67192399424875,0.684962215,0.0705531125280553,0.057423907527,0.535805765,0.761055175,1.00158934656336,3157.30775043691,3729.26523067284
"1198","bias[103]",0.64607897635325,0.666544595,0.187379121909426,0.204310248975,0.312528458,0.9186786645,0.999922391174233,8694.55624703397,5637.11811818003
"1199","bias[104]",0.56788603745125,0.56800059,0.0435898320314105,0.0438679990560001,0.49683284,0.6405087235,0.999715931720105,15884.9884923073,6498.98105791902
"1200","bias[105]",0.273064147775,0.26967204,0.0966161695244727,0.099974297724,0.118545558,0.4392444425,1.00000368305461,7760.10981354715,5717.71534696148
"1201","bias[106]",0.358495868777,0.36323821,0.0583382926419165,0.052882481337,0.2551685045,0.443975855,1.00057030129331,4913.82514800468,4049.9457683132
"1202","bias[107]",0.374552081783125,0.372606015,0.107264165601653,0.110857723326,0.1988596985,0.5526060535,1.0002818249704,8579.60041113046,5821.08623308444
"1203","bias[108]",0.3256495789795,0.32506855,0.107786138618276,0.113446765467,0.148223696,0.503464397,1.00082448967949,8783.37993397974,5457.23483054306
"1204","bias[109]",0.6062434794675,0.624655375,0.123345896933798,0.123285373197,0.376072571,0.776368324,1.00018831019093,6899.99405932114,6229.92570707965
"1205","bias[110]",0.25227256044775,0.248653285,0.085080398352277,0.090423173547,0.117302376,0.39776701,0.999877574268051,9906.85976084224,6306.20944786157
"1206","bias[111]",0.78755735077875,0.800447175,0.0627811993242749,0.0474211314990001,0.6665189965,0.8607581355,1.00071658098538,4206.95575035251,3865.82093146472
"1207","bias[112]",0.843187452985,0.844695925,0.0293245679660151,0.0296749802999999,0.7927148555,0.888758187,1.00077325949567,16308.3371943209,5500.00855433137
"1208","bias[113]",0.5167992866675,0.51635931,0.0429034720310773,0.042688902102,0.4463248525,0.5882759435,1.00058429218303,19647.2334268569,6206.67313969578
"1209","bias[114]",0.219404313167625,0.221967565,0.0706378779925981,0.075089071701,0.100178195,0.330217345,1.00045429254777,5185.59100562854,5868.28182531456
"1210","bias[115]",0.47799612459625,0.47576136,0.0443163487817045,0.041942961564,0.408529251,0.552517769,1.00026525066654,11012.4559512356,5373.69434894521
"1211","bias[116]",0.48642839788325,0.49835716,0.155833408463324,0.176062804911,0.2161766265,0.7176579845,1.00019798031167,9111.86446460897,5663.83163530824
"1212","bias[117]",0.35311194517875,0.35621142,0.116706150824325,0.126063491316,0.155038006,0.539468483,0.999999493773024,7279.62023728685,6148.74599298256
"1213","bias[118]",0.492797956093125,0.512234865,0.111315568487736,0.106434304683,0.2778666465,0.6397292615,1.00044247956574,4682.65142583321,5228.72272854085
"1214","bias[119]",0.489820096865,0.50593553,0.0920484735043074,0.082830408297,0.3130412995,0.6121705795,1.00027054464469,5105.12924471906,4303.18653609323
"1215","bias[120]",0.2679563263505,0.269550285,0.0711747795653741,0.071048853267,0.146571449,0.3849684815,1.00001844130371,8469.59034926587,5728.05439059583
"1216","bias[121]",0.57986115827375,0.58073165,0.0416573812859598,0.040799068947,0.5100585715,0.6472462775,0.999918892405953,12382.792950956,5112.88795905064
"1217","bias[122]",0.6887112680125,0.707827135,0.0853250689376409,0.061773729906,0.519395512,0.7864393825,1.00088808241366,3992.43760128677,3585.32471849265
"1218","bias[123]",0.6774220016625,0.6786016,0.039358686253779,0.039926655216,0.6109595805,0.741104354,1.00073395665923,16058.7788907598,5592.84640764141
"1219","bias[124]",0.19561118056425,0.193440805,0.0619617005582529,0.064313394054,0.0972035795,0.3007267205,1.00004685313896,9454.0443844211,6414.58769373695
"1220","bias[125]",0.64433524027175,0.668951895,0.143234653067096,0.139249402131,0.3743959795,0.83513741,1.00009140628323,5654.36404449602,5824.03808169161
"1221","bias[126]",0.58306516504725,0.606265725,0.0992895005621751,0.078800316021,0.383537953,0.702047252,1.00060731764644,3308.9250487684,4911.03127990377
"1222","bias[127]",0.09167311297825,0.0884836975,0.0320236221816934,0.0320812015524,0.0446689237,0.149247844,1.00006929487196,9577.74863848519,6585.95459217398
"1223","bias[128]",0.126360800801625,0.12564943,0.0316289509473753,0.03144980076,0.07511755485,0.1790991775,0.999995640261521,11966.0898664261,6713.27541593822
"1224","bias[129]",0.6179733413275,0.6262744,0.0626487341101846,0.0553902176939999,0.502118221,0.703539034,1.00053020196711,6852.17124934791,4767.73168052026
"1225","bias[130]",0.59689875474,0.61246696,0.0847002760059157,0.070017971835,0.428420515,0.703577058,1.00041591307924,4638.28893096776,4628.76429039673
"1226","bias[131]",0.5774080364205,0.599529755,0.127408667016871,0.124288811703,0.330645339,0.7451992685,1.00147874342295,3584.93765901883,5804.11411484347
"1227","bias[132]",0.536521251742,0.55087364,0.153971462951265,0.162942995817,0.262093541,0.765753869,1.0015302836653,7469.52733071712,5721.74715264003
"1228","bias[133]",0.5730758304545,0.59422504,0.133293817187721,0.132115264365,0.3179836995,0.7536018735,0.999978654004552,6310.98118462447,6208.65560859537
"1229","bias[134]",0.41866646089075,0.430703055,0.0960362165303528,0.0973934766,0.2423271095,0.555546566,1.00034998082212,6699.24128283296,5672.28764124652
"1230","bias[135]",0.43847207757375,0.447498835,0.0734378598026878,0.068640162003,0.303375619,0.542963403,1.00042762037984,6923.46520781149,5548.1995551024
"1231","bias[136]",0.4011232460425,0.401565745,0.0714543292152045,0.07247934729,0.2813843,0.5183028925,1.00085327075668,10670.1229152597,5968.43050213829
"1232","bias[137]",0.453680363750125,0.46016952,0.135959153079241,0.146744434389,0.2174765475,0.6686446325,1.00038067692984,8956.28193170416,6278.38679393954
"1233","bias[138]",0.41832137290625,0.41785211,0.0403353492075984,0.038934899598,0.351492352,0.486061217,1.00038294325852,16283.7827068054,5874.25123135934
"1234","bias[139]",0.466147725527125,0.4811887,0.0819626794190919,0.068620747356,0.3051042735,0.573876186,1.00119760908828,3918.86218186422,4719.2948390058
"1235","bias[140]",0.58873721972375,0.58932963,0.0401785245255466,0.0411462568020001,0.5229025515,0.6543761185,1.00032050864918,17751.5616094759,5242.26480719979
"1236","bias[141]",0.368442537887375,0.369811295,0.082319194762697,0.083061212052,0.2299357575,0.5004863685,1.00076550528374,9292.30484203503,5825.68365500823
"1237","bias[142]",0.3867634577024,0.38603399,0.161035928682873,0.181614081852,0.1234540325,0.648317557,1.00033148314203,7073.46128506422,5525.72057858598
"1238","bias[143]",0.52302044173525,0.529309005,0.074982637292074,0.0727572310079999,0.3900062915,0.633973589,1.00150440486264,8963.70067827097,6268.43126975887
"1239","bias[144]",0.399387682868125,0.40536817,0.147542614161882,0.162406487355,0.1490463315,0.633325887,1.00003891568836,7351.61273822955,5416.97687339435
"1240","bias[145]",0.283112038036125,0.2872112,0.0540165494385514,0.051456790938,0.187664072,0.365705125,1.00073150589682,7931.25035542915,4693.24773147214
"1241","bias[146]",0.1180891422875,0.1157048,0.0383630838254533,0.0380499497427,0.0597168573,0.185471385,1.00079080330535,10778.8787235794,6461.19359734462
"1242","bias[147]",0.536134922414875,0.55465049,0.111608828304517,0.107785279455,0.324918479,0.685400935,1.00021930413293,6282.64371383094,5416.06784196814
"1243","bias[148]",0.438677534482625,0.444158675,0.134687063834059,0.142924167078,0.209637487,0.654941156,0.999998126997682,8273.15704214898,6085.99727691583
"1244","bias[149]",0.347143880667125,0.34687601,0.0748135617470963,0.074766287442,0.2225595215,0.4686821625,1.00009147277556,10976.2339998868,6689.32352485537
"1245","bias[150]",0.42628854272125,0.42864758,0.0541804149517001,0.0529301246879999,0.3310153775,0.510372641,0.999907081714651,8157.90000075198,5533.16811056252
"1246","bias[151]",0.6328921339175,0.65005905,0.0878707200981897,0.0736571988599999,0.4657426235,0.744049888,1.00019280484514,6321.2641523394,5048.91411814165
"1247","bias[152]",0.192672826853662,0.180687445,0.0885424450671754,0.091650581022,0.06505492435,0.355343941,1.0011153307423,6000.35010115881,5077.05446363923
"1248","bias[153]",0.322051003814625,0.32424782,0.0712996329469531,0.071103961509,0.201497927,0.4380875535,1.0007390061999,10051.3751986623,6002.44972938097
"1249","bias[154]",0.602555928765,0.619450035,0.100380466761071,0.0897242907330001,0.40560802,0.7308610135,1.00039488162823,6424.74489474446,5215.2375176829
"1250","bias[155]",0.60631557767375,0.60355849,0.0526457790068631,0.0497914085969999,0.5261231755,0.6969592095,1.00008242948579,8740.24340421851,4605.54944273109
"1251","bias[156]",0.77560263716375,0.77695217,0.0328054513860237,0.032536650342,0.7197077495,0.8270481345,1.00000222858791,15553.2689324552,6107.18007286762
"1252","bias[157]",0.211853499893,0.204748145,0.093493326081544,0.095859311772,0.07283429215,0.377679729,1.00149084929924,7144.88407639889,5399.60153989423
"1253","bias[158]",0.743638080031,0.77209166,0.107293067914992,0.077562137457,0.5275423565,0.860035356,1.0004547752719,4470.69360037916,4759.18151341467
"1254","bias[159]",0.195368639847375,0.190019305,0.0731970558412432,0.075417652926,0.08447230055,0.3224487285,0.999783485167031,7764.47632533911,6419.90313476541
"1255","bias[160]",0.48841426482975,0.4903423,0.152343848867542,0.162946346493,0.2353808375,0.7378218695,1.00083333577519,9732.47859336051,5542.8078101331
"1256","bias[161]",0.31066768554875,0.31270811,0.0910229461542579,0.096459787011,0.1571243065,0.454742391,1.00059996624531,8353.91625924689,5627.1848005101
"1257","bias[162]",0.5128962830965,0.51966937,0.112811223175044,0.115329474729,0.3175778645,0.688070282,1.00026618228343,9618.96073443437,5612.44311922565
"1258","bias[163]",0.312982229821375,0.320700165,0.0813229114657145,0.083630404431,0.1658152005,0.4329430925,1.00070336174102,6719.76497411071,5870.14450314606
"1259","bias[164]",0.37847837395325,0.384428435,0.0755150266763876,0.07309699845,0.2432348635,0.4908302205,1.00106337617616,6542.18222215725,4445.00986078652
"1260","bias[165]",0.4539089776685,0.467789915,0.0876122103627392,0.081722550273,0.2866108735,0.573779568,1.00008916279046,6009.48845409696,5701.80828544175
"1261","bias[166]",0.4826027658305,0.500339465,0.0899972168685193,0.077422884252,0.3036968835,0.598614813,1.00090368920105,3394.84062660731,4455.0095187943
"1262","bias[167]",0.599916474755,0.600683825,0.0399462135901321,0.040177689048,0.5339800885,0.664691588,1.00034771826807,17493.9301071046,5698.45974878606
"1263","bias[168]",0.570490677801375,0.58102121,0.0753897266476974,0.06711685722,0.433192539,0.672195312,1.00054050825067,4382.12569653844,4035.51452852099
"1264","bias[169]",0.56713049519125,0.57593064,0.0743631914574145,0.0681074712360001,0.431870162,0.6714581225,1.0003281742234,9083.65018522755,5644.43217399206
"1265","bias[170]",0.71856604848375,0.743008275,0.0931357188241008,0.063773023419,0.5209789235,0.820071123,1.00193548793969,2686.19974844488,4318.92821039748
"1266","bias[171]",0.7506195129525,0.758549195,0.0985472322617903,0.103814476353,0.5769632,0.8999626255,1.00013137285249,6502.29769406177,6204.0301704849
"1267","bias[172]",0.2476996351805,0.250345565,0.0669334273420926,0.069572628447,0.1348359645,0.3542651205,1.00016379829169,8804.76522076108,5723.85308743677
"1268","bias[173]",0.44095263153775,0.446506955,0.0567545682246393,0.0501443192879999,0.3443662765,0.5207802095,1.00058239974536,3845.02468801839,2823.43515954411
"1269","bias[174]",0.259418572694375,0.257833795,0.0777352406462804,0.081719155119,0.1352798275,0.390751832,0.999843653160805,9178.39469798341,6488.42100548954
"1270","bias[175]",0.625446450795,0.630640105,0.0548433706433641,0.0494237979269999,0.5299490335,0.7040445355,1.00053812260784,6148.54422889691,5259.05878164687
"1271","bias[176]",0.479081195370263,0.485530635,0.152873668872697,0.169110849033,0.215126806,0.714056449,1.00093156858392,8769.46838602343,5736.18372251502
"1272","bias[177]",0.34253040292475,0.34911876,0.105593382099626,0.114566009859,0.158883741,0.504501929,1.00012128040627,6537.29551466217,6708.81272543735
"1273","bias[178]",0.50600356687375,0.51058979,0.0693396415817037,0.066867498726,0.382619044,0.611430421,1.00021194431105,8051.82357394329,5557.45363020894
"1274","bias[179]",0.296740251951375,0.27996687,0.14149535701884,0.146653491705,0.09598387345,0.556775705,1.00052581841598,13435.7533495079,5872.84783812545
"1275","bias[180]",0.50234083550625,0.509113535,0.0590394620070868,0.051263015118,0.3946924055,0.5845456025,1.00032547443586,4081.02862551413,3512.49297342351
"1276","bias[181]",0.3958992557275,0.398604485,0.05538817714889,0.0537168219,0.298974347,0.4802940595,1.00098481462431,10351.5178079581,4888.80737217882
"1277","lambda[1]",3.4406512495325,3.452402,0.739631466872823,0.79770840807,2.225216595,4.626414635,1.000521143628,5853.01425637828,5083.33949665213
"1278","lambda[2]",3.60180342411588,3.6862893,0.786779898598569,0.76155031449,2.212019745,4.71914905,1.00157051266598,4602.41682015833,4409.67011331736
"1279","lambda[3]",2.34427298204779,2.3244632,1.07947680431711,1.18169187465,0.593000385,4.185635245,1.00150623689179,5521.9169156253,3446.97303168927
"1280","lambda[4]",2.2789708189875,2.23881775,0.448477535498597,0.41744026296,1.63642786,3.081552955,1.00003271932727,8258.71678751298,5426.29886415783
"1281","lambda[5]",2.42534799819125,2.36505055,0.602762614049588,0.567405846,1.55941804,3.521345125,1.00010595807601,7506.60520835733,5492.27406771696
"1282","lambda[6]",3.1612454013625,3.1216571,0.613415674559744,0.61506750711,2.24083423,4.267895785,1.00023725258208,8180.68214643057,5677.943478593
"1283","lambda[7]",2.07182663767543,2.0186239,1.10468846169571,1.20619391529,0.3487599095,3.974775705,1.00142270183455,3624.09857571054,3700.39338499516
"1284","lambda[8]",3.1477984978,3.15021965,0.805030473893114,0.81535535109,1.80822135,4.46101864,1.00094530875999,10150.0466490203,5209.62225287834
"1285","lambda[9]",2.54827546214778,2.56543085,0.990156980443708,1.01295783582,0.816754528,4.165841675,0.999948447136346,8627.25371061012,4063.85829437324
"1286","lambda[10]",2.0665656222265,1.99860045,0.974201494867096,0.98324912637,0.542333418,3.797779085,1.00097936572521,4725.07377370906,3814.19920284229
"1287","lambda[11]",2.25636225010638,2.23561195,1.15466767498915,1.30767521661,0.4140880075,4.209658695,1.00086452182893,4192.66325396176,3553.731309146
"1288","lambda[12]",2.52740547361484,2.5449695,1.0578171998209,1.09943448384,0.7507991845,4.314674455,1.00106659270036,8720.33509321782,4835.45058914972
"1289","lambda[13]",2.61222421244586,2.6397374,1.13160039422279,1.24722197922,0.6565077315,4.44255253,1.00057324013697,6738.2804318667,4364.29748372275
"1290","lambda[14]",2.62354021320937,2.6250828,0.981144039297353,1.01204826072,0.958697656,4.2656189,1.000026951981,9752.69161110057,4488.3654301112
"1291","lambda[15]",2.3910697195056,2.39651355,1.09739883160529,1.19658155232,0.596473248,4.21435509,1.00250946685523,7188.70077032822,4106.17645902045
"1292","lambda[16]",2.08139095203847,2.06141375,1.03013043555373,1.09283958252,0.449242821,3.876606575,1.00109336248808,3258.56595656573,3394.41775765902
"1293","lambda[17]",1.95249221259389,1.87593745,1.10071310856605,1.21186856679,0.3059107365,3.92432798,1.00227661573078,2172.98296615244,3641.25585358971
"1294","lambda[18]",2.04320417367537,1.9791825,1.0931490729023,1.19029021335,0.336735763,3.98437474,1.00061399750513,2786.18949616698,3260.98149994918
"1295","lambda[19]",2.14974865803065,2.11907275,1.02941429447345,1.1036378031,0.5052626325,3.95135828,1.0007933222861,4298.36442741612,4116.36900982644
"1296","lambda[20]",2.3180010485322,2.2899573,1.11635015003078,1.24529408031,0.5596419405,4.223828585,1.00178555080001,6140.0704279245,4533.55117789478
"1297","lambda[21]",3.39844298338638,3.3779536,0.728006074588675,0.766166167199999,2.2237466,4.582601435,1.0007204074168,4836.5565101866,5166.62067386224
"1298","lambda[22]",2.33231390459776,2.2875253,1.10813547798283,1.21625483889,0.5336719785,4.206597305,1.0002463516531,5891.4808053003,4328.22239894738
"1299","lambda[23]",2.2346036850546,2.2290847,1.10754900991689,1.21380454587,0.4355866925,4.112250405,1.00278152182771,3950.03391949342,2766.59891556527
"1300","lambda[24]",2.00847001769877,1.95894865,1.09624150732137,1.22886272103,0.302718222,3.875418495,1.00125830833305,2414.47657390702,3244.02639987206
"1301","lambda[25]",3.70835403733162,3.75960665,0.660696704387594,0.68032095852,2.567209805,4.700084345,1.00094433586914,3447.80353995691,4514.33027469073
"1302","lambda[26]",2.54376194243417,2.603811,1.13306381286094,1.21626773751,0.5952765755,4.36516712,0.999841998395324,8415.69009369752,4464.14536934667
"1303","lambda[27]",2.40643877817871,2.44234465,1.1505258859269,1.28139546444,0.481862246,4.3005157,1.00077785626229,5419.94960335772,3459.09039953611
"1304","lambda[28]",2.38901451940875,2.2755639,0.864953095609117,0.86330856549,1.163108565,3.998209075,1.00015446698586,6118.48918798398,5723.594282511
"1305","lambda[29]",2.93548855255287,2.99553085,1.0182378271682,1.11312533115,1.164641005,4.510141495,1.00107143089431,11606.1414523618,5456.61477864528
"1306","lambda[30]",3.7238435205375,3.74572285,0.657785681021477,0.7281619401,2.61677649,4.752615975,1.0018381201815,3220.77556810264,4919.1031871917
"1307","lambda[31]",1.95083750257864,1.8971893,1.1248121315106,1.29448215225,0.2671401995,3.922772295,1.00188267479744,2116.90305814274,2879.04580930909
"1308","lambda[32]",2.35961583710382,2.3491673,1.0558342504478,1.14274886523,0.6617154705,4.170174965,1.00132446749948,7343.37352397132,4360.13018462514
"1309","lambda[33]",1.90596616152967,1.8208536,1.07024586865397,1.17540587304,0.2924763445,3.82283214,1.00119126896635,2292.92522048261,2929.84231507702
"1310","lambda[34]",1.50085812326039,1.5024881,0.706463135620168,0.71861977824,0.359318109,2.66549403,1.0013195435494,2410.77905184179,3697.26881734714
"1311","lambda[35]",1.99222337999371,1.95600295,1.09504678106748,1.21029656601,0.300995987,3.908527535,1.00154801057458,2326.57719615265,3351.16167332331
"1312","lambda[36]",2.28038876479076,2.2802139,1.02277164508144,1.07879639532,0.591543351,4.023632355,1.00287499645305,6131.12616513216,3570.52720399123
"1313","lambda[37]",2.08179718941187,2.0359763,1.12360717235672,1.26392287518,0.3482908435,4.023002835,1.0005034332168,2282.98470117187,3054.06610034489
"1314","lambda[38]",2.22615860730596,2.19680785,0.999732032517705,1.01741082492,0.6119373345,3.9867465,1.00096179662977,4992.03483334682,4327.30586106449
"1315","lambda[39]",2.545263642845,2.49561705,0.575765880180066,0.54539019969,1.713165795,3.57601144,0.999926826948563,8779.14105756107,5920.37545769489
"1316","lambda[40]",1.94441434100087,1.85597825,1.05678874540632,1.15025578794,0.392711379,3.82690236,1.00118246582162,2558.9873821208,4230.47953352092
"1317","lambda[41]",2.00260679399962,1.9557352,1.1121739894143,1.27677516393,0.3224790965,3.924272775,1.00226178751512,2172.7638943736,3570.5159095945
"1318","lambda[42]",2.42559909509975,2.38876245,1.0475714685837,1.12364304381,0.741630688,4.220584355,1.00035835189916,7010.08944957368,3296.02821603734
"1319","lambda[43]",2.21909956191225,2.1764697,0.976073982242433,1.00678369638,0.7030074515,3.979002015,1.0003829939148,5595.8272427696,4974.78419851422
"1320","lambda[44]",2.10419859160095,2.0519519,1.08798624725017,1.19010177489,0.3863642425,3.995577355,1.00105434098995,3676.68999676461,3568.00759432323
"1321","lambda[45]",2.05199089708224,2.00823405,1.09113175051029,1.21774070061,0.3505404765,3.943607585,1.00055210403212,2635.74127643081,3098.09365824103
"1322","lambda[46]",2.25280570462661,2.28752665,1.20764564953466,1.38608488977,0.269418519,4.20717848,1.00117428289539,2845.98509227422,2442.36152606706
"1323","lambda[47]",2.14831486747768,2.1214214,1.01813714580646,1.07131675245,0.533816391,3.92488407,1.00126905907425,3936.51292076804,3813.54350146626
"1324","lambda[48]",2.00465824040442,1.95510045,1.09319364988743,1.20804056772,0.305635024,3.913554685,1.00117079676998,2440.29713011385,2952.988558486
"1325","lambda[49]",2.11029724696448,2.07425745,1.1331532382274,1.27164647988,0.343269372,4.052128885,1.00156830647392,2888.7180546061,2769.44862648544
"1326","lambda[50]",2.87939163372037,2.8594934,0.842247585993919,0.84702516969,1.5135786,4.3233933,1.00020602576412,9400.32660677703,5226.08041867548
"1327","lambda[51]",3.7147044235625,3.7477886,0.666017530212598,0.73477418784,2.572897225,4.733110615,1.00003833707171,4184.50152156487,5521.26039334973
"1328","lambda[52]",2.06675012059424,1.961493,1.00495412901226,1.05227772216,0.5707547965,3.90085447,1.00068241986624,4366.44761586823,4656.85624272501
"1329","lambda[53]",2.88473329300313,2.9107347,0.964139055840863,1.00723055202,1.23336551,4.427339665,1.00024780195228,12590.5157070449,5502.28796633162
"1330","lambda[54]",2.05020575316337,1.98939715,0.702052078257855,0.65889101334,1.029639115,3.32408605,1.00032028040409,6588.07433762796,6040.46785789229
"1331","lambda[55]",2.0259233984544,1.9816367,1.1386024637044,1.2955299798,0.275623358,3.980258935,1.0010979507,2267.73932232709,2890.05097335764
"1332","lambda[56]",2.97245180579838,2.9927339,0.931418625594604,0.94224129993,1.368606935,4.458739475,1.00137392873658,10792.898503575,4842.15517940875
"1333","lambda[57]",2.14049910420541,2.10511205,1.03572623473633,1.10054932491,0.4970591545,3.961066415,1.00177528149512,4310.29107735028,3947.38801390364
"1334","lambda[58]",3.97454802115,4.0435302,0.594539738915018,0.60247763856,2.874112675,4.811174365,1.00187961959142,2677.72001833541,3470.4292306969
"1335","lambda[59]",2.857211751805,2.8199124,0.656523225107378,0.6543744207,1.836399115,4.02139888,1.00078201564156,9328.19139787384,5939.79205594505
"1336","lambda[60]",2.39592069560725,2.3481753,0.957150187706932,0.98409769248,0.856515628,4.05636404,1.00051069443595,8704.69709835509,5259.23001654697
"1337","lambda[61]",2.63650946926085,2.60716765,0.974910409671078,1.06003068234,1.09775828,4.294874055,1.00063122318698,12281.6712630228,5163.49110331985
"1338","lambda[62]",3.310049917535,3.39752925,0.892253235082646,0.95744121165,1.751719505,4.652299605,1.00086081909643,5795.22996933893,5361.950250589
"1339","lambda[63]",3.06740101003613,3.0558842,0.786773917934775,0.80253352977,1.80517106,4.387420705,1.00072722122826,8240.60249542613,6042.66605771424
"1340","lambda[64]",3.12020336359325,3.0925439,0.697352486962377,0.68689436214,2.02153207,4.345559345,1.00106943139087,8275.97166161001,5544.45500801687
"1341","lambda[65]",1.98854100562218,1.910714,1.10601658425903,1.22032813413,0.332450908,3.965602695,1.00041387734804,2766.65885250537,3109.01498951003
"1342","lambda[66]",2.36132002814047,2.34346975,1.05854225918424,1.13306400312,0.634728001,4.166902835,1.00057823323499,5343.01429379621,4189.34542328481
"1343","lambda[67]",3.63223614374625,3.72557065,0.792283302596883,0.841123161480001,2.199046265,4.76965462,1.00048590339488,3501.00999761062,4402.42572409769
"1344","lambda[68]",1.8195575928993,1.6737549,0.962788383452488,0.94992754311,0.4650890105,3.64635234,1.00110734451882,2730.67690896554,3172.3441560656
"1345","lambda[69]",3.24183555019875,3.20850205,0.62456923730885,0.63187685526,2.26785854,4.335869125,1.00039806238725,7172.643739298,5859.02214139744
"1346","lambda[70]",2.939329921918,2.87926955,0.688595228407417,0.6609660603,1.894917925,4.18051197,1.00100058715805,9113.5503538191,5404.12302022458
"1347","lambda[71]",2.824576475875,2.75635935,0.61303584552186,0.58296402801,1.938418755,3.970805495,1.00012367585047,8834.0264728413,5934.56830950096
"1348","lambda[72]",2.3916922775688,2.390195,0.966649593867844,0.97444930233,0.761924566,4.04657146,1.00055630163215,6878.36842202532,4743.14746675194
"1349","lambda[73]",2.79731036787375,2.8494417,1.00588195539601,1.01515890378,0.984417036,4.38367867,1.00072969701671,13070.5102996709,4551.46204476974
"1350","lambda[74]",2.37329045361501,2.38868915,1.05567204715476,1.12875719838,0.5919749105,4.1243885,1.000160999353,6412.14338770645,3591.51507310077
"1351","lambda[75]",1.8548404027075,1.73416285,0.682787108554649,0.563410239,0.975899183,3.17422913,1.00062681602627,4702.07731071423,5251.118861136
"1352","lambda[76]",1.90755848619561,1.81275575,1.05715106709126,1.12207504605,0.315406666,3.834024855,1.00096620788709,2604.1040098483,2820.84105585304
"1353","lambda[77]",3.22870083505054,3.2804662,0.855179665480342,0.86763323556,1.747709905,4.534800615,1.000417910129,9266.90232960519,5283.2623918874
"1354","lambda[78]",2.85697560783024,2.8563139,0.948559062042657,0.96676906368,1.22975807,4.413056005,1.00436747640476,11432.1162131946,4005.21338692357
"1355","lambda[79]",1.942810271471,1.85470595,1.07766386072628,1.18750589055,0.33998003,3.882831185,1.00123346020845,2441.69526828295,2800.09925476012
"1356","lambda[80]",2.39388153335518,2.3819837,1.0496801609912,1.10778374574,0.650584704,4.15188756,1.00065543729459,7051.89049301091,4124.50644036495
"1357","lambda[81]",2.5216720110988,2.54902005,1.05933259559307,1.13475275865,0.7103093735,4.23490549,1.00155983977382,11097.0155144537,4147.06175649663
"1358","lambda[82]",2.20465585516168,2.1722582,1.08565004132419,1.1626593678,0.464069973,4.077874605,1.0014477267558,3872.5005795544,2850.31455029008
"1359","lambda[83]",3.28612502374888,3.3620303,0.905855269224865,0.91410978036,1.59619884,4.61302349,1.00045421157911,8991.88804594613,5271.80662854779
"1360","lambda[84]",3.64008049777,3.7133358,0.735704790638302,0.76105979628,2.318344075,4.72929712,1.00090162209342,3823.30615816106,4621.29498458025
"1361","lambda[85]",3.4066037986975,3.46254055,0.830451554591461,0.88752876387,1.956134985,4.67062389,1.00072591817526,5654.83008678056,5211.96343908419
"1362","lambda[86]",2.47708598269847,2.51264995,1.09227170905254,1.16776284765,0.584380448,4.23543657,1.00084710782899,7298.65560268367,3846.66211260764
"1363","lambda[87]",2.59122628805139,2.6370055,1.12470992126511,1.22548698909,0.6407055445,4.426833745,1.00065237900888,12273.4677734498,3811.30609539762
"1364","lambda[88]",2.43223553419468,2.4606107,0.975893309283758,1.0083703749,0.751067011,4.034877555,1.00105279015957,8272.19043001413,3480.57095870106
"1365","lambda[89]",2.16021394468819,2.10711765,1.01355907442065,1.07592467325,0.539011511,3.93977582,1.0008626093884,4486.87890472569,3825.18994095864
"1366","lambda[90]",2.37172613542514,2.34794705,0.928950944616124,0.9421389264,0.854109241,3.971009895,1.00049024144278,6766.76069096835,4256.83034976857
"1367","lambda[91]",2.47908045144353,2.5136175,1.10572947337404,1.18554759834,0.590705453,4.279761295,1.00112819312404,9741.58903291836,4308.66199258934
"1368","lambda[92]",2.1370821909696,2.13532635,1.0893909813875,1.20362412471,0.3814913975,3.96182388,1.00174669872811,3450.25389237557,3213.69157792995
"1369","lambda[93]",2.22001509641419,2.22074865,1.04412092638536,1.13094329208,0.506060996,3.97213734,1.00034570112144,3937.84236596805,3811.16673044066
"1370","lambda[94]",2.553416134659,2.48735235,0.842105824296165,0.83706610071,1.27790138,4.086521755,1.00018281612677,7435.44213851598,5560.10703408835
"1371","lambda[95]",1.87524396329125,1.82596755,0.406203064116582,0.37724245503,1.296387495,2.614141635,1.00013632379159,5580.06280465034,5332.38018486469
"1372","lambda[96]",2.13421757619684,2.09147335,1.00152174020632,1.04770234443,0.5385126165,3.88447891,1.00081782600539,4537.21073312553,4257.76919990238
"1373","lambda[97]",2.5288280319455,2.49122285,0.82966692790587,0.81496238796,1.227416745,3.995421765,1.00000045212132,9289.03977853062,6072.7198946096
"1374","lambda[98]",1.56272104795375,1.5391673,0.338545239396,0.32969828997,1.058832725,2.15698248,1.00094620412275,3980.57153861717,3108.81462860251
"1375","lambda[99]",2.0288361117619,1.99208155,1.15537676063896,1.31855950212,0.2314526745,4.00757006,1.00125321779187,2137.6973050353,2863.31981226614
"1376","lambda[100]",2.70276491297079,2.72325115,0.929646197543326,0.9042288444,1.05607614,4.22744452,1.00060159879071,9660.17625032852,4470.02040184154
"1377","lambda[101]",2.15878444599762,2.06755445,0.776355658683735,0.70756076832,1.037476495,3.614330435,1.00040377340236,6497.66312955277,4837.13275325392
"1378","lambda[102]",1.86057753629259,1.7506721,1.0681666794641,1.174346644296,0.304100089,3.792389585,1.00174316175803,2134.06464140365,3171.11893669356
"1379","lambda[103]",1.7516956072568,1.7461839,0.808013437520812,0.78876529074,0.4379255625,3.10759921,1.00104386980877,3564.14488425379,4143.42020096715
"1380","lambda[104]",2.11357317141324,2.0597061,0.95427060551084,0.96808583487,0.617344313,3.81916026,1.00067586084192,4979.83226985023,3052.30217127833
"1381","lambda[105]",2.68115659314787,2.61573015,0.768511572404094,0.71883090048,1.5171679,4.09043433,1.00095617164987,10278.2452988104,5036.80812694493
"1382","lambda[106]",2.04607203566864,2.00871095,1.10951287988553,1.25794340112,0.3233127725,3.932647465,1.00161708657972,3028.07270443666,3332.48170186782
"1383","lambda[107]",3.34673883968287,3.3644191,0.733858355311823,0.72456537489,2.13859606,4.497534255,1.00131456259833,6454.84761424982,5564.04541836904
"1384","lambda[108]",3.588023908425,3.6026796,0.659990608635886,0.7084856142,2.48652386,4.653462115,1.00041973205721,4101.22253108599,5694.69414132514
"1385","lambda[109]",2.90594057405563,2.8415458,0.679667106745717,0.63542019513,1.899794595,4.12459398,1.00044585603528,8135.04352216462,5101.26820503219
"1386","lambda[110]",3.16232911349437,3.23244675,0.914839753668376,0.93882487062,1.53252595,4.5470998,1.00030943798269,10388.9823710188,5019.99601345892
"1387","lambda[111]",2.1045367213991,2.07327875,1.15107050038381,1.31916047403,0.314369254,4.06021188,1.00119615062021,3457.5022996528,3912.93737696592
"1388","lambda[112]",2.75053823427575,2.79646235,0.981362166712472,0.99640675659,1.02473064,4.329026625,1.00193492483413,12222.5248075385,5028.3362600329
"1389","lambda[113]",2.37417661352625,2.25867085,0.899817534105741,0.90403766313,1.097539855,4.080088025,1.0001100241936,10283.4651640193,5762.51379825512
"1390","lambda[114]",2.01978880900238,1.91928285,0.851339232709836,0.81899572713,0.793067607,3.597628045,1.00055360153279,4962.99036372689,5203.66692016787
"1391","lambda[115]",2.14087156294041,2.1006153,0.993049330614118,1.06002067479,0.5632210605,3.881399155,1.00034093636201,4143.47567933357,4199.44847685829
"1392","lambda[116]",2.78047495158839,2.83387085,1.08326545570862,1.15812298245,0.8704880645,4.47127554,1.00107800073426,15567.003754042,4651.07116202018
"1393","lambda[117]",2.65941581327611,2.66040745,0.877705214595178,0.84929599398,1.170749015,4.11693534,1.00119735929338,12067.8439539999,5256.37413257046
"1394","lambda[118]",2.21293570837805,2.2010347,1.05678240102463,1.13750105427,0.4757125095,4.001943105,1.00178051797851,4359.49968388589,3918.36887320328
"1395","lambda[119]",2.24778087447725,2.2422396,1.04283931174213,1.09867620807,0.544188025,4.007789755,1.00041447990538,4927.50750326736,3697.91544572315
"1396","lambda[120]",3.46979190380875,3.52624475,0.766237010857176,0.82131985089,2.143604785,4.664595085,1.00023124593549,5559.46434816429,5676.08551435564
"1397","lambda[121]",1.82472441447503,1.7637866,1.13475667425239,1.308996413361,0.1502639565,3.81947792,1.00264448629981,1747.7975631494,2614.7154783674
"1398","lambda[122]",2.10727833242463,2.089913,1.17559835801665,1.36371312294,0.276396957,4.09179325,1.00158215617537,2689.82438734727,3838.88897063177
"1399","lambda[123]",2.12036937969234,2.0902294,1.09524747920563,1.19370464115,0.3875012165,4.03213798,1.00132423181175,3745.61744628943,3194.27596608725
"1400","lambda[124]",3.2017120901725,3.16950495,0.685060521451069,0.70961958081,2.131128495,4.40376938,0.999963889848674,7786.07171159065,6013.91334906065
"1401","lambda[125]",2.21921872594677,2.1989399,0.965879220037375,1.00251959052,0.6401302295,3.904661265,1.00066691218862,4779.57805679611,3851.91528463657
"1402","lambda[126]",1.97936758759832,1.9141419,1.12183559119168,1.26875148099,0.2781001775,3.94450228,1.00043304582685,2320.73730174333,3490.53398531796
"1403","lambda[127]",2.17115331399,2.1292493,0.652864064489096,0.61297459482,1.196181605,3.321755225,1.00002865299436,8926.19073968929,4988.90662032826
"1404","lambda[128]",2.36419032065899,2.38263965,1.09020167966569,1.1574680439,0.537265918,4.189504705,1.00176694146653,7089.4988405404,3705.77773652334
"1405","lambda[129]",2.22702096956916,2.15583695,1.03952331097773,1.11468880698,0.619811292,4.06597037,1.00144677411658,5641.32066281524,4473.2029676228
"1406","lambda[130]",2.25626555970415,2.22668655,1.13390759810823,1.25796964314,0.431413489,4.202202835,1.00124441735152,3564.89626184699,3931.1565297486
"1407","lambda[131]",2.23405760952695,2.2386726,1.057568480829,1.14764374326,0.472881262,4.013114835,1.00051023355465,4608.52707091891,5083.64703919444
"1408","lambda[132]",2.42527089564563,2.3870825,0.790972790323172,0.72784162437,1.170935525,3.82076506,1.000347502018,9843.54687583762,4843.61822883031
"1409","lambda[133]",2.55107522950179,2.5560567,1.06820367424671,1.13931390342,0.7203538975,4.313306875,1.00089307201274,9560.08770195207,4521.7000496486
"1410","lambda[134]",2.47853984332414,2.4950731,1.10486036324354,1.20065566299,0.5926841855,4.29759241,1.00113394027494,8077.50270510046,3514.12489498946
"1411","lambda[135]",2.43151800946475,2.45221705,1.05147470329392,1.12598940657,0.637507877,4.15397006,1.00107405494945,8197.8411807362,4301.18281174539
"1412","lambda[136]",3.4846590518775,3.493237,0.695281015094807,0.74377772112,2.33429815,4.606417785,1.00070207097275,5780.4448501375,4980.19911651622
"1413","lambda[137]",3.09221860668662,3.12250435,0.877920591080244,0.84775053174,1.5853001,4.472520275,1.00047853477469,10201.3957810538,5152.28878753134
"1414","lambda[138]",2.25865859191383,2.3043481,1.19657465218134,1.35358014498,0.2730797125,4.1962997,1.00294446248103,3304.19268004773,2278.13054306903
"1415","lambda[139]",1.85630157227787,1.74980585,1.01718769233929,1.08277999326,0.381250956,3.725871985,1.00208702268335,2307.70837088315,3540.95203915232
"1416","lambda[140]",2.01161051666696,1.9844496,1.14529492644192,1.31531987286,0.275571966,3.993517325,1.00055018969572,2487.655690834,2911.24515091367
"1417","lambda[141]",3.432266680085,3.4621658,0.757916222733173,0.78787862181,2.13186685,4.61984277,1.00009094359265,6086.71788690852,4982.58411066024
"1418","lambda[142]",2.81020355484525,2.8316655,0.966743757073298,0.99704590545,1.133953145,4.369965085,1.00105073247755,13312.9756678907,4594.11124338461
"1419","lambda[143]",3.6264012882375,3.6689341,0.716534528288522,0.78210367242,2.40948613,4.72818484,1.00122191690688,3781.02389077641,5221.8011533458
"1420","lambda[144]",2.679475027208,2.5952881,0.845222505416173,0.83510032137,1.411887235,4.2224822,1.00114256121546,9620.59489992386,5944.0295184929
"1421","lambda[145]",2.41072246295079,2.43834425,1.09106703616251,1.17220256748,0.5415615215,4.183481695,1.0013034453904,7236.67763157424,3721.35023621889
"1422","lambda[146]",3.17991034832875,3.14310135,0.746504650356688,0.79042246689,2.00809084,4.46316101,1.00088433926247,7422.94099471789,5700.41120860031
"1423","lambda[147]",2.26495205309443,2.22723395,0.978839943353518,1.02012932028,0.71561468,3.995793205,1.00081406692482,7000.40911809493,4967.77287351679
"1424","lambda[148]",2.70678769754533,2.67730285,0.829700400408087,0.80120119128,1.355210675,4.148469955,1.00084103202144,12904.7862515355,5417.27997692916
"1425","lambda[149]",2.540825967915,2.5019232,0.591426160824891,0.56967711507,1.626768845,3.576192275,1.00076902091899,9563.04607299919,5442.26013835685
"1426","lambda[150]",2.060437088178,1.96461515,0.952007277878264,0.97104458556,0.6563083375,3.81063038,1.00057465356916,4424.61059662018,4613.19666705282
"1427","lambda[151]",2.68505131697111,2.6312153,0.965276839046754,1.04983676952,1.182748495,4.352098735,1.0018678486239,7306.23863611843,4850.76823323027
"1428","lambda[152]",2.60486135322375,2.54227495,0.767012707642937,0.7300759767,1.45114604,4.011865975,1.00019729981717,10066.1783728428,5278.12487230966
"1429","lambda[153]",3.23541853266625,3.2380224,0.818694805865538,0.87823983009,1.88393879,4.55348368,1.00023489051969,6143.49339912784,6166.99408431119
"1430","lambda[154]",2.48205589728099,2.50555695,1.13555543602927,1.27968424752,0.5862853135,4.350903255,1.00064701719771,7012.28533785642,5050.80953610067
"1431","lambda[155]",2.17059096817455,2.12342545,1.06385826188016,1.1501128653,0.4947426035,4.01107774,1.00139505390173,3659.64383998367,3690.17250692117
"1432","lambda[156]",2.28837764723798,2.28663865,1.07058031831387,1.15706470257,0.553849248,4.09595548,1.00067844659296,5083.24361946678,3555.97366898622
"1433","lambda[157]",3.1924572783945,3.16696145,0.763379652099001,0.80932131735,2.015556525,4.49684007,1.0001384053229,8474.99252356584,5598.40696067009
"1434","lambda[158]",2.09852062895898,2.0821614,1.09626585327935,1.21050753999,0.3480860225,3.99015473,1.00142255220658,3375.52403748591,3243.16148514419
"1435","lambda[159]",2.4682189098125,2.413769,0.51293452130192,0.48354443025,1.702371125,3.37030698,1.00027018013598,7999.77435368892,6293.91537191035
"1436","lambda[160]",3.20046879039963,3.27159255,0.8776245667519,0.86448093144,1.6541198,4.531283325,1.00008824260238,8886.95931199448,4598.72670959847
"1437","lambda[161]",2.78164955222929,2.7786977,1.00058018716655,1.09877361489,1.142252655,4.41966784,1.00095940672604,13423.7141421615,5134.80232955151
"1438","lambda[162]",3.11097630347128,3.18555235,0.957662743727697,0.95775463329,1.348816875,4.52977782,1.00010046486713,10173.7253001932,4273.86650880981
"1439","lambda[163]",2.525639274278,2.55138945,1.02755855318107,1.08673290138,0.7725571095,4.1967897,1.00084490988702,11172.5286708181,4200.13933069412
"1440","lambda[164]",2.79558151485891,2.8377299,1.06892639781203,1.17492009915,0.9466812365,4.494840685,1.00145415023934,10233.7620916492,4749.32087142424
"1441","lambda[165]",2.42883452654632,2.42987225,1.04412774104266,1.09296597417,0.6805912575,4.21358678,1.00093591661317,7430.93311849067,4642.67223619934
"1442","lambda[166]",1.94616891545627,1.86717165,1.04385545040202,1.11421237347,0.37284294,3.819905265,1.00105132519705,2527.43137398772,3562.64773326615
"1443","lambda[167]",2.48740853650904,2.51951295,1.12772032242178,1.21204217925,0.561858682,4.327985585,1.00193103370508,8023.74804917945,4100.9161905777
"1444","lambda[168]",2.50442912118528,2.5805842,1.18620203821002,1.30663784139,0.460975177,4.38218416,1.00232958716237,5754.99306573191,2948.93296272339
"1445","lambda[169]",3.41790947963125,3.4411995,0.799897291947715,0.84329124159,2.069559735,4.66857888,1.00044128383432,5819.82009582949,5345.97279572472
"1446","lambda[170]",1.75688306036908,1.64457865,1.02441629389001,1.100518494243,0.278263172,3.62243967,1.00220663289936,1756.96621468332,3560.96765967963
"1447","lambda[171]",2.572478526505,2.5097732,0.528585668800154,0.4791273942,1.833126195,3.530379445,1.0009901398262,7544.81180019441,5253.43472962423
"1448","lambda[172]",2.87581043005463,2.93212395,1.06362220000263,1.13303131179,0.979528727,4.521387725,1.00088929679874,15484.1225118412,4781.82392633134
"1449","lambda[173]",2.01373222056987,1.9898425,1.21727473394813,1.43661745752,0.168612522,4.103238925,1.00080522715384,1824.14694540078,2166.10551357901
"1450","lambda[174]",2.9192505997075,2.8748877,0.628332308112289,0.60863680374,1.94553889,4.035585685,1.00034638725906,8705.03598065381,5965.41584563826
"1451","lambda[175]",1.99896780568923,1.9663073,1.08820021094617,1.20372731367,0.306204658,3.877394345,1.00188363709824,2768.2105351483,3073.9010602916
"1452","lambda[176]",2.86561883703835,2.93357385,1.00798244164306,1.0336183116,1.05030838,4.41504581,1.00034632264096,12935.1582757809,4986.99733511971
"1453","lambda[177]",2.50170832716595,2.4453504,0.873908910750976,0.84193822083,1.15190989,4.083591835,1.00218613500089,9834.40542807848,4612.15308377933
"1454","lambda[178]",2.84956402904113,2.9036144,1.00236371129923,1.01270364405,1.03443911,4.422193965,1.00121787753754,11282.5981107497,4234.51695312152
"1455","lambda[179]",3.78015155415125,3.83769645,0.651923355633614,0.66526055946,2.63391268,4.724725355,1.00170276452628,2975.49158972021,4387.90896654005
"1456","lambda[180]",1.84761120549091,1.7539555,1.10125304159478,1.23964092651,0.2313892395,3.82307998,1.00095762955881,2237.07159878875,2959.39915964855
"1457","lambda[181]",2.78271211800637,2.7860095,1.00799103408254,1.08245789841,1.0880975,4.4191754,1.00073556945303,11388.7278552421,4859.56049544363
"1458","log_lik[1]",-94.282599107625,-93.931096,1.68388788500563,1.49961135240001,-97.59297405,-92.20857555,1.00006480138235,5902.23550519854,5343.70321961372
"1459","log_lik[2]",-88.13495771825,-87.8396285,1.43424191584675,1.34852181030001,-90.92007905,-86.3575071,1.0010792584291,2824.01012119087,4101.64164785181
"1460","log_lik[3]",-102.9780377075,-102.718465,0.721024938892223,0.373133355000009,-104.4471025,-102.375157,1.00007533110467,4845.70649312344,6440.6947464779
"1461","log_lik[4]",-73.99046978575,-73.780172,3.04732533087304,2.98039294350001,-79.31585835,-69.3798229,0.999982623382928,5937.85070785301,4552.37845419807
"1462","log_lik[5]",-82.2540883165,-82.097941,2.34791634878616,2.39101496550001,-86.29834215,-78.7293258,1.00011711624246,4846.9756007867,4358.24595545417
"1463","log_lik[6]",-89.813544306,-89.5793765,1.5950133586578,1.4358699306,-92.7288982,-87.607035,1.00065500970591,4688.33452073427,5322.36121060558
"1464","log_lik[7]",-65.068988426875,-64.8086475,0.953218156626448,0.713542762800005,-66.96989005,-64.07540235,1.00081877639075,7089.75613004222,5700.04791592504
"1465","log_lik[8]",-97.268195660625,-96.915846,1.3624160577952,1.1327716344,-100.041369,-95.6495013,1.00039172739305,3421.2822160768,4222.75244840188
"1466","log_lik[9]",-76.90339612325,-76.7552545,0.862865684640148,0.677512617599996,-78.55712335,-75.8867644,1.00010152282489,4222.66440103356,5577.38004955706
"1467","log_lik[10]",-67.91090404225,-67.635589,0.811321422018663,0.505903891500014,-69.53345865,-67.2115872,1.00009954760718,5166.089527753,5712.54698862392
"1468","log_lik[11]",-79.335423131,-79.070367,0.848465072508867,0.5887790076,-81.04332505,-78.53643605,1.00020169714389,5933.57071429336,6263.84106690299
"1469","log_lik[12]",-73.1143928545,-72.927717,0.836958599451732,0.616237500900002,-74.8038945,-72.23749875,1.00049139053007,4235.19632417294,5520.68166714285
"1470","log_lik[13]",-68.634822956375,-68.5495955,0.95781731712001,0.718056538500007,-70.43629015,-67.2855251,1.00130765657561,4101.88634113665,5536.40784096972
"1471","log_lik[14]",-81.710679359625,-81.529344,0.850856047309358,0.689082086699998,-83.3580326,-80.7666485,1.00053469861432,3692.23912290165,4610.01662360198
"1472","log_lik[15]",-66.288162993875,-65.982772,0.874006152571888,0.494786615400018,-67.99033405,-65.5725123,1.00040803121667,5585.00524361775,5958.82582911086
"1473","log_lik[16]",-64.491112468,-64.197926,0.886529890260966,0.496989758999997,-66.2367392,-63.7240453,1.00091950631665,4961.43527993716,5125.3836442518
"1474","log_lik[17]",-103.5632837475,-103.287245,0.940373163346256,0.672262730999998,-105.451204,-102.642445,1.00039690181808,5808.118359144,4958.81659081788
"1475","log_lik[18]",-102.9776256,-102.7146,0.860742566939417,0.597851036999997,-104.69405,-102.166209,0.999943296350486,5894.25195322443,5123.6909367112
"1476","log_lik[19]",-97.139329044,-96.884909,0.789887544663729,0.478030270199986,-98.75964265,-96.4521323,1.0002293479105,5108.20926060608,5651.33760145897
"1477","log_lik[20]",-102.11307942625,-101.908065,0.840720939486475,0.591727899000003,-103.712311,-101.284853,1.00017011820263,3294.98121790008,4911.62264453903
"1478","log_lik[21]",-94.617249553625,-94.330221,1.70384741132758,1.27021829130001,-97.8558288,-92.12211645,1.00104906242081,3420.7687774635,4573.13766723602
"1479","log_lik[22]",-101.8320775375,-101.5864,0.768270037297164,0.497864493000011,-103.3590595,-101.143644,1.00001833238298,5815.18674448955,5954.1088659619
"1480","log_lik[23]",-102.37296198125,-102.101385,0.807143341678394,0.492601262999995,-103.9851195,-101.680519,1.00108494360099,5405.03268178164,5707.96509329049
"1481","log_lik[24]",-101.53241067125,-101.27225,0.937701831753368,0.697385387999998,-103.3928135,-100.580802,1.00023347750955,7491.91716691241,5543.773696531
"1482","log_lik[25]",-42.26722163775,-41.9415165,1.26143517654423,0.999849131400007,-44.7512902,-40.88098475,1.00044995792633,5122.83700252785,5249.93264022546
"1483","log_lik[26]",-100.0974547015,-99.8659245,0.826870912210053,0.514207192800003,-101.676414,-99.1943368,1.00040848699898,3479.58867946319,3698.30161288761
"1484","log_lik[27]",-102.98326434,-102.72987,0.846374045630153,0.603358895999997,-104.6961285,-102.162239,1.00064055435589,6092.20694917468,5157.73525558822
"1485","log_lik[28]",-92.530081549125,-92.302073,1.16006375273231,0.912707833800015,-94.74036475,-91.10175965,1.00102044028424,3135.87130990645,3940.75605566055
"1486","log_lik[29]",-89.89108493375,-89.7461945,0.96869546809844,0.940458399300006,-91.5433928,-88.64054555,1.00038564302939,3957.10652037878,4888.03427074935
"1487","log_lik[30]",-48.744433688,-48.479854,1.1981700384696,0.9232305873,-51.0126777,-47.30927545,1.00104010643243,3469.2030670787,4814.08840148133
"1488","log_lik[31]",-97.667464369,-97.4136785,0.94577195528952,0.733202780100007,-99.48891585,-96.67769325,1.00152174741852,5215.2196325416,5028.23744023622
"1489","log_lik[32]",-85.32986659425,-85.12602,0.809737438666756,0.572091603299994,-86.8957569,-84.5228261,1.00012723819681,4160.5796183004,5150.18844374285
"1490","log_lik[33]",-103.30787618375,-103.041935,0.932905967528109,0.707585676000002,-105.1776135,-102.3462495,1.00028472548519,6925.71249577226,6514.73582881017
"1491","log_lik[34]",-1.42702507182036,-1.0778238,1.25112685891668,0.971889630495,-3.85505425,-0.136004134,1.00020366619044,6477.77928278931,5983.79451294141
"1492","log_lik[35]",-102.71693032375,-102.454295,1.01622408486359,0.780455465999998,-104.733262,-101.6454325,1.00032333315469,6491.98635448573,5915.93819787835
"1493","log_lik[36]",-101.51111802375,-101.25559,0.74148044673305,0.426306804,-103.017597,-100.9074845,1.00034910227469,5114.80770058345,5564.02513294074
"1494","log_lik[37]",-96.05035081675,-95.77644,0.85244538752883,0.550388563200009,-97.85036115,-95.27622275,1.00064161612526,5344.97948537498,4215.65775339954
"1495","log_lik[38]",-98.055706848625,-97.9698665,0.943810919770945,0.616611116099985,-99.7408709,-96.68762345,1.00083635494913,2863.89659732469,4860.80763627698
"1496","log_lik[39]",-86.673038703125,-86.453184,1.61313740432129,1.49610722730001,-89.57674575,-84.46598915,1.000433184264,4549.4805722895,4552.65341887933
"1497","log_lik[40]",-102.9011126875,-102.626045,0.912901480536125,0.656339607000001,-104.7239715,-102.0179775,1.00004648589864,6092.17849391185,5867.73616148551
"1498","log_lik[41]",-90.0821769895,-89.803431,0.902597086659394,0.630824802300001,-91.93029245,-89.22686455,1.0004090262919,6159.85380670269,6188.55251766242
"1499","log_lik[42]",-99.293532342625,-99.1204455,0.784226596306269,0.622384360499989,-100.814753,-98.4254119,1.00140050228246,3650.30953473788,4827.95769544914
"1500","log_lik[43]",-98.840931945125,-98.6799355,0.884327255565805,0.754784988300001,-100.4857325,-97.7493373,1.00078771914715,3329.1569605582,4320.32988407227
"1501","log_lik[44]",-101.1311448,-100.87968,0.89425291426205,0.679268015999999,-102.892011,-100.2098985,0.99977231442845,8091.67124944951,6586.74342412714
"1502","log_lik[45]",-97.504756281375,-97.238836,0.888453444079368,0.633007189500022,-99.2528329,-96.635643,1.00052956035471,7595.93541244307,6125.41841681562
"1503","log_lik[46]",-98.278311771125,-98.010325,0.98481346397002,0.757416603299994,-100.203307,-97.2474466,1.00034949929108,5884.19259092893,6083.18687630049
"1504","log_lik[47]",-84.944599859125,-84.6780245,0.787597506163587,0.481664122799987,-86.54365845,-84.28243135,1.00016847963057,5829.43395334344,5643.85059413604
"1505","log_lik[48]",-95.830622923875,-95.5717015,0.956131367157595,0.771295221899981,-97.75693025,-94.7985369,1.00075211150484,7621.98653862625,6600.41169954301
"1506","log_lik[49]",-100.51986826025,-100.244935,0.922585216567909,0.650725742099995,-102.3855505,-99.62690325,0.999899271591188,7705.5970883153,5974.28857959317
"1507","log_lik[50]",-90.988528093625,-90.683318,1.10549272071027,0.877995719999997,-93.2431935,-89.80957425,1.00077720913948,3254.98255746119,3970.98690233695
"1508","log_lik[51]",-84.50821467975,-84.217867,1.32041035140432,1.09917591839999,-87.0045596,-82.9438924,1.00078645006239,3496.79357628066,4536.68548974616
"1509","log_lik[52]",-100.254502769875,-100.16469,0.912272223459518,0.675365071500003,-101.9465375,-98.9918672,1.00020858303627,3214.93350809111,4761.07209270377
"1510","log_lik[53]",-99.885173814125,-99.6866015,1.06961921459301,1.07442168749999,-101.7813975,-98.563806,1.00010060881909,4119.82579142384,4326.33708923141
"1511","log_lik[54]",-98.46700608425,-98.2374955,1.41173834800225,1.35737070839999,-101.1546465,-96.5936956,1.00151572027675,3549.66263225366,4113.75562092375
"1512","log_lik[55]",-97.270261207,-97.0042525,0.95044465119218,0.715582820400005,-99.14721855,-96.30817315,1.0003390798122,6601.87662259711,6099.09302609635
"1513","log_lik[56]",-87.48773558475,-87.2679715,1.04500962456059,1.01018952509999,-89.36072735,-86.2142398,1.0000458775687,3465.35143829012,4450.85651357081
"1514","log_lik[57]",-103.116052935,-102.85335,0.79911580156777,0.504714104999994,-104.732452,-102.397663,1.00124846169981,5486.53138222342,6241.53031122373
"1515","log_lik[58]",-53.027102364625,-52.7669505,1.5916339108895,1.4852479236,-56.0082596,-50.95044285,1.00210408544543,2381.21695050255,3961.75957999836
"1516","log_lik[59]",-88.718911506375,-88.463175,1.50607802951524,1.3835860416,-91.56164395,-86.78413715,0.999936199511197,4652.28628655154,4823.9267690614
"1517","log_lik[60]",-99.7539471495,-99.698112,0.981515822422195,0.791513438099995,-101.4669295,-98.29634475,1.00077005031649,4042.09507741103,5364.53628352879
"1518","log_lik[61]",-65.2331307665,-65.0206305,1.23739974678785,1.08462271679999,-67.38541135,-63.53409515,0.999911841201227,4205.22901069067,5710.75278598094
"1519","log_lik[62]",-93.3592947105,-93.1063995,1.28770518575606,1.1095029687,-95.8657413,-91.7517835,1.00035826346994,3555.26055192739,3893.72164977318
"1520","log_lik[63]",-83.559295525875,-83.3277245,1.27400083013237,1.01558841300001,-86.0415496,-81.79418245,1.00090863825246,2801.94905828106,3655.10734771845
"1521","log_lik[64]",-91.469542032875,-91.424503,1.55047057064176,1.48674386699999,-94.2292669,-89.16767005,1.00140878202012,2038.10605194547,4047.66122787744
"1522","log_lik[65]",-77.062415498125,-76.7803855,0.976811128366767,0.715198085699997,-79.0129738,-76.08904415,1.0001296850314,7517.42648802465,6371.49995274618
"1523","log_lik[66]",-101.51566553125,-101.25952,0.821771366941261,0.481770870000012,-103.1201055,-100.7361705,0.999974422406748,4120.18006504156,4825.67069519137
"1524","log_lik[67]",-84.119812387125,-83.9074565,1.39965199546481,1.26737688840001,-86.73961425,-82.30599555,1.00083664981333,3682.72302772343,5105.88990488149
"1525","log_lik[68]",-33.68817268975,-33.408119,0.908117738041481,0.625304341199996,-35.51521285,-32.79451305,1.00035817647913,4840.24724369606,5563.30541396118
"1526","log_lik[69]",-92.424983949125,-92.2319655,1.5690836735272,1.3818187824,-95.3052427,-90.29948815,0.999850746286759,4716.96172880673,4804.67681501017
"1527","log_lik[70]",-64.39050004675,-64.232327,1.38545724582908,1.2643301454,-66.9153536,-62.4488268,1.00016040578028,3560.47796313261,4561.26728363561
"1528","log_lik[71]",-82.556136993625,-82.366849,1.67711767298054,1.64347321949999,-85.5543292,-80.15149805,1.00030669611622,5327.80045555943,5348.16530609205
"1529","log_lik[72]",-77.140338287375,-76.9567835,0.790625654533751,0.54899417789999,-78.71430925,-76.2832102,1.001623952589,3259.66156645504,4982.44315534982
"1530","log_lik[73]",-101.3563444925,-101.214805,0.87885434866169,0.826860846,-102.9394685,-100.2689945,0.999925561109781,3660.09543419912,4822.21396933494
"1531","log_lik[74]",-80.13732635875,-79.898142,0.85686748031027,0.556866042599994,-81.83164165,-79.28673685,1.00056286467959,4277.36896984083,5692.79277988759
"1532","log_lik[75]",-92.2980180315,-92.099474,1.8098107868644,1.90145303249997,-95.5062846,-89.6753145,1.00081471264732,3065.293602756,3921.15444176043
"1533","log_lik[76]",-69.997162823,-69.751474,0.968901108433349,0.765505668899997,-71.90199115,-68.945689,1.00074899648494,7436.80928446464,6332.47110834208
"1534","log_lik[77]",-98.147045851125,-98.292995,2.14694390413802,2.261461671,-101.6313155,-94.57161245,1.00222526340051,1802.83430317225,4429.33985203049
"1535","log_lik[78]",-98.0760923905,-98.5984245,2.16269975915051,1.5099799155,-100.6584905,-93.5804179,1.00370330679649,1656.17045569822,3009.39583172106
"1536","log_lik[79]",-100.164568946,-99.9017835,0.925601247393338,0.704426996699991,-101.9725805,-99.2159979,1.00050109000112,8429.17277669216,6463.70740661029
"1537","log_lik[80]",-102.85636863125,-102.608985,0.7470108093283,0.398315316000006,-104.320866,-102.18425,1.00020082665384,3595.67322655167,4742.04181291124
"1538","log_lik[81]",-78.9454422955,-78.6628015,0.768859812087564,0.345405028500004,-80.49538175,-78.3331222,1.00057153859716,4992.40840936628,5500.04245775641
"1539","log_lik[82]",-59.412226686375,-59.1431975,0.868008775012099,0.580835978099997,-61.16243805,-58.60249105,1.00080318291838,6431.22802152864,5572.71287446654
"1540","log_lik[83]",-84.75937213425,-84.44066,1.56148111398751,1.60969959150001,-87.5033224,-82.74369405,1.00036066350954,4287.67154879914,5401.37006519923
"1541","log_lik[84]",-90.103256246,-89.810792,1.38912172935322,1.23831570450002,-92.74118445,-88.4004869,1.00201079388718,2945.35391591144,4226.00982094347
"1542","log_lik[85]",-94.019088955875,-93.768947,1.29094545627536,1.0960750605,-96.5477795,-92.47329845,1.00151377465361,3175.91681413892,3971.61765071359
"1543","log_lik[86]",-98.1257382325,-97.885899,0.815836032002029,0.512929932899994,-99.77602905,-97.2881601,1.00037153950375,4834.04825156887,5372.7904606386
"1544","log_lik[87]",-88.7674010695,-88.5162575,0.728117489906991,0.340279680299997,-90.2064051,-88.14999605,1.0002927521044,4501.52984462661,4924.87463107762
"1545","log_lik[88]",-65.6383811085,-65.440502,0.762156665850281,0.504049158899998,-67.1721326,-64.86680315,1.00111329127396,3572.90644161593,5402.8287503956
"1546","log_lik[89]",-101.3218483175,-101.060285,0.802485125840377,0.450473184000001,-102.9172705,-100.5791695,1.00022813420368,3902.36138631598,5723.2317524537
"1547","log_lik[90]",-100.81581570325,-100.682185,0.831130157857397,0.687555749999996,-102.3667275,-99.76149175,1.00081192833861,2934.83380498658,4800.99732525179
"1548","log_lik[91]",-84.999379746875,-84.754671,0.747843361725163,0.463815101400006,-86.51473755,-84.35015955,1.00078929201622,5256.05618846049,5727.1924055986
"1549","log_lik[92]",-103.53593234875,-103.27029,0.936741563397195,0.684086466000001,-105.4064785,-102.59388,1.000444041402,6564.44978694426,5361.00190965525
"1550","log_lik[93]",-100.93676588625,-100.67412,0.763574461311344,0.475721861999999,-102.4769635,-100.2886955,1.00034137465061,5608.00589641415,5321.22550404951
"1551","log_lik[94]",-57.78796980275,-57.501118,0.992198350649178,0.776278240499994,-59.78339095,-56.770477,1.00238743006096,3485.32547719286,4679.76541364314
"1552","log_lik[95]",-73.270977895875,-72.941676,2.23665015299788,2.2102941798,-77.37555875,-70.23537455,1.00019524843589,3821.2299803377,4896.03864709745
"1553","log_lik[96]",-88.799860561625,-88.532176,0.796620492416159,0.463415540699982,-90.3817398,-88.0681608,1.00040933869931,3723.70780524014,5470.59241587434
"1554","log_lik[97]",-97.11124427175,-96.9648835,1.26905100351309,1.2313415541,-99.4199288,-95.31335405,1.00045217189235,3685.33686575192,4687.33717523354
"1555","log_lik[98]",-78.615152044625,-78.287645,2.19973326604744,2.0772812382,-82.8047899,-75.6117347,1.0013196216174,3905.11063579992,4857.40952076494
"1556","log_lik[99]",-82.22093810825,-81.943516,1.0627056680483,0.844912983599995,-84.2899619,-81.09885395,1.00018383118815,9413.40785076906,6808.0363601023
"1557","log_lik[100]",-64.953854128625,-64.7528905,0.888079799990869,0.761296567500005,-66.61962345,-63.97115755,1.00049112566989,3695.08423426175,4506.78346528439
"1558","log_lik[101]",-88.909600311,-88.7744555,1.2508159989048,1.2708113313,-91.02613755,-87.10703655,1.00027713970253,3559.48294698595,4355.72132828753
"1559","log_lik[102]",-86.311602903125,-86.0465955,0.893491544802399,0.670010661599985,-88.06567955,-85.42183905,0.999690805175534,7033.89095513892,6814.99766878685
"1560","log_lik[103]",-1.13033834999968,-0.80925766,1.07953737551916,0.82800474603,-3.261723565,-0.05621171305,1.00063719432001,6805.78880099936,6220.13579923113
"1561","log_lik[104]",-101.6996663025,-101.54017,0.843448718563634,0.622795781999993,-103.31386,-100.714994,1.00038202291937,2921.69596209964,5013.91036785521
"1562","log_lik[105]",-98.450739094,-98.2455625,1.52158046211541,1.42410253439999,-101.3335445,-96.33437505,0.999915892866708,3703.09278538825,4443.95017234778
"1563","log_lik[106]",-100.07663546225,-99.81735,0.934321350399055,0.695028795300006,-101.9059905,-99.13692615,1.00043847553879,7526.09935938214,5647.06651065267
"1564","log_lik[107]",-90.90424095725,-90.5724305,1.28517108974734,1.07911263389999,-93.53304345,-89.45652415,1.00257238452626,2789.94324302112,4490.92673407993
"1565","log_lik[108]",-73.761625246875,-73.4329535,1.23452009028639,0.998215306200003,-76.2244164,-72.4377422,1.00083194094229,4880.99686900368,5729.49641446741
"1566","log_lik[109]",-60.740129090875,-60.559105,1.49785330574857,1.43903305769999,-63.59716485,-58.71245565,1.00072085086791,2543.09664634785,3910.56099474776
"1567","log_lik[110]",-98.6922113155,-98.43262,1.31265189782386,1.3260344748,-101.063904,-97.02120785,1.00044704077443,3759.0996046001,5238.61988633311
"1568","log_lik[111]",-64.91232462625,-64.616047,0.97817305793202,0.682924848899995,-66.8453793,-63.9866124,0.999918423542348,6930.72708654789,6497.88324485751
"1569","log_lik[112]",-60.012059306125,-59.868298,0.961198101741221,0.866074874699992,-61.7747628,-58.8723682,1.00013591529892,4693.55613205413,5065.70814109081
"1570","log_lik[113]",-97.377665980625,-97.272782,1.60297226459282,1.46581474410001,-100.332569,-95.0422679,1.00007360095806,4509.42100063121,4183.50239715934
"1571","log_lik[114]",-91.13524537825,-91.202247,1.40841213633884,1.3921502805,-93.32888085,-88.80201395,1.00099041475101,3249.77297927201,4607.17919643625
"1572","log_lik[115]",-102.25871419625,-102.07116,0.829172629102111,0.59407040700002,-103.8593195,-101.3683845,1.00035949586858,3243.5914089568,4355.43195364389
"1573","log_lik[116]",-83.19261052225,-83.077922,0.766683384197555,0.547215057899994,-84.65961005,-82.25239835,1.0005112384277,4833.54132671705,5253.2566940041
"1574","log_lik[117]",-100.074544245375,-99.945384,1.04814080711555,1.0156440105,-101.81136,-98.61908815,1.00032169600446,3408.75801580988,4794.24288247816
"1575","log_lik[118]",-98.4895119545,-98.2401295,0.819737264624064,0.554937921300016,-100.1124235,-97.72789405,1.00099551248369,7326.65877128102,6194.85860316884
"1576","log_lik[119]",-100.437833798,-100.17875,0.77116015490232,0.432340985999998,-101.9360155,-99.78379255,1.00018737516345,4247.90014200053,5494.44273249059
"1577","log_lik[120]",-94.579776707875,-94.2174915,1.30062607115908,1.01100124859999,-97.13630455,-93.21333445,1.00158420495712,3790.64401118534,4966.41633031553
"1578","log_lik[121]",-101.3776935145,-101.0978,1.13953567601034,0.934623627,-103.623883,-100.127219,1.00023663704006,5293.18552509597,6348.6092303325
"1579","log_lik[122]",-81.058832258625,-80.780725,1.04702871039799,0.811051882199978,-83.136511,-79.93740515,1.00001143071591,6949.43076956156,5916.45008317448
"1580","log_lik[123]",-85.418309431375,-85.1627975,0.865148843940848,0.626015989200006,-87.1541765,-84.56361915,1.00176455588542,4768.82188086666,4748.88002310134
"1581","log_lik[124]",-89.815202126125,-89.556654,1.36238752286256,1.13096286239999,-92.48582375,-88.1526467,1.00068917234574,4596.12346930749,5241.86988367049
"1582","log_lik[125]",-56.65282089575,-56.4144245,0.822562363280844,0.565000327499994,-58.3197733,-55.8681637,1.00046129395316,3912.16190469666,5679.92228218491
"1583","log_lik[126]",-93.748913629875,-93.471851,1.02060187254142,0.782164903800001,-95.75429095,-92.6682932,1.00049491748111,9132.03491162752,5829.82361978803
"1584","log_lik[127]",-55.1905634065,-54.8932,2.03877196798871,1.9874089914,-59.04572565,-52.40487955,0.999852276751018,5650.30128441852,5069.60848823178
"1585","log_lik[128]",-59.33703922625,-59.047592,0.850398020449737,0.482551458900001,-61.0009488,-58.64153055,0.999984662132136,6009.61530320264,5570.1778837113
"1586","log_lik[129]",-93.379719650375,-93.1645455,0.814462151829852,0.507806067300004,-95.00278305,-92.5392863,1.0005773293466,3693.91824526851,5306.22616893263
"1587","log_lik[130]",-89.730892563625,-89.455546,0.84624689011936,0.509655610800002,-91.36673855,-88.99582965,1.00033007359173,5885.70740143204,6181.78021056957
"1588","log_lik[131]",-82.85468410975,-82.5993055,0.803394492949623,0.536395784400005,-84.4799446,-82.11777145,1.00089481441062,6558.97242100328,5793.78266639298
"1589","log_lik[132]",-64.676848678875,-64.5018745,1.08696428550135,0.987882325500002,-66.62811645,-63.2631019,1.00154375019879,2961.61608963156,3821.27704576254
"1590","log_lik[133]",-79.931573027875,-79.7343655,0.744475024687951,0.459988510799996,-81.3942404,-79.12344265,1.00165200866781,4269.28960443963,5422.6586963425
"1591","log_lik[134]",-101.85267459875,-101.605385,0.710853410635125,0.384667982999993,-103.2735205,-101.2578525,1.00037374958015,4717.60392843505,5445.76479654701
"1592","log_lik[135]",-101.54198168125,-101.283025,0.712553525775519,0.358559397000018,-102.9846225,-100.962898,1.00218314944035,3747.39381752505,5003.31781126347
"1593","log_lik[136]",-92.161087872125,-91.857558,1.26404353740782,1.0450365555,-94.635405,-90.7197021,1.00242806153071,2760.42929477088,4543.81559080471
"1594","log_lik[137]",-66.36588937225,-66.111557,1.06862184015222,1.012208085,-68.335939,-65.13874275,1.00000058905111,3927.3029665253,4949.87619121454
"1595","log_lik[138]",-102.01813139625,-101.73533,0.980828525177205,0.726392457000009,-103.926823,-101.0432195,1.00030335241834,4961.13769389407,5305.93533166109
"1596","log_lik[139]",-103.04077933875,-102.76794,0.927497846213952,0.653856252000003,-104.8559175,-102.160398,1.0005474621665,6268.91505576279,5714.8515941992
"1597","log_lik[140]",-100.617782526625,-100.354785,0.945244107848382,0.732226487999985,-102.5170055,-99.64478815,1.00056463216577,4957.94891263305,5095.47583801687
"1598","log_lik[141]",-94.2324027105,-93.8748955,1.30453914323417,0.961786341600011,-96.85935025,-92.8266806,1.00227814126766,3707.59213309723,4734.04338335346
"1599","log_lik[142]",-88.2022729485,-88.2407475,1.23345582101252,0.972151198199999,-90.05195095,-85.9796339,1.00053680917543,3121.51330056227,4176.06856184208
"1600","log_lik[143]",-81.9583015795,-81.7178755,1.27993462795014,1.09896464789999,-84.38133365,-80.3683469,1.00197438909932,4217.14433539764,4713.74646265558
"1601","log_lik[144]",-79.0462299425,-78.9698225,1.33569187259814,1.1687076345,-81.40337045,-76.8913988,1.00050622160301,3788.53153143323,4365.24801245223
"1602","log_lik[145]",-94.03080479975,-93.789739,0.783544610127272,0.516778021200002,-95.5591389,-93.3154829,1.00163883101796,5303.18244675521,5352.40382010098
"1603","log_lik[146]",-69.657378198,-69.3382585,1.59502709120557,1.31089342229999,-72.7833203,-67.69893025,1.00109612733747,4483.20124260051,4923.68864976998
"1604","log_lik[147]",-90.339541590875,-90.15861,0.825670083987513,0.653638309799994,-91.94682995,-89.3720887,1.00059344092126,3333.1980516303,5151.86956710365
"1605","log_lik[148]",-80.486854108,-80.2782295,1.11514141639819,0.999975893700003,-82.53064125,-79.07299495,1.00011623696294,3130.4064201049,4072.74468493089
"1606","log_lik[149]",-85.589990075,-85.273735,1.47748166958618,1.3271656986,-88.40527135,-83.78165535,1.00071952180302,4318.04655176462,5260.84614892464
"1607","log_lik[150]",-101.84681089125,-101.7068,0.928639155212344,0.788602352999982,-103.607295,-100.7014135,1.00014408744284,3535.12647437999,5014.31501947698
"1608","log_lik[151]",-80.02153702925,-79.778488,1.0813902486532,0.890551859399994,-82.20985105,-78.75822135,1.00076825049676,3390.66150222737,3855.32501637918
"1609","log_lik[152]",-95.717243548625,-95.550567,2.08417468667155,2.21666713589999,-99.387256,-92.55254295,1.00247805160911,2393.70890757851,4279.13620286786
"1610","log_lik[153]",-96.86358344625,-96.5300705,1.22699284735243,0.985840043999991,-99.31841735,-95.5304047,1.00099242043494,2389.16401177736,4307.83997507336
"1611","log_lik[154]",-86.7631438025,-86.5251135,0.784797301633351,0.430644891599993,-88.30955475,-85.94136365,1.00048256977051,4990.01393089467,5463.2927977118
"1612","log_lik[155]",-101.47555243875,-101.196015,0.817905273864976,0.456433235999997,-103.153253,-100.7850875,0.9998991844775,4631.13388918771,5567.98180587393
"1613","log_lik[156]",-78.001711613875,-77.720163,0.823957291382307,0.482263093200002,-79.62445785,-77.30901145,1.00016371903083,5316.58172195766,5209.05229984611
"1614","log_lik[157]",-95.21222174725,-94.929367,1.69850742186034,1.4553045927,-98.4774372,-92.889784,1.00144676447244,4047.12426078218,4681.85623956144
"1615","log_lik[158]",-61.425022515,-61.156889,0.936753427844639,0.709552344899998,-63.27179345,-60.4888819,1.00050840229045,6604.47220272563,5905.92461935586
"1616","log_lik[159]",-85.273867342625,-85.059734,1.99237161513172,1.91787208619999,-88.88474665,-82.4274949,1.00009007780994,4974.36100384504,5452.30206962591
"1617","log_lik[160]",-60.292473084,-60.032411,1.0540349670356,0.963498003300003,-62.2668408,-59.07502565,1.0000520114224,4090.37252592279,4879.25655664864
"1618","log_lik[161]",-92.91448112725,-92.7139045,1.18054700595393,1.17542603640001,-94.94779575,-91.3951436,1.00128443695163,3070.29895050589,4368.95296882526
"1619","log_lik[162]",-84.078094260375,-83.922857,1.06610196542802,1.01723558160001,-85.9282411,-82.6733717,1.00017231026059,3913.0209625094,4364.94379417595
"1620","log_lik[163]",-100.7501742885,-100.580885,0.723340651645027,0.481533654,-102.1481605,-99.9664105,1.00077040171977,3864.1391638017,5102.62550177761
"1621","log_lik[164]",-102.05557757125,-101.946845,0.842219813610211,0.720573252000005,-103.6089845,-100.911806,1.0010601930197,3678.7081445019,4274.93661285373
"1622","log_lik[165]",-101.63649415,-101.426545,0.758451746095952,0.457167122999998,-103.1192765,-100.934845,1.00111147260091,3211.99291351798,4190.40915671521
"1623","log_lik[166]",-101.8342608,-101.560215,0.871300533084828,0.604537563000002,-103.6125975,-100.9992275,1.0006634862745,6709.83094308582,5310.4204463243
"1624","log_lik[167]",-100.380533723,-100.134525,0.768629073393247,0.426568482900003,-101.908528,-99.63045775,1.0009454475936,4219.98115804313,4791.06130552579
"1625","log_lik[168]",-96.103523042125,-95.838538,0.933788452867606,0.667008396600001,-97.9864118,-95.1174259,1.00006314060021,5816.8108931291,5902.00051880915
"1626","log_lik[169]",-87.594272973625,-87.327406,1.26121607465208,1.06778112210001,-90.11520725,-86.0560015,1.00075790767071,3952.1836359888,4550.89466652866
"1627","log_lik[170]",-74.064661674875,-73.794825,0.97442836894792,0.735534909899997,-76.0498435,-73.07967585,1.00026029006853,5704.55156936595,6252.34595127079
"1628","log_lik[171]",-59.706402978875,-59.5471435,2.45919736320721,2.4981758109,-64.06834015,-55.98273105,1.00142714349308,4670.73386037094,4985.25223743703
"1629","log_lik[172]",-69.386303552375,-69.330449,0.894686201139806,0.691116213899993,-70.99150325,-68.1817013,0.999800343995667,4154.63200917151,5439.9552154225
"1630","log_lik[173]",-103.73369043375,-103.45911,1.08170599007033,0.901331843999999,-105.8687065,-102.5351025,1.00014884478821,6720.17956401335,6443.32621249942
"1631","log_lik[174]",-93.9037825895,-93.616736,1.4154727435175,1.2547933209,-96.6342385,-92.15157945,1.00057849629,4049.90572289695,4975.24233877605
"1632","log_lik[175]",-94.29074841475,-94.020215,0.985508386352235,0.733410344099999,-96.18061935,-93.28960415,0.999867281097759,7130.06102065808,5650.36683372908
"1633","log_lik[176]",-79.375757046,-79.2735515,0.865310186120972,0.763056413699997,-80.9793808,-78.27841295,1.00065423618946,3657.71975513327,4217.59377113563
"1634","log_lik[177]",-100.6844802635,-100.601235,1.17293817338543,1.12977678240001,-102.633191,-98.9506081,1.00084108035987,3019.79661474361,4309.51491902789
"1635","log_lik[178]",-98.985976035875,-98.8331235,0.951646544470039,0.875012728799997,-100.7202545,-97.82551995,1.00007704818268,3507.0113543679,4880.74326561939
"1636","log_lik[179]",-66.76380727775,-66.4383905,1.85029153975354,1.7553353895,-70.38445095,-64.3314185,1.00054448509018,5894.50868396679,5313.4749798032
"1637","log_lik[180]",-103.21246937625,-102.940285,0.993883020887607,0.771048368999983,-105.177839,-102.1788675,1.00011197814942,6509.71540655068,5870.76039936801
"1638","log_lik[181]",-101.205838365125,-101.03701,0.910995986601546,0.823532409000008,-102.8691135,-100.0673925,1.00038200521863,3748.41310015796,4665.78303698454
