"","variable","mean","median","sd","mad","q5","q95","rhat","ess_bulk","ess_tail"
"1","lp__",-16031.4047745,-16030.8585,25.964476082302,25.4599485000009,-16074.9763,-15989.31155,1.00190580934287,984.205205887208,2332.50829911249
"2","mu_pr[1]",-0.555494607201332,-0.55947113,0.298484154954203,0.292822899684,-1.038824225,-0.0575961998000002,1.01375679418752,308.92686494083,725.526060520495
"3","mu_pr[2]",-1.45679543522988,-1.4808392,0.281134019815481,0.28103980275,-1.876320205,-0.9720491105,1.01288507807031,340.529530513681,1047.02987359429
"4","mu_pr[3]",-0.53049820454125,-0.529623965,0.0897242847115478,0.0898954939679999,-0.6793958515,-0.3833571735,1.00119494849648,1018.87725968216,2104.86916562317
"5","sigma[1]",0.62759681725875,0.623507245,0.148588520199897,0.145929034041,0.39265258,0.873060394,1.01198553095656,419.45561391776,1211.68301817643
"6","sigma[2]",0.391803780392,0.38845992,0.104137539326881,0.09348675147,0.2220490515,0.5655185745,1.00486828969572,619.526369490996,712.039415058117
"7","sigma[3]",0.91532652517375,0.912977175,0.0739655291187401,0.073479205317,0.795933597,1.041319005,1.00102843439693,1159.32004299491,2637.9306467578
"8","tau_pr[1]",0.165781789477679,0.151397475,0.790654220879569,0.754689886923,-1.09123902,1.48171044,1.00091558905737,6612.78204723383,5263.39681911216
"9","tau_pr[2]",-0.260139843565791,-0.281328055,0.96671896720069,0.971327161707,-1.812608175,1.389870505,1.00138275641059,7350.82291435313,5956.64173682176
"10","tau_pr[3]",-0.0805046904314663,-0.0825814555,0.900737611596667,0.87792077457,-1.54545345,1.411381515,1.00063338507914,10945.3651115595,6389.37503029845
"11","tau_pr[4]",1.55649392256917,1.53675635,0.619368999784506,0.58184555457,0.576413672,2.61210167,1.00257664977781,2475.35527881176,3012.7683473847
"12","tau_pr[5]",1.40165405520299,1.3877554,0.659408337020587,0.623185616844,0.336031161,2.489938885,1.0017088528755,2122.82267239802,2494.05349377106
"13","tau_pr[6]",0.607623852432111,0.590547765,0.743640590844204,0.709216195002,-0.5777567225,1.878136745,1.00193308774379,3936.49555481207,3462.39527711259
"14","tau_pr[7]",-0.264540179510189,-0.299572925,0.931488611098628,0.908620431621,-1.727885655,1.321397615,1.00008379534368,7932.26466627175,5957.29856417063
"15","tau_pr[8]",0.10163019497775,0.0726662405,0.890456739085253,0.861629861988,-1.34269275,1.583611925,1.00090178266919,8192.16812419256,4834.15873082006
"16","tau_pr[9]",-0.0888279653028688,-0.11258982,0.914174773362769,0.879247664505,-1.558075565,1.465359535,1.00099558163508,10116.6920324808,6097.69347620917
"17","tau_pr[10]",-0.0749988007318025,-0.0970608925,0.870052156635093,0.8205702742755,-1.46641206,1.41825543,1.00057043092203,9475.40473118035,6485.99969164658
"18","tau_pr[11]",-0.261018653853722,-0.293230245,0.921976311562632,0.878683483314,-1.73607864,1.29409863,1.0005743151767,10242.2077158893,5545.7111274072
"19","tau_pr[12]",0.0426175358506075,0.0426259235,0.93613321277066,0.9056865463569,-1.484509765,1.5921788,0.999924589391464,10907.3309575356,6760.7499176812
"20","tau_pr[13]",-0.125933585115572,-0.11315113,0.822372376210786,0.76425161169,-1.491856615,1.23275312,1.00035357881003,6597.59076751309,5920.86042257186
"21","tau_pr[14]",-0.0148226656161816,-0.0248090825,0.881129569494057,0.820068936792,-1.46131071,1.478122575,1.00141414855151,9359.09020268983,5761.0576255107
"22","tau_pr[15]",-0.494794923567805,-0.557125745,1.00972511618166,0.991481196153,-2.06913055,1.253162035,1.00047178681444,6710.21997659486,6446.08669647537
"23","tau_pr[16]",0.15289746147844,0.163009935,0.936345483281669,0.904318474983,-1.3981601,1.68822869,1.00030727916235,12004.4323970455,6461.61610427231
"24","tau_pr[17]",-0.38976320081964,-0.412325195,1.01719779227567,1.017636187533,-2.008705835,1.319691745,1.00022041220966,4828.08408023997,5946.88907895843
"25","tau_pr[18]",-0.45488018714931,-0.49365926,0.955740825725385,0.920621100105,-1.957278235,1.171471855,1.0007122588882,7361.43210425118,5297.01105674415
"26","tau_pr[19]",-0.304969551470791,-0.36456788,0.931183128847414,0.893309821572,-1.7395531,1.320962405,1.00020882072535,8910.87457814679,6466.50288773888
"27","tau_pr[20]",-0.199865171384333,-0.24335352,0.864705955956151,0.821909933103,-1.55060362,1.263765935,1.00036816690622,10314.9343772068,5530.49890620454
"28","tau_pr[21]",-0.224729348232611,-0.245650255,0.750445251225183,0.669037438482,-1.40278715,1.045178595,1.00134647096907,3780.14557587625,4892.76904292479
"29","tau_pr[22]",-0.307309412190221,-0.330617145,0.9598806344813,0.950501635482,-1.83136064,1.311357435,1.00014748942488,8476.98993950769,6165.03069591068
"30","tau_pr[23]",-0.360713143508939,-0.38327519,0.944291887469587,0.921369420216,-1.881127475,1.244563545,1.00076406682855,9942.35698205226,5968.15344511473
"31","tau_pr[24]",-0.48635165088785,-0.516482485,0.979173123467248,0.999476005458,-2.039379425,1.18175992,1.00042227537316,4173.53703814171,5937.37052014719
"32","tau_pr[25]",-0.16093743561255,-0.198269225,0.766292092818387,0.679603343055,-1.35726867,1.222968105,1.0004974147204,4767.29048573868,5067.75032659756
"33","tau_pr[26]",-0.385818823223821,-0.432531845,0.972593343460303,0.956827126143,-1.894771865,1.28313641,1.00000814664027,6228.92140671329,5845.14194671916
"34","tau_pr[27]",-0.507050220795235,-0.55893335,1.01219123333449,1.00735546107,-2.080518255,1.20208853,1.00144053581578,2968.69032445466,5723.75671050378
"35","tau_pr[28]",0.419556719666427,0.3996248,0.734859475799719,0.6841304058162,-0.7310543575,1.693879015,1.0014482626963,3432.40092824554,3264.27339039686
"36","tau_pr[29]",-0.254908292508108,-0.29968344,0.887441418463388,0.848335254354,-1.629400295,1.28139164,0.999888732092645,10479.5271780447,5607.95945835142
"37","tau_pr[30]",0.222790333148018,0.2121599,0.682825260254726,0.627747161916,-0.877462533,1.369919245,1.00208542862226,2387.69649335355,3279.44513077001
"38","tau_pr[31]",-0.561595947523721,-0.62627758,1.01490775088387,1.0026387218778,-2.14756023,1.196801225,1.00130161654839,3035.56049060824,5061.8838075903
"39","tau_pr[32]",0.000402017724973877,0.02014478,0.871206974146429,0.835630877193,-1.4606242,1.408490945,0.999897667388665,10110.0942892432,6401.67149575652
"40","tau_pr[33]",-0.437765000785589,-0.474262425,0.988327726290174,0.992317634595,-2.003027565,1.231181135,1.00092671837847,5526.25410609576,5859.34903309437
"41","tau_pr[34]",1.10319197259538,1.1039591,0.76208973102099,0.746434644102,-0.152616618,2.34387159,1.001454289172,2000.64581492226,4220.03344677793
"42","tau_pr[35]",-0.632998205083973,-0.705473565,1.07046996782155,1.0835235156774,-2.27790029,1.249609395,1.00098010608654,2294.40677989213,5469.89648115962
"43","tau_pr[36]",-0.306575746335479,-0.346844635,0.966740645707294,0.966289865121,-1.850802715,1.338375895,1.0005426157444,9007.45703005068,5820.87122340518
"44","tau_pr[37]",-0.377310924753219,-0.440329495,0.958496336856438,0.924032681313,-1.86756918,1.26613922,1.00062908584823,8846.87721379903,5086.97107714078
"45","tau_pr[38]",0.279726334551859,0.31705169,0.778013180607238,0.726564824076,-1.058206315,1.49529106,1.00041146407631,3495.36392953142,5058.07488768099
"46","tau_pr[39]",1.09331733289599,1.08931145,0.654068306731155,0.61627137831,0.0204772439,2.165653075,1.00120964370112,2116.8919536716,3549.4265083361
"47","tau_pr[40]",-0.382967104514893,-0.402625375,0.957994880337577,0.939568809648,-1.94486422,1.22249617,1.00010187101159,7145.45686806477,6180.13967039111
"48","tau_pr[41]",-0.374687849326108,-0.405690185,0.91400808078842,0.868889575974,-1.83292343,1.191231715,1.00067950506989,9296.80157096566,6076.88324200195
"49","tau_pr[42]",-0.258345116509094,-0.29407515,0.837405351870877,0.780062606652,-1.570713475,1.20075272,1.00032134505249,7633.2024917299,5238.16507665828
"50","tau_pr[43]",-0.0855812763181002,-0.11597915,0.822392029707695,0.747823729107,-1.377380615,1.346480805,1.00182167121793,7884.72287448448,6330.97370415081
"51","tau_pr[44]",-0.567263121981944,-0.63316769,0.973215231461434,0.9633292404246,-2.044498705,1.122985805,1.00107840353825,4263.72656152909,5748.14226292154
"52","tau_pr[45]",-0.46683310670539,-0.519042,0.987720698580715,0.97131664266,-2.020802475,1.230756265,1.00210864483578,6182.48078642101,5439.85971388572
"53","tau_pr[46]",-0.602815029231449,-0.655887525,1.03902463986137,1.0486675333386,-2.239824695,1.1824471,1.00105646762139,2913.25787148043,5173.5990061743
"54","tau_pr[47]",-0.349150234141563,-0.39422701,0.923521221604313,0.876939819693,-1.7924436,1.23601374,1.00180801903354,9550.79493154435,6006.56520972712
"55","tau_pr[48]",-0.47713605642105,-0.528400585,0.993858098325007,0.983642741844,-2.06094965,1.238645765,1.00082083874755,3242.0737983372,4793.79062999494
"56","tau_pr[49]",-0.50526789313074,-0.56609595,0.984137352517881,0.98189825538,-2.037934655,1.181119925,1.00028406124536,5488.98879600392,6032.49749597569
"57","tau_pr[50]",0.250237788607915,0.24923426,0.775754975050087,0.728302001322,-1.042692115,1.51199454,1.00038615283043,4071.35804159822,4683.74913607536
"58","tau_pr[51]",0.64978489845083,0.624814025,0.64981170165407,0.603248331105,-0.365939928,1.74629611,1.00230227319744,1602.377571364,2358.5056837305
"59","tau_pr[52]",-0.0976192556654185,-0.123547335,0.878694182529581,0.818509819806,-1.496056825,1.399883575,1.00026503190765,9544.56337892741,5937.26588931203
"60","tau_pr[53]",-0.0449790026152786,-0.077452291,0.878120724478104,0.8429287369944,-1.44879564,1.430185865,1.0002068343891,9452.33837514004,6020.9640758347
"61","tau_pr[54]",0.630691875246407,0.631614655,0.695391138058857,0.648113497269,-0.4975917765,1.781267255,1.00151616850503,2370.16146462289,3148.51922121711
"62","tau_pr[55]",-0.58026985388086,-0.62926172,0.959204918169223,0.9068459684676,-2.07786394,1.105159,1.00037349349142,5813.81522420601,5556.20109245321
"63","tau_pr[56]",0.0159732004177463,-0.013608026,0.894109950086424,0.875888233752,-1.41120068,1.55458465,1.00044809224395,10318.0196013377,6380.91255755144
"64","tau_pr[57]",-0.369984771606211,-0.41610005,0.959086344095098,0.928593270108,-1.869882425,1.31047446,1.00174640273413,7613.51978408184,5753.51826425834
"65","tau_pr[58]",0.191374312144983,0.17270276,0.768553879234911,0.701096965905,-1.02120805,1.49255395,1.00061550120842,5758.16771621022,5118.21553914174
"66","tau_pr[59]",0.593839148492196,0.55833939,0.693564727227821,0.639211299699,-0.489508819,1.799018565,1.00114396696138,2213.32489269617,3173.60699933401
"67","tau_pr[60]",-0.170863691567072,-0.192021345,0.942454465350865,0.906695616519,-1.712515145,1.44487139,1.00045434839244,8739.83388833111,5758.92316635151
"68","tau_pr[61]",0.8618275228734,0.885647915,0.845223386116382,0.80299269099,-0.592421522,2.213713715,1.00075587573223,4471.51030142242,5595.89782335567
"69","tau_pr[62]",0.347913651397378,0.359451215,0.725380781277203,0.6752043028038,-0.874358558,1.488446815,1.0008372703414,2685.34268908327,4007.5252856815
"70","tau_pr[63]",0.166618996601458,0.17669398,0.804142893895882,0.748416494826,-1.16194368,1.462722405,1.00016541316518,5459.60820543474,5273.75294430032
"71","tau_pr[64]",0.0101636598742325,0.00419124385,0.735866242064189,0.66802369420101,-1.17667857,1.214474205,1.00174594013317,2890.39188873892,3934.50569415793
"72","tau_pr[65]",-0.29856020901002,-0.31826195,0.93793136158673,0.902392436736,-1.80375394,1.286648245,1.00060916724929,9834.2860472368,5924.13735608429
"73","tau_pr[66]",-0.231837150127765,-0.253214305,0.948866488463124,0.926250169068,-1.77486301,1.37607323,1.0002010549946,9375.46741875025,5389.89989528989
"74","tau_pr[67]",-0.051322694536375,-0.093771495,0.717828444618343,0.65661737211,-1.14509776,1.216276675,1.00025937181099,2992.1468825252,3790.14804394149
"75","tau_pr[68]",0.258005295932384,0.261741915,0.748462757526371,0.695770673514,-0.9770622215,1.48694353,1.0006458909697,4489.06138458252,5880.63048724443
"76","tau_pr[69]",0.638766979894889,0.639822575,0.733659859191483,0.680684032434,-0.56151728,1.862011165,1.00089012291632,3681.72460957977,4350.41435244226
"77","tau_pr[70]",0.16466873006344,0.153109245,0.67229672992155,0.620156479719,-0.9353665005,1.274318965,1.00148400979921,2026.65093161557,3991.41448225287
"78","tau_pr[71]",1.01090516986833,0.991360645,0.6421791903084,0.600749082633,0.0125915844,2.09557127,1.00225196767196,1900.38101156277,3223.09901170216
"79","tau_pr[72]",-0.119841866395639,-0.14873362,0.857654570462911,0.816788943747,-1.471126825,1.3596288,1.00055464088571,9455.82073930201,6174.68884729991
"80","tau_pr[73]",-0.188502388503703,-0.201888725,0.906803934610216,0.87632520045,-1.640779995,1.34587821,0.999935734236457,9774.55332990792,5291.75039396897
"81","tau_pr[74]",-0.346814973314106,-0.39837071,0.909392619913199,0.855577088184,-1.77141226,1.263600305,1.0022397680649,8488.3957775136,5892.06417334189
"82","tau_pr[75]",0.647796719079148,0.646654715,0.656185466838314,0.609594333537,-0.4140071415,1.731720045,1.00240591041281,1537.90602359418,2491.84736485933
"83","tau_pr[76]",-0.290396067733541,-0.31429648,0.927308432807723,0.90337760961,-1.761482065,1.295843555,1.00045415000325,10502.8421123654,6559.71792069477
"84","tau_pr[77]",-0.211430400353548,-0.22581976,0.698314789176497,0.632419494273,-1.33066924,0.945457826499999,1.00103220117286,2629.97266230933,4704.12694505433
"85","tau_pr[78]",-0.376519038813531,-0.348245025,0.650951779021044,0.6149190558546,-1.472085995,0.606470233499999,1.00131806328333,2119.09755765689,4473.86763738841
"86","tau_pr[79]",-0.45813102270613,-0.503724665,0.968104297174121,0.948817416708,-1.97192918,1.20902874,1.00122030751896,5881.96939676314,5421.25082184
"87","tau_pr[80]",-0.186244240945229,-0.206198995,0.920100588176002,0.895490555673,-1.665588565,1.37122235,1.00131131685977,10859.0985499953,5932.68190356992
"88","tau_pr[81]",-0.478470031318947,-0.53472954,0.977918670119642,0.960229485579,-1.98415028,1.23300551,1.00078526320852,4705.30943368475,5815.88532809853
"89","tau_pr[82]",-0.202744720252417,-0.241589255,0.906243073895613,0.839717145183,-1.640788795,1.34792955,1.0017205373855,10329.8867022098,5690.29777137903
"90","tau_pr[83]",0.21911690322974,0.250515835,0.889706484631986,0.860068995534,-1.297884595,1.627458105,1.00013219930757,8541.58675616113,5995.96312023806
"91","tau_pr[84]",0.0468073481833491,0.02288889,0.802893766445074,0.74499827157,-1.24227375,1.430709535,1.00129463256193,7158.70877109951,5321.57369511564
"92","tau_pr[85]",0.195041632319127,0.172155745,0.74255999050657,0.676643524893,-0.9813310715,1.46158381,1.00064022112927,3996.39188141636,4732.20098825074
"93","tau_pr[86]",-0.399952941959655,-0.432184985,0.940384375328659,0.880582953369,-1.86339491,1.23255812,1.00247704081699,6964.66643586021,4821.27680268464
"94","tau_pr[87]",-0.319965610976374,-0.367590965,0.972096885262126,0.941837751036,-1.849399255,1.380488795,1.00131038209906,8256.43538764862,4728.08697872089
"95","tau_pr[88]",-0.0602169485352819,-0.08642296,0.880171904901915,0.840535140081,-1.471354455,1.41611068,1.00155514544172,10380.1932139385,5407.10703818268
"96","tau_pr[89]",-0.192354744688617,-0.20783589,0.96510046050684,0.955825933776,-1.763361145,1.430372165,1.00086276407734,9481.85222700191,6032.78622363749
"97","tau_pr[90]",-0.00870026133717953,-0.0226094475,0.834636352967761,0.7918820458185,-1.36417266,1.39675166,1.00127256890915,8659.25476922564,6464.77259510675
"98","tau_pr[91]",-0.46162750663967,-0.50541193,1.03430571583276,1.044496911339,-2.08139968,1.29050011,1.0002994356859,4368.73856764978,5111.21455450935
"99","tau_pr[92]",-0.517048732768314,-0.570175125,1.00488926560838,0.988542045435,-2.070713865,1.1979212,1.00058972697835,4323.33729458823,5995.53505815403
"100","tau_pr[93]",-0.381547697746313,-0.43407257,0.945094147322478,0.915635197848,-1.85280566,1.23859049,1.00087712490414,8357.41026662878,5845.16459038082
"101","tau_pr[94]",0.588867708122366,0.595592625,0.775474931949893,0.722173162725,-0.689958538,1.840235595,1.00154044479555,3442.143542799,4313.58894857933
"102","tau_pr[95]",1.86180680246019,1.8495322,0.613785511248444,0.57509616633,0.8756700525,2.890566755,1.00204816447071,2082.77725213494,2604.6270935754
"103","tau_pr[96]",0.0661144251997375,0.0698208345,0.926084329563386,0.907003508061,-1.456269925,1.59019892,0.999856652896445,10476.4927878494,6305.99705747369
"104","tau_pr[97]",0.218474978919556,0.200283175,0.78730632836722,0.756953579907,-1.014779785,1.53915453,1.00161847040022,5109.22377742693,5069.62441225345
"105","tau_pr[98]",1.61786414102106,1.61635645,0.591650348613808,0.56840971446,0.674731617,2.591272575,1.00298116977253,1814.96104082685,2489.81843405988
"106","tau_pr[99]",-0.455819990954837,-0.504383705,1.00593620001622,0.996184359177,-2.036975905,1.24987333,1.00079271898019,3893.16946841273,4781.25448246755
"107","tau_pr[100]",-0.0945149639263338,-0.112540875,0.839863087835382,0.785498151837,-1.42830881,1.32334468,1.00016466957523,8777.20646455006,6274.37591947559
"108","tau_pr[101]",0.62252605746135,0.629963365,0.760790733330849,0.708808576371,-0.6225983885,1.835555405,1.00081002621581,4372.78611247815,5071.4526081593
"109","tau_pr[102]",-0.288172991731182,-0.29717205,0.923528585496009,0.90706268604,-1.781775715,1.2582043,1.00096468224405,9262.39670302173,6174.59993377861
"110","tau_pr[103]",0.94080886175887,0.92887253,0.758807091158814,0.718163900979,-0.267091059,2.20166837,1.00173423268526,2633.04772112357,3774.76383365748
"111","tau_pr[104]",-0.104114995149701,-0.11360564,0.872211762341973,0.820667870127,-1.52645812,1.342569825,0.999862914881645,10260.006903111,6205.56911945611
"112","tau_pr[105]",0.254360830923908,0.212806635,0.793028967361911,0.745214227086,-0.985145751,1.618149985,1.00190956411367,4863.70081586815,5152.70329576173
"113","tau_pr[106]",-0.560411976617888,-0.62493063,1.02877448771915,1.0117936501155,-2.13494109,1.214322475,1.00091008462088,2957.19788466501,5159.64302439548
"114","tau_pr[107]",-0.226181592704691,-0.24901493,0.911252873675494,0.880043872596,-1.674749005,1.33770086,1.00214207773068,9936.29457350808,6596.02885743593
"115","tau_pr[108]",0.631540160092267,0.620819045,0.71264617562674,0.666254576043,-0.5119976735,1.834258535,1.00093913668132,3308.64203006151,3949.91251611883
"116","tau_pr[109]",0.704078413233923,0.73202002,0.792946028665123,0.743300071878,-0.6512504115,1.942260095,1.00061893000693,3311.45192144078,4791.27436076492
"117","tau_pr[110]",-0.004091643747805,-0.0266473995,0.932423917586599,0.927917656701,-1.506943885,1.58101642,1.00111819902922,10858.7807102187,6638.28052429634
"118","tau_pr[111]",-0.236086372515985,-0.230556725,0.887319360255185,0.860333031768,-1.72009505,1.23113438,1.00041118112162,9854.26745544807,6227.74960360153
"119","tau_pr[112]",0.132555434760411,0.145221415,0.965694541082558,0.963873078861,-1.45747167,1.679555525,1.00034145317352,13249.4514613729,5535.87960184572
"120","tau_pr[113]",0.878877726013405,0.87083963,0.688753403122614,0.644554152732,-0.2303754975,2.0340149,1.00124474861088,1934.45626545503,3637.43809808614
"121","tau_pr[114]",0.323786673205718,0.32154699,0.773694766132422,0.710138246181,-0.9409374405,1.603537455,1.00109904338149,5274.25084949655,4625.08112428697
"122","tau_pr[115]",-0.198972753846889,-0.217563515,0.884685704625559,0.860678699958,-1.64484765,1.315128655,1.00059618279816,9245.24694463922,6101.58779061263
"123","tau_pr[116]",-0.21793088121722,-0.259291645,0.928947472994931,0.899554406751,-1.692996575,1.359560925,0.999803941066134,10991.3981475837,5392.13179706572
"124","tau_pr[117]",-0.195432934960086,-0.22833675,0.874880824900327,0.810716703405,-1.591651125,1.313048785,1.00086539662489,9558.90913323628,5270.5753725096
"125","tau_pr[118]",-0.398432180091698,-0.431545245,0.967649830115309,0.948974905893,-1.955847,1.24609543,1.00133478444672,6385.22046977884,5878.17439159066
"126","tau_pr[119]",-0.20827950824776,-0.23948541,0.943440454644783,0.906800110167,-1.725591675,1.38158558,1.00056710666349,10376.3183829897,5094.25256677295
"127","tau_pr[120]",0.699894922108921,0.696063275,0.705703424422447,0.68396177934,-0.4424517245,1.867552415,1.00196388796793,2811.65236098112,3975.38214931714
"128","tau_pr[121]",-0.7486695003435,-0.828266275,1.08713027671944,1.121144010315,-2.406784155,1.149434495,1.00189682979761,1692.42152523046,5406.13006914155
"129","tau_pr[122]",-0.528235589449249,-0.580183845,1.0005942459214,0.9730317091509,-2.09045798,1.21149967,1.00046214672056,4536.12014353197,6213.08010397762
"130","tau_pr[123]",-0.416837249511773,-0.456254855,0.99427067640749,0.982263486477,-1.985831605,1.29106684,1.00022728910406,8070.56881757001,6410.5103552794
"131","tau_pr[124]",0.782700524003529,0.77321338,0.710086698515092,0.665540711556,-0.3573877645,1.95531019,1.00091754083922,3046.27447592784,4392.07840382253
"132","tau_pr[125]",-0.0336531841511657,-0.0614660515,0.820201265570561,0.7615832007819,-1.36015373,1.376883315,1.00137926942847,7754.32162879073,5885.06419462904
"133","tau_pr[126]",-0.50597176712537,-0.548621305,1.00371792083351,1.007007954456,-2.09075899,1.21014092,1.00103902789666,4042.29454319412,5167.4831440296
"134","tau_pr[127]",0.940160838046396,0.94426854,0.653639887059268,0.623980060641,-0.134013708,1.994745455,1.00200736724031,1985.42359419342,3483.75788663005
"135","tau_pr[128]",-0.411026801065698,-0.432741515,0.986785172133795,0.978968244891,-1.987479975,1.27144438,1.000047894728,6134.08286928913,6283.99400332252
"136","tau_pr[129]",0.0713811972357188,0.0666019955,0.901928106110578,0.888199544001,-1.41452869,1.568828805,0.999966386629936,9916.37474842326,6545.77860347129
"137","tau_pr[130]",-0.306176205677632,-0.319066875,0.880057690169457,0.824631934812,-1.728928465,1.14914494,1.00131784504097,9344.10921090819,4862.33301053544
"138","tau_pr[131]",-0.36901841147927,-0.434321115,0.960716598761438,0.920559216381,-1.88797385,1.32977781,1.00013789116501,8148.85111553864,5771.02527260712
"139","tau_pr[132]",0.218285342035225,0.201783675,0.82113214996466,0.785135189118,-1.093991345,1.596817555,1.00266942301932,6911.02142264253,5934.49182102679
"140","tau_pr[133]",-0.177184019032462,-0.219091995,0.906662819367441,0.864298215816,-1.606907935,1.374036895,1.00034552697946,10554.7455608807,5200.99045939334
"141","tau_pr[134]",-0.387903320216321,-0.423116385,0.984581483933395,0.975426328317,-1.926724725,1.29240236,1.000322112135,6072.94067072043,5588.36522525166
"142","tau_pr[135]",-0.169358256523002,-0.19334961,0.925584632114314,0.886139189607,-1.6547181,1.393914185,1.00053295132581,10103.946841718,5855.41125260045
"143","tau_pr[136]",0.220924008578421,0.203610165,0.751832898141859,0.68291662047,-0.9913100345,1.48445531,1.00071591849482,3976.2659228713,5025.58136082353
"144","tau_pr[137]",-0.170986919635651,-0.20519975,0.895477722312222,0.848762361762,-1.59595246,1.3807394,1.00005590702233,9866.64339608591,5760.67747415916
"145","tau_pr[138]",-0.657509318535345,-0.7233052,1.04754467929627,1.0553849285532,-2.291742585,1.15385206,1.00087690221815,2302.53044703674,5217.68264256276
"146","tau_pr[139]",-0.38248153706968,-0.41745033,0.938670449037066,0.912949089885,-1.8719438,1.210347865,1.00026438271568,8390.50279740326,5430.56944046596
"147","tau_pr[140]",-0.562295111634299,-0.60884076,1.02302275440013,1.0144821969555,-2.16171137,1.21384575,1.0026108524983,3755.04354497851,5871.65854815937
"148","tau_pr[141]",0.261363961006596,0.249814435,0.74863840624565,0.683121508377,-0.956777672,1.515100375,1.00180044760411,3785.59930634757,4280.16930009801
"149","tau_pr[142]",-0.586092749652541,-0.653657075,0.855965148506487,0.752655270465,-1.88056714,0.986640027999999,1.00121206267329,4005.63979183682,4869.32183561142
"150","tau_pr[143]",0.752142300996329,0.771955995,0.711548523421171,0.675073762839,-0.426279421,1.86235463,1.00149086001775,2409.44742300103,3527.83564475514
"151","tau_pr[144]",0.255332463562268,0.24127521,0.742785818354027,0.687362411547,-0.9455669045,1.498022015,1.00091511428137,3542.7748308744,4490.49752961003
"152","tau_pr[145]",-0.430646395240125,-0.4749132,0.995766115211234,0.99147955788,-2.019687375,1.278657205,1.00062575588803,5092.50670292985,5227.3988882124
"153","tau_pr[146]",0.895960756005788,0.892008155,0.657253231231095,0.622476096375,-0.1847035265,1.971135125,1.00074444830929,2303.43021438345,3857.06679731217
"154","tau_pr[147]",-0.0664662028822917,-0.076690243,0.787923596646077,0.7213668388542,-1.334975205,1.25689073,1.00104691626198,6613.55665833271,5465.68679147246
"155","tau_pr[148]",0.0758629023665125,0.0596545095,0.861638354376196,0.835344987435,-1.323867825,1.517707265,1.0015450297382,8155.53403820499,5984.44481854313
"156","tau_pr[149]",0.958393524215934,0.959506025,0.605373748705527,0.563931484095,-0.03604852995,1.95787473,1.00290019935366,1481.164109468,2313.42828688382
"157","tau_pr[150]",-0.247909946454495,-0.302084765,0.848955990483794,0.793899734691,-1.566486045,1.26555392,1.00212062836568,7511.70718797938,5201.2021561011
"158","tau_pr[151]",0.287965916138077,0.27846743,0.773935372098457,0.715316441658,-0.958701504,1.580196795,1.00034147987421,5096.0675072917,5453.76935804233
"159","tau_pr[152]",0.275516466470615,0.2421436,0.682578003964251,0.618707749716,-0.7804666885,1.47197819,1.00312178946917,1794.62562092221,2848.88015158271
"160","tau_pr[153]",0.406977202020592,0.40656917,0.764265683313147,0.707305509078,-0.8321661945,1.660606455,1.00144494233028,4019.8510832945,4613.19792544075
"161","tau_pr[154]",-0.220615026139751,-0.235326125,0.895866603033706,0.860144148528,-1.641306575,1.30032914,1.00021250117855,9495.04698736019,5779.0797791756
"162","tau_pr[155]",-0.358069175101361,-0.38779762,0.973607647019566,0.956053394268,-1.91386642,1.28219635,1.00018744304401,10003.4102341127,6025.0009638157
"163","tau_pr[156]",-0.213653721282486,-0.21811572,0.959053269068662,0.952839777225,-1.778944295,1.389205695,1.0000344740075,16672.3971618297,5813.903676876
"164","tau_pr[157]",0.394222543394882,0.386966365,0.814035311480864,0.784496581407,-0.9470912115,1.73703623,1.00064432867821,7005.35752683961,5284.12905205771
"165","tau_pr[158]",-0.290470089677762,-0.31878098,0.908320511717642,0.869586879819,-1.71119325,1.30338448,1.00001106588065,9655.79209103621,6004.90896685391
"166","tau_pr[159]",1.58830889376659,1.57755965,0.640921199722221,0.61446534912,0.549297955,2.66265779,1.00314029256421,2354.91895178992,2552.75329501467
"167","tau_pr[160]",-0.130204953355285,-0.1773377,0.868535906179058,0.834601367166,-1.483852975,1.37813361,1.00004843908998,9607.80814337526,5727.35970487292
"168","tau_pr[161]",0.354599490487946,0.350044785,0.893112032078764,0.874996390548,-1.091195295,1.8215253,1.00033897611339,8479.44193739998,5961.78522502728
"169","tau_pr[162]",-0.308710620960293,-0.338343815,0.9089353812694,0.855502387383,-1.74975069,1.291296045,1.00028778269433,8785.14545829345,5491.84399562917
"170","tau_pr[163]",-0.259057029057379,-0.285779175,0.964370238191236,0.979225268427,-1.78595827,1.39135348,1.00013948178086,7868.72588118725,6001.40567913402
"171","tau_pr[164]",-0.159396668208366,-0.171403305,0.8906582109445,0.849279737271,-1.63393658,1.326436795,1.00111768633403,9717.06836612276,5880.1647453398
"172","tau_pr[165]",-0.185822597569684,-0.20471258,0.937466485135496,0.910185034227,-1.707340345,1.37890814,1.0002665868918,9553.35884732914,5871.29686852327
"173","tau_pr[166]",-0.410991119341825,-0.453491925,0.983606221086522,0.960705644808,-1.958471465,1.28443585,1.00053369040296,8062.29281143674,5552.41920953063
"174","tau_pr[167]",-0.322806007240678,-0.360203145,0.96604691210146,0.937754848548,-1.875201825,1.322808045,1.00049608989025,10752.7922669619,6359.76051485963
"175","tau_pr[168]",-0.571948667844463,-0.64422661,1.0003091967086,0.9822663263973,-2.107839265,1.175714,1.00045243706296,4519.61568357815,5482.24397532364
"176","tau_pr[169]",0.383634275704871,0.408356675,0.841580892882992,0.811787518668,-1.04205714,1.714841705,1.00036962614098,6648.0805977722,5828.3440800471
"177","tau_pr[170]",-0.257063123692747,-0.26449027,0.897263186421536,0.87140029977,-1.72423242,1.21052963,1.0006671377719,9959.15509454094,6345.70062345837
"178","tau_pr[171]",1.55626768554731,1.54977065,0.688300642638361,0.64507377438,0.4324371205,2.684580845,1.00215102476731,2313.17179659219,2694.9935541766
"179","tau_pr[172]",-0.350295769064941,-0.380801855,0.9682493875515,0.929658614577,-1.87709752,1.27301165,1.00124359201073,6336.26178905494,5184.04654849442
"180","tau_pr[173]",-0.723469980079689,-0.79105037,1.0872883843414,1.1327522775744,-2.370518385,1.163800305,1.00091312377162,1909.88152218606,5228.9386919286
"181","tau_pr[174]",0.593868790786484,0.578693455,0.697774787149963,0.644174607132,-0.5287799515,1.74671774,1.00184200800553,2323.97236659955,3484.18632840847
"182","tau_pr[175]",-0.463319859786777,-0.52116156,0.997410328749728,0.999672687174,-2.018119425,1.25141046,1.00080620692982,5841.67847125081,6101.75484960417
"183","tau_pr[176]",-0.254113238070801,-0.288811905,0.923982658180207,0.896176191456,-1.729827355,1.31615097,1.00228415379142,10182.9803138144,5707.93094932878
"184","tau_pr[177]",0.351496791973374,0.35535447,0.845007661348742,0.799892137023,-1.053391795,1.718326265,1.00030086928629,8253.5382257521,5729.94771317922
"185","tau_pr[178]",-0.231519229908256,-0.26265961,0.93535686840387,0.921317121501,-1.71585085,1.37133101,1.00078514637862,9660.28423674407,6356.16693191666
"186","tau_pr[179]",0.0309667354505956,0.011160668,0.881938305505138,0.860196899436,-1.36724251,1.516850395,1.00044885091563,10045.5720898667,6075.39006154672
"187","tau_pr[180]",-0.48590436741099,-0.5249001,0.993073510692903,0.99811493418,-2.0481811,1.221924905,1.0005617130323,4473.13471886815,5774.17406307518
"188","tau_pr[181]",0.062648154397725,0.0754262975,0.925312513632302,0.888916729512,-1.484604665,1.55219384,0.999647603805851,9351.62815288725,6284.8527555601
"189","m_pr[1]",0.455945298921916,0.438996815,1.28157771368159,1.104996568935,-1.58726069,2.58143595,1.00186783610237,2634.63250538056,2972.28005575551
"190","m_pr[2]",-1.14112896440384,-1.0977935,1.52464256042918,1.331250773097,-3.74129739,1.33328547,1.0009108790408,7795.44686837813,4798.63827662881
"191","m_pr[3]",0.0596422893877513,0.0344823775,1.90387715444093,1.8236409954,-3.060518435,3.200438065,1.0001278355071,8715.35587873014,6515.12201540498
"192","m_pr[4]",1.64927302462939,1.5745834,1.14933040267916,1.016155930041,-0.0514179476999998,3.62762546,1.00413813726464,1007.10259253673,1441.62578429462
"193","m_pr[5]",2.42083652709456,2.34305155,1.26953175491102,1.19610771336,0.490713725,4.58428466,1.00219012727489,1662.25100420377,1875.187801397
"194","m_pr[6]",0.216359859520032,0.209455855,1.11926092747179,0.930946393524,-1.55240464,2.04452164,1.00323738056254,1017.75460641973,1315.43512884494
"195","m_pr[7]",-0.957369542480429,-0.913623495,1.50770832445542,1.3040079113649,-3.50900848,1.44419634999999,1.00001244719099,7910.91169384482,3767.70512868974
"196","m_pr[8]",-0.276061784595184,-0.238797155,1.2753925998643,1.085272681227,-2.373250235,1.6611235,1.00119902561628,3219.68123582551,4444.19659865246
"197","m_pr[9]",-0.0641343920734888,-0.070965248,1.71815252201869,1.55462967471,-2.90317076,2.813338175,1.00051688984332,8618.52624123728,6409.49408378855
"198","m_pr[10]",0.1533432887799,0.14416423,1.72661576206062,1.555368039162,-2.69862149,2.992981625,1.0020888086241,7182.82760855216,5721.63287689838
"199","m_pr[11]",-0.526607932519026,-0.591751845,1.77105853784014,1.659068548053,-3.363384505,2.53632769,0.999947745006738,8323.05830678212,6320.8776273769
"200","m_pr[12]",0.00372257434396717,0.0043111134,1.73623119130468,1.56664214469,-2.892666445,2.8884077,1.00092727157734,10080.9508968911,6277.7208914553
"201","m_pr[13]",0.373336013474423,0.2998312,1.85773455179291,1.806476483007,-2.641278135,3.504599925,1.0006337945112,8782.6723612918,6565.66671577173
"202","m_pr[14]",0.12236358681382,0.059940214,1.73525579319317,1.562032311336,-2.745538635,3.02295607,1.00039975090431,8794.19625855359,5813.38893164037
"203","m_pr[15]",-1.29583202110058,-1.43637165,1.83984193034216,1.63818508182,-4.08546493,2.095847955,1.00125484273889,5318.7409264994,4996.77465583781
"204","m_pr[16]",0.075584962278475,0.132314475,1.68334755046679,1.544892647319,-2.804655815,2.78358475,1.00024332653606,8915.25667004648,5357.88903800657
"205","m_pr[17]",-1.5054709341492,-1.49932375,1.62240071192411,1.469230016982,-4.13005257,1.20164126,1.00146858975128,5890.47455339129,3589.24324725981
"206","m_pr[18]",-1.07046693042177,-1.2215783,1.89021010511916,1.7011640595201,-3.9417942,2.350943915,1.00060566539016,5289.28405833114,5400.22627057312
"207","m_pr[19]",-0.666359058177142,-0.741927445,1.70756635522826,1.455458241951,-3.349048975,2.38822481,1.00122067570425,6780.32852305597,5280.6929767144
"208","m_pr[20]",-0.299945711440195,-0.37301899,1.66222840665409,1.409558443377,-2.92489423,2.688707725,1.00102550766883,6397.52760619588,5384.06250758978
"209","m_pr[21]",1.46488365528312,1.5426539,1.66056756993781,1.567778446395,-1.3675641,4.12583343,1.00119624059749,5690.45007164722,4729.00407755934
"210","m_pr[22]",-0.904785650721471,-0.918107545,1.7510241303007,1.603980135828,-3.731226135,2.026682305,1.00149436161001,6423.77619401741,5845.12002432599
"211","m_pr[23]",-0.751706322750546,-0.8379196,1.87173647871424,1.76601218514,-3.72890121,2.45510893,1.00117868015671,6681.47169961228,5961.56093268349
"212","m_pr[24]",-1.54255667907861,-1.6592791,1.77454977298736,1.553608155897,-4.28179924,1.697556145,1.00096187000727,4238.2217171563,3397.24731965073
"213","m_pr[25]",0.868668644674099,0.78427505,1.55215781048336,1.442371012992,-1.513827935,3.579980525,1.00044737829659,7395.70418105407,4323.89686522967
"214","m_pr[26]",-1.14537237653118,-1.1939805,1.68553972357564,1.50832918866,-3.834388335,1.734065465,1.00026918532181,7004.79152128214,4774.71772362723
"215","m_pr[27]",-1.7026448442007,-1.7644785,1.6438905730528,1.44990829935,-4.22658514,1.184310025,1.0005131241201,4056.33945671962,3514.79252734522
"216","m_pr[28]",0.317329396541177,0.18717552,1.31557809369504,1.066101818145,-1.561174135,2.753991015,1.00185258723405,2030.47349721724,1677.80713333436
"217","m_pr[29]",-0.403759555230106,-0.45301476,1.55694876911125,1.373532093633,-2.94159803,2.24552152,1.00113471114921,7248.31607052093,5522.58031862425
"218","m_pr[30]",1.23150466662559,1.11618405,1.37673492191896,1.219726480224,-0.8748108165,3.69303967,1.00101786950195,3610.45050692051,2465.0743542532
"219","m_pr[31]",-1.67193019638413,-1.82101015,1.83779727641297,1.647551155278,-4.43658178,1.75580972,1.00109735274459,3576.77904872671,4106.28223560847
"220","m_pr[32]",0.347539073578248,0.38174531,1.78622680540161,1.625032551744,-2.606488,3.295499485,1.00031492180197,9822.60545384747,5567.83708500814
"221","m_pr[33]",-1.39160984664895,-1.44410125,1.75753387718508,1.607287734885,-4.132414415,1.63316277,1.00184805828306,4425.74284806247,3906.69611457831
"222","m_pr[34]",1.76128135369882,1.6945081,1.38331422889288,1.3073677995,-0.3492423805,4.111514835,1.00098454951702,2750.39567051552,2117.83789263381
"223","m_pr[35]",-2.00543984800766,-2.13802335,1.79776200498595,1.52110334439,-4.666872285,1.41837827,1.00216767104763,2888.59252611005,2878.81309068446
"224","m_pr[36]",-0.875687350079439,-0.853037125,1.64169345455013,1.477202031312,-3.50142916,1.83309831499999,1.00043182113531,7417.11230168992,5776.46971487599
"225","m_pr[37]",-0.887376370378375,-0.98950564,1.76527346430524,1.534676784606,-3.62300444,2.292786415,1.00075622872501,6818.24949312152,6007.64024926435
"226","m_pr[38]",1.8032368691844,1.91735625,1.75035573763752,1.553962393515,-1.37151533,4.47952427,1.00047244962142,5446.85266883957,4340.56458366279
"227","m_pr[39]",2.01613026430198,1.955396,1.2938858573784,1.21646788851,0.00703742717250032,4.201956735,1.00091729346527,1903.02856933218,1874.20937861149
"228","m_pr[40]",-0.873993766531684,-0.99299988,1.95513681892172,1.818787563453,-3.871797695,2.65418231,1.00036963775557,5301.74440229219,5715.50505950156
"229","m_pr[41]",-0.712440067859607,-0.857498265,1.93407701641111,1.800874545624,-3.70533397,2.69088487,1.00056396051983,5045.9430551932,5470.05715474431
"230","m_pr[42]",0.0791188320818387,-0.0394101125,1.72195265047197,1.5929934137775,-2.644049395,3.082182965,1.000468497061,6504.59694471889,5583.74768875539
"231","m_pr[43]",0.0173100482344934,-0.096650213,1.53947924828692,1.2958903375908,-2.366900115,2.81319396,1.00106942148496,7602.53435573199,5494.17214261578
"232","m_pr[44]",-1.31233639778611,-1.5778054,1.96995784031316,1.636004392197,-4.15402722,2.515552695,1.00028473604657,2876.87365148144,5310.11061634084
"233","m_pr[45]",-1.2772551823032,-1.3672562,1.78353428236485,1.592389131963,-3.999059895,1.91114261,1.00026039908417,4315.45981425312,4655.40050543912
"234","m_pr[46]",-1.8844749910558,-2.0610455,1.83429644906159,1.53519693999,-4.59925939,1.59682049999998,1.00082765778596,2726.88953482823,3365.45680221796
"235","m_pr[47]",-0.670052660114128,-0.780232685,1.70427222110612,1.495500347229,-3.32086539,2.359245355,1.00070030811008,6444.11920931862,5954.99769426702
"236","m_pr[48]",-1.45999989843246,-1.535328,1.72759835537699,1.505317123674,-4.12099554,1.73914946,1.0017413169078,2992.20115755985,3206.86786932349
"237","m_pr[49]",-1.43606609729365,-1.5501669,1.74279303642266,1.451214343929,-4.053580215,1.805429435,1.00053249090578,4807.84976848045,4744.86295503225
"238","m_pr[50]",1.04842779922296,0.99370991,1.55233785940217,1.450351137144,-1.362614925,3.69882784,0.999947907443847,7029.7870908958,5338.90841377047
"239","m_pr[51]",1.31963450401419,1.17086085,1.33063210735418,1.224452675439,-0.661003373,3.72026378,1.00172844946281,1892.07824873489,1632.39702492322
"240","m_pr[52]",-0.238422131752424,-0.26481947,1.54031806846245,1.304768238312,-2.735789145,2.392470455,1.00078224761416,7359.21136995576,5398.27582152053
"241","m_pr[53]",-0.0992780177990262,-0.107235755,1.50512571268207,1.277983749798,-2.567545305,2.39191547,1.00116515542143,6987.01730064427,5258.20393390242
"242","m_pr[54]",1.31235820128785,1.2310321,1.4186480501888,1.355197898796,-0.8673210435,3.7562125,1.00080187749907,2497.45774643855,2092.28630880677
"243","m_pr[55]",-1.03723160980029,-1.31257755,2.10911676863166,1.9278017997,-4.10452971,2.83583985,1.00077498670146,2653.54982133163,5530.1681273888
"244","m_pr[56]",-0.0844247929389937,-0.0492726355,1.51013524656752,1.328746795131,-2.597390785,2.36612565,1.00166390073498,6531.00291985176,5774.18455379727
"245","m_pr[57]",-0.943990454445432,-0.982794025,1.67910770509985,1.5132272943102,-3.672920975,1.95133614,1.00066772622717,6872.9679253789,5376.42983870695
"246","m_pr[58]",0.663915797095191,0.58075383,1.46897935297149,1.310274837102,-1.56482788,3.239820055,1.00063795122834,6194.52644913156,3328.97656776456
"247","m_pr[59]",1.28214761232965,1.17730825,1.28595722870099,1.14959047119,-0.643218587,3.588674635,1.00143560470833,2084.09973470133,1906.25880903726
"248","m_pr[60]",-0.607483497545115,-0.56686568,1.56726256033605,1.38284733615,-3.163113195,1.901732905,1.0012181527408,7267.44654071555,4823.28489421839
"249","m_pr[61]",1.06980483604083,1.01728245,1.39006696246083,1.24030342632,-1.098516465,3.42852238,1.00197441220238,2312.41515928989,3103.81116097658
"250","m_pr[62]",1.72604488628222,1.7274283,1.57551752900051,1.445995302822,-0.887667282,4.255681095,1.00018970273027,4885.65186801259,4057.68039455163
"251","m_pr[63]",0.956032251627919,0.933869,1.67540761165871,1.54227398283,-1.79523233,3.75164825,1.0014127945074,7228.22482145124,5353.92837525566
"252","m_pr[64]",1.25005298559523,1.20158445,1.58831856283245,1.490420299872,-1.233373485,3.95722756,1.00025966299646,5942.54784880378,4303.47022735582
"253","m_pr[65]",-0.744146708919276,-0.77616702,1.83885839735743,1.742797159908,-3.701072535,2.372226045,1.00040365729092,6839.37813348768,6031.87026936426
"254","m_pr[66]",-0.794676969750674,-0.809518165,1.70548118729314,1.495786533507,-3.534200105,2.11793115,1.00012079192838,8295.43590486938,5487.31610755146
"255","m_pr[67]",0.950570701812086,0.81880656,1.43083737436719,1.289290094463,-1.16267255,3.55830174,1.00054709584927,6454.8660560099,3116.19953298133
"256","m_pr[68]",0.723869062586583,0.6449748,1.52937185990191,1.402800337449,-1.68175231,3.411251145,0.999983085495373,4982.73051156376,3078.58288438957
"257","m_pr[69]",1.58664518624219,1.5456345,1.44885842243129,1.33894154562,-0.67602768,4.050045195,1.00049689632435,2611.81572719819,2014.75386964665
"258","m_pr[70]",1.50961292201386,1.4357595,1.52407832018952,1.484652859851,-0.850937394,4.11067452,1.0003618136854,4678.44455510152,3993.67858492572
"259","m_pr[71]",1.33218205058159,1.24790075,1.27176983722917,1.135702742013,-0.5620893125,3.591421545,1.00379597852232,1430.48527113206,1480.40114356759
"260","m_pr[72]",-0.0379717936527634,-0.0745686015,1.56147242252908,1.3716856880559,-2.57855623,2.60079657,1.00127677833279,7225.94608801034,5127.36056052537
"261","m_pr[73]",-0.36680118536007,-0.40188309,1.72426495323685,1.506648765342,-3.229882185,2.581538625,1.0005622393321,7343.00052120436,5345.33732393015
"262","m_pr[74]",-0.591503948172553,-0.68149875,1.76396681694423,1.559873297325,-3.380340545,2.587676725,1.0012227044429,5365.62204190852,5504.20476890112
"263","m_pr[75]",1.7309366357626,1.6605877,1.37083297413039,1.31140454865,-0.4013812945,4.069588425,1.00069929647664,2749.56852996952,2213.0944997225
"264","m_pr[76]",-0.661650105059682,-0.70918341,1.77343411125565,1.6158397794,-3.50750156,2.357570755,1.00023259853312,6755.9474025301,5631.62197484605
"265","m_pr[77]",1.4327660855482,1.4682185,1.64196383169474,1.530348823164,-1.385442825,4.045765395,1.00021246577911,5644.51113223286,4454.95634147624
"266","m_pr[78]",2.27201406438335,2.53915265,1.86540022096379,1.48385709654,-1.480012675,4.849712865,1.00119967622616,2173.71168027203,2613.4370965178
"267","m_pr[79]",-1.17827022363467,-1.31663025,1.85371601199008,1.60683061224,-3.97934511,2.24097659,1.0006663641029,4825.50231143565,5501.99244344682
"268","m_pr[80]",-0.386500994196561,-0.39894983,1.71289905421823,1.507633953042,-3.225854275,2.47479719,1.00089661874837,7250.21963430629,6177.5979907691
"269","m_pr[81]",-1.19797320572339,-1.30204335,1.84213158680606,1.65250885107,-4.0341471,2.14456706,1.00055956419799,3913.13809853503,5492.63289955554
"270","m_pr[82]",-0.25018539930365,-0.32345506,1.69545484231144,1.469322783264,-3.00099622,2.69606670999999,1.00058119733485,7730.98459994374,6363.34800722449
"271","m_pr[83]",1.07181772251762,1.23944805,1.96272302209692,1.8731282790003,-2.4155713,4.06671029,1.00062442155108,6764.44169562075,5451.18672893104
"272","m_pr[84]",0.482546192013514,0.385501555,1.54962667658034,1.393085460102,-1.999634075,3.19448289,1.00088386374158,7436.13706946696,5355.74330721246
"273","m_pr[85]",0.727393148293704,0.58383693,1.43049581619583,1.2754600236,-1.40359511,3.293447235,1.00128585252213,4883.33213615394,2887.89917666748
"274","m_pr[86]",-0.721706272468675,-0.88998852,1.92814278855507,1.741421914974,-3.626704955,2.733702525,1.00007189135395,5686.38604482801,6102.44964368709
"275","m_pr[87]",-0.932378967817595,-0.90977125,1.56334408297021,1.37832288573,-3.531405455,1.654983045,1.00025382949257,6904.16138818388,4708.45631752945
"276","m_pr[88]",0.0565756065427262,0.00563914525,1.60460887513073,1.39450702183065,-2.488934005,2.819554815,1.00038577973773,8155.29518619056,5553.30095479331
"277","m_pr[89]",-0.914263446850748,-0.907192615,1.60806328648018,1.4254246199697,-3.56753737,1.75812927,1.00064230811859,7407.65387075112,4550.63070096525
"278","m_pr[90]",0.603458465217286,0.620926285,1.74480136746287,1.637417458257,-2.357064145,3.396476205,0.999733197075282,8172.0032252863,5825.76569748583
"279","m_pr[91]",-1.65471753515512,-1.7048008,1.64796990053784,1.476247711344,-4.254819655,1.20115847,1.0003896509981,5321.27323216458,3251.23717992878
"280","m_pr[92]",-1.54794399843536,-1.66368195,1.79858055663968,1.56959696649,-4.274744125,1.77846688,1.00068271697813,3116.85189389123,3937.78714882426
"281","m_pr[93]",-0.903654127224088,-0.985404885,1.75834848519036,1.5390278434734,-3.679660975,2.24673663,1.00105200915499,6343.50867776868,4930.04638830075
"282","m_pr[94]",1.04648080588521,0.980783235,1.43239492232559,1.265480220459,-1.1691228,3.48778287,1.00127338323791,2934.14669927797,2725.27994970566
"283","m_pr[95]",2.75160537135761,2.6817497,1.2101241206029,1.15759013601,0.919418136,4.852129195,1.00261473489466,1562.5639277024,2023.21325456628
"284","m_pr[96]",0.194551321381305,0.22545158,1.73539573325719,1.595898787161,-2.78144666,3.04005016999999,1.00048414358593,9257.37399676613,6646.31856035245
"285","m_pr[97]",0.359197871078429,0.317698515,1.31564431273302,1.101220623951,-1.689051675,2.586605965,1.00081443469457,2428.72233973295,2170.84429379522
"286","m_pr[98]",2.69894410095328,2.62139195,1.26206185587272,1.2245497635,0.783617589,4.931029775,1.00261919682009,1825.68459962494,2594.46553013472
"287","m_pr[99]",-1.56058053691336,-1.63044615,1.65747466335281,1.487084738979,-4.190009695,1.314536885,1.00104083695698,4919.19648895764,3203.034898098
"288","m_pr[100]",0.0359483029864656,-0.0077532547,1.5881498819325,1.37171510106078,-2.51390224,2.740409375,1.0008715204862,7456.2510467387,6110.55235578817
"289","m_pr[101]",1.19517838736722,1.13715325,1.38914898244578,1.272191372445,-0.998506613,3.584761225,1.00075847128837,3068.83138598547,3237.24199404334
"290","m_pr[102]",-0.628572449767591,-0.72501529,1.90968334727892,1.798634989368,-3.604731215,2.681298615,1.00042948585006,7057.9828310076,5959.74657737546
"291","m_pr[103]",1.89823052342996,1.8262438,1.38957830325701,1.29573450447,-0.2192593805,4.324028235,1.00178421334298,2314.68880577506,2251.89761877127
"292","m_pr[104]",0.108453468781612,0.11123527,1.77964137132181,1.69155504945,-2.82269516,3.05656171499999,1.00038293285665,8741.5386083655,5665.03693115924
"293","m_pr[105]",0.789913556403955,0.71587327,1.37437446011152,1.1720585929353,-1.309390395,3.195760885,1.00028905063035,3325.31094090458,2439.00297474365
"294","m_pr[106]",-1.70610280283782,-1.8377098,1.83202823410316,1.581646242015,-4.4485949,1.77008793,1.00351032820732,2705.90044160073,2929.98514367863
"295","m_pr[107]",-0.560645099330182,-0.585483395,1.57590600060459,1.333679701851,-3.05301287,2.136331575,1.00061898931523,8388.88545787518,5228.70981172093
"296","m_pr[108]",1.37624736660999,1.2843155,1.38622864880854,1.300053147771,-0.7385483705,3.8285499,1.00185146049509,2341.22119959849,2193.26194781032
"297","m_pr[109]",1.92996313007239,1.9583422,1.52303797079863,1.38627703473,-0.600359111,4.32001099,1.0011821686465,2988.33974112421,3326.47035006321
"298","m_pr[110]",-0.333174921876172,-0.31334106,1.44042356241989,1.215881090256,-2.72292144,2.004286775,1.00062855238134,6497.51457062942,5184.60532764309
"299","m_pr[111]",-0.0547332211751875,-0.173881305,2.10882544656387,2.14937548014,-3.44177328,3.478365805,1.00064028531591,6270.30761081719,6518.92624956816
"300","m_pr[112]",0.455128787571514,0.53250602,1.97999052358432,1.953542345076,-2.92842739,3.61330309,1.00037950096407,14405.0616350331,6377.57563625442
"301","m_pr[113]",1.99243060438265,1.9313225,1.31689183195897,1.22616172035,-0.0116738821999997,4.256374055,1.00131163778802,2091.04119010018,2132.16987090279
"302","m_pr[114]",0.671845376690582,0.57434123,1.49220985513231,1.348140292842,-1.588740715,3.301930205,1.00220723178218,4490.29434788977,3773.80789608006
"303","m_pr[115]",-0.548647485951193,-0.610205935,1.59368304589334,1.383211573905,-3.12301579,2.210981125,1.00051149813782,5165.2826097891,4439.94172437966
"304","m_pr[116]",-0.725158870050571,-0.695750505,1.50205125118768,1.313260904697,-3.23222453,1.68865933,1.00041658220742,7370.16521997137,5390.36666761726
"305","m_pr[117]",0.00845910276108303,-0.0448409285,1.70403336264386,1.55368407243,-2.725455275,2.90337617,1.00051790880591,7684.46371546272,5742.07005923708
"306","m_pr[118]",-1.11777691681807,-1.15095525,1.7025660181999,1.509129362706,-3.779246495,1.86151043999999,1.00072713599528,6248.26548789737,3865.74440214402
"307","m_pr[119]",-0.541073358378146,-0.530103545,1.62698554966764,1.473683606535,-3.274263645,2.167496645,1.00071564908492,7288.43362560435,5496.42055038586
"308","m_pr[120]",1.04979460592972,0.977046725,1.29460573413057,1.151187935625,-0.9150350915,3.32660737,1.00172171009915,1617.59012767498,1507.77902382358
"309","m_pr[121]",-2.30904407036146,-2.59230495,1.92329319479963,1.51070616711,-4.91121359,1.47601788999999,1.00201162575006,1684.12634854189,3020.20609765441
"310","m_pr[122]",-1.46166013328825,-1.60873845,1.86311260376429,1.636562116665,-4.283460525,2.01206902499999,1.00040310838295,3243.18738158889,3934.08864068602
"311","m_pr[123]",-1.1717393555083,-1.26540065,1.86955782290756,1.7303147250018,-4.079369225,2.20270733,1.00107142506326,6220.23594062867,5842.13992932269
"312","m_pr[124]",1.36881299306427,1.2579051,1.37432708248512,1.215756270162,-0.7258260105,3.79598883,1.00203911076058,2257.74599953272,2485.28220913524
"313","m_pr[125]",0.174964173683423,0.103454225,1.5922763557962,1.398356184645,-2.29819795,2.92392272,1.00026998403056,8239.56318293206,5503.99651946448
"314","m_pr[126]",-1.64401071562065,-1.70987745,1.71987019008998,1.495014299058,-4.319987455,1.430912875,1.0010500503782,4903.89334179512,2832.71317581205
"315","m_pr[127]",1.74654570143321,1.6766008,1.41178959373057,1.354701398295,-0.4267347865,4.161617785,1.00183039363619,2351.90004672326,2233.02706189178
"316","m_pr[128]",-1.22802757063545,-1.26841185,1.7720959956476,1.5889824804,-4.059819815,1.77107133,0.999990857717564,6544.78866692027,4119.83448670092
"317","m_pr[129]",0.106130014133525,0.131633225,1.64905944764893,1.446495969429,-2.679019985,2.812773445,1.00077360648406,7775.60744785373,5458.49002430093
"318","m_pr[130]",-0.108131125091435,-0.189061005,2.01209146244381,2.04283169286,-3.379261055,3.257985755,1.00063439185834,7162.156834177,6211.4997691787
"319","m_pr[131]",-0.99993133851167,-1.0924458,1.69898400170083,1.404517951788,-3.62574402,2.139160955,1.00085603561679,5627.36015812352,4780.73249981257
"320","m_pr[132]",0.499122483415569,0.46546563,1.46070623027847,1.259197895697,-1.875265365,3.002606905,1.00075800338819,6581.06808030349,4413.40651662975
"321","m_pr[133]",-0.0352505575111463,-0.0852469855,1.72927242730666,1.56725542218,-2.879487475,2.927162285,1.00050995677058,7853.86223876673,6435.2186799713
"322","m_pr[134]",-1.2752698910162,-1.33332925,1.64885359373478,1.45148548923,-3.885682585,1.57717512,1.00079995970825,5532.6710253124,3973.22234787724
"323","m_pr[135]",-0.297973975351601,-0.31549845,1.80525042270241,1.712251144695,-3.292627755,2.712873765,1.00037576634282,7086.92371451838,6248.53719790613
"324","m_pr[136]",0.580466146741448,0.454610165,1.49221759150321,1.366547550207,-1.656673775,3.25103842,1.0008085306019,4582.57945623044,2823.30007523251
"325","m_pr[137]",-0.00843854071338312,-0.068607896,1.79257231625224,1.6166695846896,-2.904382955,3.093117905,1.00105748428222,8152.71809938329,6222.7053436277
"326","m_pr[138]",-2.04499860796315,-2.2082395,1.77388075830807,1.49892794793,-4.64641777,1.244665565,1.00149223132183,2479.57127847544,2876.75626316538
"327","m_pr[139]",-0.744022938872754,-0.81918683,1.87613080475416,1.771875682815,-3.64935995,2.55852866,1.00047782724001,5935.40597635363,6187.39616695032
"328","m_pr[140]",-1.58796556923398,-1.7497615,1.85772140343095,1.57161345075,-4.33572832,1.87045122999999,1.00178446517764,3653.69359004589,3721.59062645892
"329","m_pr[141]",0.977770782402689,0.92132856,1.47696122196661,1.315949444124,-1.36348859,3.492619695,1.00160196866954,3955.06739700244,3027.5412594225
"330","m_pr[142]",0.669402633784388,0.72706755,2.05274518967878,2.296207380516,-2.5777066,3.86548893999999,1.00173377269795,2741.81150609751,6299.66311871414
"331","m_pr[143]",1.76168968960432,1.72896065,1.44360013837401,1.372319326833,-0.499964547,4.18800800499999,1.00154983399317,2935.08063291334,3623.18871890174
"332","m_pr[144]",1.54048297113227,1.52371065,1.55346122320633,1.440280606296,-0.941759462,4.08502687,1.00114501436332,3682.22878341748,3744.21377458676
"333","m_pr[145]",-1.42274669315411,-1.47464845,1.71118480032454,1.52333154393,-4.13726886,1.50396844,1.00107891456679,4570.40648069629,2673.93812612784
"334","m_pr[146]",2.04870623687525,1.99164025,1.3367886260552,1.29489520461,-0.03786544895,4.30647257,1.00104461885098,2506.07406959732,2323.49102854123
"335","m_pr[147]",0.532508439803898,0.4704725,1.67290522495968,1.542903391008,-2.112871035,3.39714603,1.00127557303388,7904.01954523442,5680.16490004005
"336","m_pr[148]",0.116165073595026,0.112353795,1.40471142275207,1.181881966209,-2.15927884,2.411896095,1.0009971751163,5484.86179961956,4168.31141444993
"337","m_pr[149]",2.25913609013026,2.1626684,1.27533723335336,1.20268645434,0.351786332,4.46782725,1.00199338923467,1985.82623369247,2367.37860657068
"338","m_pr[150]",-0.000596341903827516,-0.179517625,1.74792156142903,1.509620385,-2.69051528,3.11539734,1.0007734652785,7087.6766528116,5604.68643112024
"339","m_pr[151]",0.441044557347602,0.341468735,1.47585546429372,1.275688811019,-1.848201985,3.052747565,1.00112845884597,3978.2634067045,2891.58140240211
"340","m_pr[152]",1.63694275178977,1.55405225,1.37484590565888,1.288366101078,-0.469537063,4.028038265,1.00119269265625,3379.55743270504,2261.65563975906
"341","m_pr[153]",0.682348551949314,0.603204535,1.31900708296436,1.135683927819,-1.34770293,2.98667678,1.00140182841538,2798.97973153509,3154.50107689875
"342","m_pr[154]",-0.311043731103736,-0.36291986,1.79041641383089,1.637778100707,-3.199981485,2.786644185,1.00094750697164,7152.44825169014,5562.83681199888
"343","m_pr[155]",-0.943485439865846,-1.0105439,1.7873781997706,1.6193937761988,-3.7339521,2.21398581,1.00168440728515,6908.43206895708,4738.46219362744
"344","m_pr[156]",-0.449872787255233,-0.49509528,1.98515411862258,1.953505865703,-3.62092305,2.88795964,1.00010318703065,11331.7307349365,5326.19657652361
"345","m_pr[157]",0.736682203696647,0.732788865,1.24154749248185,1.0746752254434,-1.241520195,2.71241555,1.00214514730569,2062.69854852633,2419.72658784344
"346","m_pr[158]",-0.458486669456282,-0.524617775,1.83079092757381,1.662857006181,-3.43715933,2.710563965,1.00037274135018,5900.05722075865,5968.80266306078
"347","m_pr[159]",1.82845313949957,1.7278748,1.26235652511253,1.160357690604,-0.0475861394499999,4.045147525,1.00349097625765,1389.92425320778,1606.89841081632
"348","m_pr[160]",-0.141893775298125,-0.212956215,1.5684410815804,1.297704027375,-2.56810886,2.633740105,1.00211318890599,7471.28763718798,5132.49450922875
"349","m_pr[161]",-0.0408537171162726,0.012965306,1.28167044287005,1.060353488838,-2.198453885,1.873726,1.0019139343159,2293.9396118715,2903.15928471273
"350","m_pr[162]",-0.464869251921481,-0.548248045,1.70404208985836,1.50952646229,-3.191826005,2.55764787,0.999975891949016,7081.98589637355,5762.71550290051
"351","m_pr[163]",-1.11458876415773,-1.0470859,1.5044764830809,1.35781689687,-3.6776929,1.28203655,1.00092986145317,6836.15319658933,4317.15621180348
"352","m_pr[164]",-0.19580430763681,-0.187308725,1.77975531784439,1.675383389799,-3.16862738,2.751859255,1.00101681858877,8620.37948352539,6218.78667264434
"353","m_pr[165]",-0.60900165408439,-0.598925105,1.65982350691496,1.455715814049,-3.36800743,2.173736195,1.00069924223015,7501.11812997513,4897.71138071218
"354","m_pr[166]",-1.06841569334217,-1.188208,1.82183226492503,1.6279744415655,-3.862588805,2.2909649,1.00006311069977,4326.15646853611,5634.04912003868
"355","m_pr[167]",-0.795973783523795,-0.870323305,1.85273636587975,1.729012797603,-3.69570886,2.45862646,1.00070405346233,9110.38490980077,5860.54156045046
"356","m_pr[168]",-1.4218894567159,-1.62265965,1.92388537340178,1.618796276538,-4.23644785,2.27493107499999,1.00172311966213,2964.52518231956,4649.83007971362
"357","m_pr[169]",0.74254394186037,0.717036025,1.66426215426685,1.534199261385,-1.96795554,3.51707617,1.00085264813783,6100.0082091242,5435.61937438535
"358","m_pr[170]",-0.15281902718636,-0.2582952,2.02935241654797,2.0311783086,-3.384547785,3.26475508,1.00027205055939,7084.81456476518,5939.39087193104
"359","m_pr[171]",2.79317390544063,2.73098615,1.30891586912978,1.24901451675,0.76536098,5.0250447,1.00230923982301,2186.9006274598,2394.35822503299
"360","m_pr[172]",-1.03884562035149,-1.06757215,1.76640357030481,1.58068010038764,-3.91836131,2.026895845,1.00027834071712,5566.79945963739,4437.37907556559
"361","m_pr[173]",-2.30061628094007,-2.5255832,1.8789549597194,1.52252775234,-4.963615685,1.428840595,1.00232090954949,1878.47992599178,2337.37491406592
"362","m_pr[174]",1.30475702979785,1.2052085,1.38073355066353,1.280421929976,-0.764457904,3.73027509,1.00292346140842,2104.25339721522,2268.26053330987
"363","m_pr[175]",-1.38607062956924,-1.4658326,1.75571713374753,1.60088219865,-4.06745936,1.713343875,1.00050124958392,4966.21695195591,3871.27883733289
"364","m_pr[176]",-0.933547709078938,-0.911152065,1.45604651180679,1.260959580321,-3.313287295,1.426477655,0.999994699989296,7019.8721868922,4621.2321626939
"365","m_pr[177]",0.435129209104181,0.42867449,1.40138025894566,1.200896600316,-1.862430925,2.76453332,1.00015625806437,3091.76286190562,3175.00713704429
"366","m_pr[178]",-0.785558852325004,-0.773837685,1.63128512324281,1.40863145514,-3.49786658,1.96395603999999,1.00127556228538,7267.47597790657,5578.79289848837
"367","m_pr[179]",0.169459109767631,0.15915086,1.45482758816658,1.261073080764,-2.245203805,2.581398975,1.00033539561954,6451.02535229094,5572.21916189141
"368","m_pr[180]",-1.42892305551582,-1.5473702,1.80192534286952,1.600562001528,-4.181494445,1.85735871,1.00080144367209,3871.11573356491,4955.22513592604
"369","m_pr[181]",0.218466753180974,0.268386125,1.8368706895636,1.666891486953,-2.900452465,3.249862575,1.0010769993051,8459.45055721312,5236.79159658445
"370","bias_pr[1]",-1.6173824277414,-1.67358925,0.887922781902558,0.89548254222,-2.97573513,-0.019076696000003,1.00047841998959,6657.4823692685,4013.13894664949
"371","bias_pr[2]",0.499618854660508,0.60222578,0.530251962611179,0.521332168098,-0.5020289325,1.186016355,1.00044905151761,6102.72640994505,5608.65001246472
"372","bias_pr[3]",0.158383933445743,0.22246268,0.385176257803349,0.365807546706,-0.574293838,0.6707370955,1.00099391099523,5102.03636713549,5387.55983523567
"373","bias_pr[4]",-3.078394486875,-3.07456345,0.418199502846453,0.410606959560001,-3.76945289,-2.389718935,1.00021453589067,2801.29692314053,5135.58691790238
"374","bias_pr[5]",-1.96954956730375,-1.98463855,0.431614109370741,0.42977675517,-2.657064745,-1.23467293,1.00054281878213,4494.95943548145,5128.5709705968
"375","bias_pr[6]",-1.67855342933171,-1.70385085,0.563589696379297,0.55600220571,-2.54868025,-0.7204019155,1.00021891667001,7415.53676009181,5030.59485501578
"376","bias_pr[7]",0.782986654385561,0.90036394,0.691180497520331,0.712913858706,-0.487702781,1.68972182,1.00058080251739,6818.738272661,6129.75323135249
"377","bias_pr[8]",-0.593643011255185,-0.606714395,0.701806324189439,0.736739974593,-1.7627846,0.583169290999999,1.00078558644199,6724.1276419763,5362.41823074871
"378","bias_pr[9]",0.6003466612743,0.670841,0.599255061286136,0.650387590692,-0.500184911,1.42308371,1.00060761618966,6919.7192809622,5303.07116356206
"379","bias_pr[10]",0.456058612945774,0.538111655,0.792280123789191,0.8678355518973,-0.967583345,1.55598709,1.00059142947087,6908.41109796758,6143.795056092
"380","bias_pr[11]",0.849188294268185,0.938136025,0.479068032074929,0.455785228605,-0.05716218405,1.47202012,0.999786503751858,6727.50832961377,6296.40785243066
"381","bias_pr[12]",1.3680642073825,1.3691184,0.203975958755671,0.20209268709,1.034199,1.707498415,1.00067015494009,2495.53575209294,4518.31768551991
"382","bias_pr[13]",0.721155600000521,0.75348047,0.556245994156984,0.596468097372,-0.2562558245,1.55674776,1.00052372727515,6976.99023456774,5997.87529807683
"383","bias_pr[14]",0.18987050771877,0.2480935,0.750963122022205,0.828319309272,-1.165713585,1.27910877,1.00021507037923,6942.60670186329,5982.93574062925
"384","bias_pr[15]",1.7517785008875,1.73788445,0.231037054504427,0.22715678139,1.393765085,2.164529625,0.999744755118025,2396.08112088886,4319.90868836548
"385","bias_pr[16]",1.20807870426044,1.2466064,0.380306434184265,0.390083416716,0.541006443,1.76294277,1.00040909860653,5256.17555430823,5454.86993993938
"386","bias_pr[17]",0.464490272966145,0.46998176,0.171728315785156,0.170312681658,0.172927818,0.7332142825,1.00124171960947,2963.91528726638,3925.83731851081
"387","bias_pr[18]",0.557852360682106,0.567664075,0.188726227825159,0.184084034148,0.2363476385,0.852542969,1.00017085650747,3289.63275885671,5261.1897714701
"388","bias_pr[19]",0.183289053278504,0.27861628,0.602564823347646,0.619421717985,-0.9290947815,0.976505278,0.999875132735764,6544.1232042094,6327.08582257734
"389","bias_pr[20]",0.155258991665194,0.170706105,0.2609672801624,0.26508434190966,-0.293934179,0.554126064,1.0014162305659,4059.49563712641,5614.89003809597
"390","bias_pr[21]",-1.21397442777534,-1.2798406,0.839615694788783,0.860356701477,-2.49620837,0.297600310499999,1.00229044908621,5580.42886122086,4073.069028337
"391","bias_pr[22]",0.314807641623737,0.405857665,0.393263524324948,0.352874856558,-0.4517926975,0.8095955345,1.00016628862758,4709.70679044909,4875.3042823426
"392","bias_pr[23]",0.26085011327403,0.27568113,0.205331574410605,0.198923792676,-0.1013502015,0.575184104,1.00060025476861,3122.36614050983,5190.75221434167
"393","bias_pr[24]",0.460462851059714,0.478136675,0.205778622777176,0.188763468159,0.089611758,0.758456824,1.00044495705213,3308.15422253543,4907.92142181838
"394","bias_pr[25]",-0.496497868125199,-0.501647695,1.00911724690035,1.026908367933,-2.16683345,1.204442855,1.00193719976882,9415.64857530384,4813.18008914801
"395","bias_pr[26]",0.57292885432,0.57250907,0.151163282857139,0.149133481203,0.329368134,0.824917813,1.00022200116878,2218.8006891447,3352.40416640773
"396","bias_pr[27]",0.244747180031102,0.28296635,0.26124197190634,0.225880492593,-0.236965197,0.5965026975,1.00052338984027,3832.07736463306,4606.19384015494
"397","bias_pr[28]",-0.10202124030389,-0.104881615,0.319135062369935,0.318625306545,-0.635333348,0.4218272805,1.00054736196066,6574.50808197666,5944.1600216411
"398","bias_pr[29]",-0.341423362804201,-0.305415155,0.885510894576507,0.971419794555,-1.8795539,1.00043434,1.00040868041244,7626.70920784263,6049.7704935037
"399","bias_pr[30]",-1.4514182478819,-1.49797455,0.842118645761082,0.82768717311,-2.75189486,0.0286360430499993,1.0002727816634,8017.52819045189,5103.51957881262
"400","bias_pr[31]",0.142251156025181,0.14582611,0.155822343121701,0.1552941074853,-0.1238409035,0.391147051,1.0000997117929,2469.26014539588,4404.3081024327
"401","bias_pr[32]",1.04533435713375,1.0481902,0.215006545337953,0.216227283993,0.684251238,1.39490145,1.00079898116995,3388.83749747929,4036.90272806104
"402","bias_pr[33]",0.507253001899675,0.532923155,0.223914718444087,0.196008163407,0.09691891885,0.829742378,1.00024856139158,3577.68826787875,4722.8341216006
"403","bias_pr[34]",0.726811348759662,0.70084644,0.945673565321859,0.9700620732117,-0.809014798,2.325664045,1.0005027714507,10988.1857073689,5698.57981390722
"404","bias_pr[35]",0.642214560532863,0.64601315,0.179288650761405,0.178394971776,0.3407200645,0.925069872,1.00058542061554,2883.11054111796,4791.13847023767
"405","bias_pr[36]",0.0617029963873581,0.187982375,0.607935804638213,0.586514158188,-1.111808955,0.8154909325,1.00087434222959,5890.01660381974,5320.74911673255
"406","bias_pr[37]",0.505772233257882,0.5793337,0.426972266328868,0.420310042824,-0.2932982425,1.074699955,1.00008040394324,6436.56800216406,5755.02595635975
"407","bias_pr[38]",-0.347225756949691,-0.373129145,0.624940088407022,0.6449899051806,-1.332266905,0.7506198185,1.00078958198332,4971.65136653322,4451.84203987661
"408","bias_pr[39]",-1.28356912691107,-1.29415255,0.43456242340389,0.42211705053,-1.967455455,-0.541274096000001,0.999964559858198,6003.22397282827,5048.50565298309
"409","bias_pr[40]",0.237005114873966,0.267531895,0.244057312127751,0.228581033667,-0.215685565,0.5829191275,1.00019623706289,3874.81620667207,5301.44227485748
"410","bias_pr[41]",0.903971500266663,0.938966535,0.285747055208089,0.267786789459,0.37880385,1.31472314,1.0001333706064,3936.47630101714,4772.96265179621
"411","bias_pr[42]",-0.0787819898957051,-0.0667665805,0.509942533050346,0.551914099296,-0.941924354,0.7259112725,1.00027726718043,6187.92883721263,5415.32974081911
"412","bias_pr[43]",0.0472736035260125,0.0488551045,0.389997950045916,0.4008404425137,-0.594626341,0.684182847999999,1.00024033978076,7068.06747877305,5403.27723044321
"413","bias_pr[44]",0.210576240861993,0.34460563,0.515305913741743,0.4359328395072,-0.8135753095,0.813637321,1.00019974966154,4370.64555951023,4631.53988655046
"414","bias_pr[45]",0.688877729174264,0.736421565,0.30071206279333,0.266965006518,0.117497296,1.09646386,1.00088407931003,4050.79380370123,5382.40492570226
"415","bias_pr[46]",0.79235262667055,0.81251079,0.220481343248731,0.206526343086,0.3927182435,1.118459055,1.00031306884369,3462.06588919536,4795.02285585471
"416","bias_pr[47]",0.219283677986146,0.29775706,0.752558690326131,0.825514089225,-1.14080322,1.256031855,1.0003167746554,6679.34085007794,5710.46006515679
"417","bias_pr[48]",0.591094277746367,0.687594975,0.430389219799471,0.376692647646,-0.247078065,1.127153435,1.00089256596501,4959.94967323006,4951.74406444181
"418","bias_pr[49]",0.467527457819753,0.547202375,0.377518168313635,0.341113131303,-0.2706328735,0.951292651,1.00012880508873,5586.39487144536,5383.3631460735
"419","bias_pr[50]",-0.185581583588171,-0.182900055,0.576166418845765,0.598101173859,-1.144986,0.7752749335,1.0004561566029,7441.47581585693,5044.69336642365
"420","bias_pr[51]",-0.722477863760341,-0.71963624,0.328132842170898,0.329474899215,-1.26690203,-0.182080356,1.00023439302184,6145.69222489303,5283.96077846852
"421","bias_pr[52]",-0.213998004161866,-0.202067605,0.358228742285194,0.3844881376896,-0.819297549,0.331234582,1.00060844954232,6110.09212271297,5824.94004742178
"422","bias_pr[53]",-0.685757067896983,-0.68142784,0.750917887165802,0.814585325715,-1.95309808,0.5190245225,1.00062767499221,7087.7861008243,5933.70464578084
"423","bias_pr[54]",-0.011306630837858,-0.00517447745,0.260435410880864,0.264406624545,-0.440085778,0.4092507195,1.00053468300375,5356.18883657713,5332.31181329236
"424","bias_pr[55]",0.546424748901264,0.625338385,0.368203827999956,0.301046585364,-0.185844495,1.001413385,1.0010051470213,2664.58746096621,4129.32106388585
"425","bias_pr[56]",-0.232208825547649,-0.17330013,0.818893664715277,0.90076630623,-1.656691995,0.971389056,1.00014571110615,6997.90552216901,5749.88892641145
"426","bias_pr[57]",-0.123805480164562,-0.0243237635,0.528899232490873,0.5238748471131,-1.139937455,0.5531784375,1.00074138779707,5661.31713253188,5568.06188604932
"427","bias_pr[58]",0.0322045947304388,0.012317512,0.697177140369106,0.723244467246,-1.08353175,1.24359714,1.00016752486452,8581.07248650393,4168.42090758534
"428","bias_pr[59]",-1.48778040845138,-1.4977746,0.432205140674423,0.43340667888,-2.18904273,-0.7627294555,1.00101398005889,7489.37968468558,5370.61076751985
"429","bias_pr[60]",1.57223954430375,1.4921028,0.627176218809118,0.67966127565,0.7178692445,2.717947405,0.999990238204886,5905.4758008058,4884.19310289473
"430","bias_pr[61]",-0.993231288889875,-0.98704584,0.288594713655425,0.294075459468,-1.47215707,-0.5231586575,1.00033108237562,3975.95948754316,5193.03476280135
"431","bias_pr[62]",0.395381059013462,0.389134905,0.198766982056948,0.198547056603,0.07144622155,0.726920515499999,1.0004145129702,3189.03921993491,5318.64279996659
"432","bias_pr[63]",-0.274211377522425,-0.290715945,0.764766491026969,0.819566216784,-1.528374055,1.01362113,1.00006430166744,6976.42675084896,5181.6033672498
"433","bias_pr[64]",-1.07470881821721,-1.11155595,0.707222512336313,0.68284664175,-2.18513386,0.191691731499999,1.0001531719256,7869.70853002161,4724.95762720247
"434","bias_pr[65]",1.17376921408159,1.2178677,0.317216523035435,0.27985980141,0.5718837015,1.60885431,1.00105074991887,4884.7061773716,5651.47747502464
"435","bias_pr[66]",0.377580164497725,0.39655473,0.225301822614263,0.219996942753,-0.0281376507,0.713047902,1.00005727180342,4516.93996574414,5796.41621101545
"436","bias_pr[67]",-0.74379260430377,-0.76943759,0.549822932381604,0.534948225651,-1.62098905,0.209843652,1.00055074615435,8520.01160536405,4541.43239753285
"437","bias_pr[68]",0.843976577019199,0.836149255,0.62818852011924,0.642331720506,-0.186857132,1.89452519,1.00081038572582,7289.69573597681,5603.34521543153
"438","bias_pr[69]",-1.71151052759619,-1.7734715,0.710241419763814,0.69338637102,-2.784780435,-0.432367716000002,1.00114589742894,7408.81080853608,4803.89973689373
"439","bias_pr[70]",-1.35032817384985,-1.4166935,0.881171125054459,0.874338709188,-2.70429664,0.181308967999998,1.00044068396506,7613.5886106704,5612.8017753962
"440","bias_pr[71]",-1.95752192863125,-1.9656229,0.448576409136421,0.44363587758,-2.682581715,-1.212336565,1.00097588301704,6167.5888137286,4981.19078511256
"441","bias_pr[72]",0.0221095722668316,0.056626767,0.846519582491614,0.9324608649762,-1.430083075,1.29407005,0.999934786340389,7211.65102192979,5771.53968167316
"442","bias_pr[73]",-0.102282435524538,-0.054434708,0.420496342518101,0.447700121547,-0.861754732,0.487553653999999,0.999960543611123,5688.32908798396,5911.466907018
"443","bias_pr[74]",0.658506020834846,0.725031465,0.538080699727231,0.552690840849,-0.3373711095,1.40597094,0.999935781404864,6455.99517441514,5991.25339669408
"444","bias_pr[75]",-0.52331444289879,-0.52914786,0.381322304316013,0.377606381439,-1.127500315,0.109021293,1.00112308295452,6954.38666932682,5249.14176578543
"445","bias_pr[76]",0.967470660072105,1.0940518,0.552227683114087,0.502600821786,-0.1021034775,1.65124091,1.00001116472244,6012.45818552344,5583.54785703632
"446","bias_pr[77]",-1.56835582140548,-1.6616775,0.883971392847588,0.87670645104,-2.88719192,0.0888543255499978,1.00034457055429,6887.01136276338,4294.24745358349
"447","bias_pr[78]",-2.06480665267121,-2.2350772,1.16176605220937,1.15052213703,-3.70059386,0.206133759999999,1.00155837601001,1553.38837594136,2783.37345615957
"448","bias_pr[79]",0.40129586377491,0.50818318,0.451867622890581,0.383940641679,-0.497733275,0.960610858,0.999933064419293,5347.39009680202,5336.7271390007
"449","bias_pr[80]",-0.100950692745389,-0.0105899225,0.528932901505601,0.546737430897,-1.096727225,0.590830959,1.00056751405342,6189.96020634166,6108.68306533884
"450","bias_pr[81]",-0.773924870269409,-0.65041471,0.512419899842758,0.44124614877,-1.77768452,-0.1502823715,1.00061132232037,4394.8080547929,5332.92053168656
"451","bias_pr[82]",0.726335554735834,0.79801165,0.71029975461908,0.767916621129,-0.559685535,1.721276175,1.00001478871851,7189.13198502099,5920.60655789631
"452","bias_pr[83]",-0.930977513478597,-0.91165855,0.588049154390508,0.68125410696,-1.94451077,-0.06191347585,1.00016969214451,4879.23575045577,5236.03744819225
"453","bias_pr[84]",-0.318161367368109,-0.32490692,0.537583951041042,0.562683268329,-1.17925212,0.588020669999998,1.00002654173692,6882.35987154542,4538.5169447799
"454","bias_pr[85]",-0.563402108716471,-0.574367045,0.47527006118408,0.467780893314,-1.32259601,0.2514112165,0.99993763436324,7617.30431854608,4858.17032125548
"455","bias_pr[86]",0.476238049345216,0.547629525,0.402732252601489,0.377543437656,-0.2893648625,1.001540505,0.999990442969481,5233.4209227171,5647.91702702524
"456","bias_pr[87]",0.311579045372805,0.455112335,0.711606256629722,0.7153756959909,-1.02701372,1.202549755,1.00051523813323,5819.10261149828,5304.29757792077
"457","bias_pr[88]",0.206444541097481,0.26021264,0.866472314275903,0.925924671651,-1.31904254,1.49503335,0.999694719075277,8457.92082845911,6444.68696971146
"458","bias_pr[89]",0.95390790047875,0.93348939,0.22055951354574,0.21406801794,0.6278055195,1.335282465,1.00026430879992,3124.47241443723,4974.914638325
"459","bias_pr[90]",-0.128728520243679,-0.110041055,0.543959578351015,0.595687619667,-1.0428947,0.7000782595,1.00071820175282,7089.70763427512,5958.13971875872
"460","bias_pr[91]",-0.390312968112245,-0.33670706,0.305329882227424,0.267121873011,-0.9600725535,0.00343870509999992,1.0001021306023,3762.63943633201,5057.31394139863
"461","bias_pr[92]",0.465383540051275,0.486835455,0.218959915401702,0.198934571178,0.0632226742,0.7783601775,1.00088074045796,3137.04979013803,4641.01964255474
"462","bias_pr[93]",0.229925351484003,0.32558112,0.49112117276894,0.485723792946,-0.700641627,0.8631880355,1.0003664647343,6061.17525884784,6137.66048152713
"463","bias_pr[94]",0.0151597292676307,-0.0115194985,0.673964900108586,0.690428235609,-1.047308365,1.18086097,1.00092648594786,8122.56445716168,4182.57761586073
"464","bias_pr[95]",-0.334878771913431,-0.33144694,0.186855029358995,0.184279225851,-0.654977809,-0.03060373155,1.00149514829491,2498.499787401,5164.76004617333
"465","bias_pr[96]",0.447999288166061,0.54104667,0.588188723107796,0.618465937656,-0.628513982,1.222907325,1.00033515160732,6570.52753545587,5753.35764834316
"466","bias_pr[97]",-1.05774732832357,-1.1008139,0.682383158187082,0.680900610642,-2.107647105,0.147224149499999,1.00156728245026,7524.16441783475,3753.76283593053
"467","bias_pr[98]",-0.0225682660312143,-0.0209608795,0.177637837120013,0.1761498943176,-0.320434344,0.263531592,1.00011368210495,2542.08808889458,4212.55245127217
"468","bias_pr[99]",1.14829051936004,1.1792074,0.270791736534232,0.23917792458,0.6608558915,1.532319,1.00030651088039,4031.00046843979,4793.11067832265
"469","bias_pr[100]",0.309200422450196,0.356576445,0.805326505425942,0.882714954408,-1.078371215,1.526939645,1.00065773846514,7771.0107535678,5619.85653641725
"470","bias_pr[101]",-0.288983324244581,-0.310593535,0.544353167194821,0.5374197265227,-1.158194535,0.657880568999999,1.00001689075577,7509.36529571405,5286.70712243145
"471","bias_pr[102]",0.963782636092463,1.0042318,0.30153417884749,0.27917105958,0.4069950325,1.38635798,1.00122877145428,4356.69048089296,5311.78738865754
"472","bias_pr[103]",0.49771290953185,0.490533945,0.990584979639525,0.990367748727,-1.09674009,2.193514515,1.00065152380952,12463.8739087709,4910.68811042119
"473","bias_pr[104]",0.85134861074625,0.84728042,0.179361615418941,0.182049877296,0.561001926,1.14927798,1.00004467498494,2766.80101043248,4697.40383750937
"474","bias_pr[105]",-1.09523008454596,-1.1349727,0.612403499429256,0.598507102326,-2.071378585,-0.0127667170000002,1.0006234589587,9771.15484361719,4987.54430348387
"475","bias_pr[106]",0.102477916511648,0.13454093,0.246485327397721,0.2198377671105,-0.3528443465,0.441052793,1.00040358074554,3464.15147188023,4931.38113080422
"476","bias_pr[107]",-0.0390839095731159,0.02732146,0.699338232405766,0.773351817903,-1.28025448,0.947245949,1.00053019706119,6956.74128054003,6253.5102285692
"477","bias_pr[108]",-1.64282051629945,-1.70152455,0.787867218494817,0.79854622533,-2.8535264,-0.279771761000001,1.00017372240943,9497.07959576093,5550.83047634184
"478","bias_pr[109]",-0.122638200291229,-0.15861762,0.736066538930325,0.764862924735,-1.26710187,1.177940605,1.00023458832599,6104.77036028688,3634.47828300135
"479","bias_pr[110]",-0.798742114901478,-0.74723532,0.712797119064288,0.78810857307,-2.0209608,0.273602895,0.999843206710295,6764.01887824192,5973.87352953597
"480","bias_pr[111]",1.3178536100435,1.36617385,0.346111119161743,0.33367514208,0.680337858,1.80309113,1.0002158796683,4366.62410333514,6119.47530585728
"481","bias_pr[112]",1.6918411298175,1.69042845,0.202465062334288,0.19687008033,1.36582167,2.03306026,1.00019977035177,2084.84456614461,3727.70268471317
"482","bias_pr[113]",0.72924546149425,0.728001425,0.15904429276561,0.15679614363,0.4666022205,0.994981225,1.00052118383224,2259.0869159567,3930.73062594361
"483","bias_pr[114]",-1.0961597758177,-1.1120798,0.461931692014712,0.463232283927,-1.82317908,-0.295630808500002,1.00046735198952,7170.46032086821,4957.11242359924
"484","bias_pr[115]",0.5579195113,0.54724061,0.18529198246204,0.172352731845,0.2754405995,0.8804287425,1.00088649766959,2377.19624542839,4237.48590059728
"485","bias_pr[116]",0.180035486107268,0.29285248,0.813437115113071,0.877928921457,-1.31403695,1.265685735,1.00147398250393,7607.80100215384,5625.67175121274
"486","bias_pr[117]",-0.604404300960374,-0.55959516,0.812306102973291,0.8994817993812,-2.01185697,0.6263778675,1.00013351278935,7259.45040385574,6082.41343453829
"487","bias_pr[118]",0.277554193912799,0.40784544,0.573864596687881,0.5401694046672,-0.8263586765,0.9857930245,1.00039605961934,5663.14628694746,5343.73616792771
"488","bias_pr[119]",0.20953204759011,0.295865665,0.503592216705778,0.51216379935,-0.716256616,0.8731745085,1.00058480678347,5722.53038479714,5664.53248345703
"489","bias_pr[120]",-1.38810626998198,-1.4095703,0.502172201056197,0.49288384656,-2.179084265,-0.518419574,1.00034689312335,8497.80409998597,5642.27884304448
"490","bias_pr[121]",0.81098022397875,0.809392555,0.155449057607388,0.155033843727,0.5613914175,1.068632195,1.00015674334943,2351.83744917379,3943.42038097573
"491","bias_pr[122]",1.0940273382235,1.1505464,0.326331418532142,0.274223690097,0.4534764905,1.520492385,1.00033001519909,4156.08523521267,4896.40893010865
"492","bias_pr[123]",1.11140170021875,1.1054394,0.17123910009426,0.17048091228,0.83910194,1.39646179,1.00039203832615,2198.80913513279,4267.43009290044
"493","bias_pr[124]",-1.44911935863001,-1.4587789,0.462618199419879,0.45007495764,-2.18993814,-0.669867793500001,1.00054343569572,7163.50607492877,5166.19291290841
"494","bias_pr[125]",0.432654140321851,0.43189693,0.706536544647451,0.7390786752762,-0.7338521165,1.595248495,1.00037123781139,8856.73288845496,5940.05938469929
"495","bias_pr[126]",0.723662865965021,0.81029652,0.391770271049831,0.321284431188,-0.05948607195,1.208916825,1.00012843445498,4577.10021143937,4650.02610670366
"496","bias_pr[127]",-1.2983983745075,-1.2898938,0.277342192818555,0.2707057101,-1.775005115,-0.8543048635,1.00022699728346,3117.689110886,4484.45371506269
"497","bias_pr[128]",-0.869744637207125,-0.825163185,0.312517890441524,0.279287273181,-1.45902225,-0.444044632,1.0011892587517,3216.14961803605,4719.49510168004
"498","bias_pr[129]",0.675528390583223,0.70308065,0.316028732647203,0.3231282222,0.1145342905,1.14860749,1.0000116051628,4909.96152475076,5078.45661145181
"499","bias_pr[130]",0.565424688406632,0.641138985,0.447265820260079,0.454465907343,-0.2711781735,1.16236173,1.00148031818068,5461.39243155718,5544.14343109563
"500","bias_pr[131]",0.550010077465959,0.64153899,0.593690342435833,0.611216023656,-0.5414195105,1.34290028,1.00005629779513,6290.92069127045,5986.01370862086
"501","bias_pr[132]",-0.171858820902248,-0.173218265,0.838465178388409,0.872746789677,-1.54940681,1.24380231,1.00019151428864,7772.06607840803,5227.12817388593
"502","bias_pr[133]",0.2903940381408,0.377965055,0.771782867720328,0.845426815695,-1.09322562,1.34456784,1.00029666343823,6630.93436225856,6197.33206084113
"503","bias_pr[134]",0.103380305935546,0.21331081,0.522780791053487,0.489746331375,-0.903302616,0.7579073455,1.00032042573651,5524.68254445267,5360.9262682139
"504","bias_pr[135]",0.111094666462173,0.21813839,0.461307852888725,0.4203033170091,-0.791946134,0.6868349825,1.00044460598189,5044.47572683109,5526.78366518439
"505","bias_pr[136]",-0.274045829814132,-0.282943005,0.445387813747865,0.4481139070527,-0.9881461045,0.480602942,1.00003516696473,7732.22744956369,4999.86003937032
"506","bias_pr[137]",0.0316443370901874,0.13218085,0.823316891973687,0.879358955874,-1.48182264,1.154427255,1.00053288336994,6837.96392479765,6073.15565703032
"507","bias_pr[138]",0.3500961044123,0.35014106,0.147298885710514,0.14718163089,0.105573883,0.5940150855,1.00031373579694,2322.81632893201,4363.94175063534
"508","bias_pr[139]",0.195276219421009,0.310696595,0.472719989012376,0.408026093958,-0.75558729,0.76631936,1.00054819610829,5075.21143925972,5457.61822300735
"509","bias_pr[140]",0.82871745427625,0.82699518,0.156343161005827,0.155015059185,0.576646678,1.09203318,1.00112367222945,2291.26659491958,3374.493949953
"510","bias_pr[141]",-0.551624774663897,-0.574476985,0.550184971051466,0.55019271174,-1.41489984,0.423158658,1.00108927047717,7645.10716157548,5179.58280327227
"511","bias_pr[142]",-0.762323845753541,-0.74561304,1.09520175543271,1.250123812896,-2.57164186,0.952184525999998,1.00103881633641,3844.87488699181,5558.60576182738
"512","bias_pr[143]",-0.304440722143763,-0.327653025,0.485841538900514,0.486624717075,-1.075365095,0.520199216,1.00047419020036,6395.47870980451,4464.02031330866
"513","bias_pr[144]",-1.22014487451211,-1.28037045,0.876108525832409,0.868803347958,-2.55845585,0.372768044,1.00048070868236,5641.9202056238,4834.70630407924
"514","bias_pr[145]",-0.179624115667411,-0.123834465,0.303989834050745,0.2569281536703,-0.770643444,0.2083883565,1.00094576802668,3280.08538344624,4273.66190147194
"515","bias_pr[146]",-1.46718329449125,-1.4658369,0.348800818216375,0.34795413681,-2.04751125,-0.898681576,1.00062896463245,5152.47703871383,5371.8770676541
"516","bias_pr[147]",0.0643894158139096,0.0725468765,0.569922189459949,0.6144102208629,-0.8880814615,0.974403413,1.00107275662704,7497.8926871983,5563.55018456598
"517","bias_pr[148]",-0.31159974094415,-0.30472747,0.795185725470402,0.851152401918,-1.647258115,0.972014132999999,1.00124077854347,7076.95049452128,4940.03737579589
"518","bias_pr[149]",-0.711929298507596,-0.71269117,0.306415423801519,0.308773399893,-1.214098215,-0.2124260435,1.00115697679008,4722.09190912665,4978.37971522285
"519","bias_pr[150]",0.238895495181426,0.24512417,0.213469305755474,0.2163764691354,-0.118163733,0.581800859999999,1.00040975910381,3868.79016006936,5611.48868251344
"520","bias_pr[151]",0.309081680425754,0.317956285,0.463673715320471,0.46803376223415,-0.4704194205,1.07485909,1.00063312841237,7410.34096401691,5489.12698224624
"521","bias_pr[152]",-1.77334531750712,-1.7863705,0.508486944964068,0.50380275078,-2.57919848,-0.926011258,1.00028617577766,8735.99207379024,5099.2990547254
"522","bias_pr[153]",-0.67319837946368,-0.69356154,0.447231910515283,0.449264953956,-1.37859552,0.101361661999999,1.00090073418601,8670.47201352745,5055.30412060912
"523","bias_pr[154]",0.488597047415358,0.57320507,0.582765592465339,0.608925384417,-0.6041081565,1.265159565,1.00033798749137,5861.07476216143,5848.07630002896
"524","bias_pr[155]",0.983528577315,0.952299385,0.250702735405418,0.234799473195,0.62621176,1.44447,1.00098261885223,3201.8866404179,4594.40960012682
"525","bias_pr[156]",1.4493221622325,1.4453361,0.182626768055893,0.1788334359,1.153437215,1.759180035,1.00065752079359,2021.64154842906,3383.74224263815
"526","bias_pr[157]",-1.56021412003262,-1.6104784,0.792852009736872,0.79898611275,-2.797284085,-0.131502174500001,1.00121489328953,7178.51090839741,4253.27496347489
"527","bias_pr[158]",1.13421524163389,1.23095115,0.511327188696626,0.505318694454,0.166804296,1.799896455,1.00023279993556,5410.59771658193,5769.46860129474
"528","bias_pr[159]",-1.73131712158375,-1.73526415,0.380533104199221,0.37672710327,-2.343686975,-1.10323955,1.00062812768225,3548.89808759912,5205.9451203534
"529","bias_pr[160]",0.164675455456133,0.208756475,0.893509588746884,0.966753785487,-1.395345295,1.528837225,1.00035880958928,8025.58949439598,5475.5333414005
"530","bias_pr[161]",-0.796982193874013,-0.80101107,0.629462658144935,0.662505236316,-1.813261015,0.262032831999999,1.00070022445366,6487.1994236931,4866.96910820012
"531","bias_pr[162]",0.315155810380182,0.38168465,0.646110979727765,0.704865349629,-0.836215296,1.22064814,1.0002106681126,6914.77035437729,6249.36884440583
"532","bias_pr[163]",-0.296620362117092,-0.17705617,0.549323095201215,0.51430237572,-1.365914735,0.391514122,1.00025311481783,5564.80242828991,5884.37102048321
"533","bias_pr[164]",-0.225709124442712,-0.155228875,0.55401301632708,0.606807986988,-1.238811565,0.525990173,1.00055020546174,6218.39143910915,4922.69754816314
"534","bias_pr[165]",0.109875879521415,0.1912895,0.513740938967476,0.52503306387,-0.8649761855,0.78261352,1.00003996666031,6177.65109852471,5496.75017002617
"535","bias_pr[166]",0.301062062617633,0.393475545,0.43938638563733,0.410040472926,-0.5514276695,0.859830997,1.00042877079589,4339.64843876169,4729.23080426592
"536","bias_pr[167]",0.8854647110175,0.882337235,0.16200031612467,0.159596063382,0.622047499,1.15771218,1.00036075251752,2162.2130765993,4063.65895519803
"537","bias_pr[168]",0.721922720692962,0.77046142,0.302279253774681,0.272944673316,0.1515957655,1.13148312,0.999946101509524,4223.91749196687,4903.08009297016
"538","bias_pr[169]",0.217933670915477,0.24263354,0.524157770476259,0.567392072646,-0.665719955,1.026080815,1.00030704754001,6010.13235421311,5310.37092499631
"539","bias_pr[170]",1.00829474670051,1.10316275,0.457493251466156,0.425096075775,0.1342549525,1.601283985,1.00015285784801,5560.13245865157,5098.42613554279
"540","bias_pr[171]",2.72245725382,2.7467718,0.458109835980043,0.45421548879,1.92650512,3.432041585,1.00093812033513,4715.17928484378,4671.81678066672
"541","bias_pr[172]",-0.427247206672882,-0.32854762,0.485489747201317,0.4515046740393,-1.36241964,0.1824630835,1.00051177022608,5314.63504945931,5597.85544584529
"542","bias_pr[173]",0.421288524283261,0.42914397,0.169117571007526,0.164792717229,0.1317452645,0.68569855,1.00069532565943,2685.39515164204,4540.81310813661
"543","bias_pr[174]",-1.1812328284299,-1.1995762,0.478131422596665,0.47135538261,-1.93339092,-0.365674314000001,1.00034565208493,7797.96410615589,4977.36125843612
"544","bias_pr[175]",0.900830608023075,0.914352895,0.210224935626656,0.194229651273,0.5399497475,1.221071175,1.00051766882914,3771.89975074709,4906.14802540721
"545","bias_pr[176]",0.204048954945163,0.289081605,0.802893554190753,0.879529432635,-1.238680085,1.32282942,1.00088895680688,7497.46588497533,6331.53512943043
"546","bias_pr[177]",-0.866407738080505,-0.8858711,0.709514686538352,0.748343691753,-2.010504825,0.3710541655,0.999718131304054,7859.50412942853,5334.11075110372
"547","bias_pr[178]",0.459184301142487,0.507239895,0.335022085079809,0.334158047139,-0.158208081,0.9308144815,1.00021340152894,5218.97187781354,5440.13656616854
"548","bias_pr[179]",-0.168634090272173,-0.14561477,0.942910107510614,1.03313098098,-1.745019865,1.302255955,1.00037583726957,7183.98493817838,5130.80421341209
"549","bias_pr[180]",0.5443716292934,0.562833465,0.208333345292333,0.188926420725,0.1788876725,0.8504399995,1.00115222632087,3118.67988037403,4529.535860042
"550","bias_pr[181]",0.0102516371734299,0.045919613,0.339024152234215,0.357702068724,-0.591443711,0.495370376,1.00027700735804,4767.81730756699,5253.47614320319
"551","tau[1]",3.49013405468948,3.24801795,1.77089893008199,1.79076033738,1.038648105,6.843426105,1.00167168438387,1842.43032258937,4077.33838712233
"552","tau[2]",2.77160225336609,2.37458145,1.98628985765103,2.088184589946,0.2687189235,6.547502975,1.00467648311896,871.720762113838,2288.5115039554
"553","tau[3]",3.0490953345347,2.76061045,1.87711059192337,1.90820790636,0.4434940945,6.60712242,1.00309652836275,1302.43158439764,3302.75975246569
"554","tau[4]",6.5596403581875,6.5058135,1.28982638115913,1.35007816965,4.4804432,8.76470628,1.0004749033722,7280.93343788296,6228.24072052094
"555","tau[5]",6.22900214225,6.1837641,1.38348532932961,1.42927717905,4.01920439,8.60560868,1.00061377243156,7481.2796947639,5680.03639632545
"556","tau[6]",4.42763549875625,4.2654745,1.70343932409618,1.75193141403,1.937157675,7.50987704,1.00138969507601,3236.53256123974,4431.36245239811
"557","tau[7]",2.74100117439908,2.35663725,1.93599715688179,2.00857325466,0.294226021,6.466941185,1.0034258613759,829.623010467722,2516.19124839747
"558","tau[8]",3.39307947834464,3.12304285,1.94683684268093,2.04164776263,0.6917853245,7.00045501,1.00185202715536,1559.66152837146,2793.6870375847
"559","tau[9]",3.03392163639905,2.6760328,1.92220699439785,1.90308122382,0.490565887,6.71806291,1.00332414867302,1329.94212795234,3691.4291259928
"560","tau[10]",3.03437342148511,2.6914642,1.86481986919954,1.82488823265,0.558506798,6.63403247,1.00428310562676,1349.89700192071,3862.55371081956
"561","tau[11]",2.73013765198632,2.2988451,1.91013145041288,1.82252355978,0.351023186,6.50489637,1.00413185486805,991.550019231035,3038.10831906673
"562","tau[12]",3.30717717661619,3.03269745,1.97744053912808,2.07088470876,0.520707049,6.97265141499999,1.00195948039989,1609.00209331006,3469.68374202318
"563","tau[13]",2.92136943662485,2.6235876,1.71267839499391,1.5359617392,0.6584038295,6.327766485,1.00322267306074,1374.57874702092,4131.42424775369
"564","tau[14]",3.15134483415569,2.80750165,1.87726708841016,1.85638851594,0.645456463,6.75030375,1.00248679263468,1430.61234517892,3953.45728103017
"565","tau[15]",2.41135755138243,1.8570428,1.9866572706476,1.90460889486,0.160343111,6.34859597,1.00640900800438,733.358999385052,2369.38949512471
"566","tau[16]",3.52718179459571,3.32302205,1.97975601695052,2.13287614365,0.615814168,7.127254445,1.00159562727925,2163.88677212019,4024.38849653621
"567","tau[17]",2.59820272908536,2.1798162,2.0207045544793,2.153015908071,0.1531216965,6.430207025,1.00479759186,743.525030368211,1866.26106707661
"568","tau[18]",2.43855443129967,1.912887,1.92007659826837,1.777088956608,0.200309997,6.272204375,1.00637984707842,764.62372565011,2270.61398045324
"569","tau[19]",2.66275952756964,2.1689096,1.93541617620498,1.877391479733,0.3296353705,6.44414231499999,1.00382850113555,868.323127590137,2529.23384876394
"570","tau[20]",2.80142716066539,2.36904995,1.83994147850537,1.75632161502,0.4993972025,6.38520724,1.00588835404123,1059.35742330585,3896.76003596672
"571","tau[21]",2.69398932561624,2.32140845,1.55473808841246,1.24736089884,0.8441404015,5.86653177499999,1.00284295633475,1469.42712647223,3442.43381595819
"572","tau[22]",2.68476883179259,2.2819569,1.94930730075526,2.001429161235,0.2537303215,6.42732265,1.00452706435814,910.723262489426,1954.57242720136
"573","tau[23]",2.5869109711564,2.1806991,1.9078158817548,1.848282200289,0.233435397,6.354232045,1.00679501540493,936.439879373796,2271.55126987717
"574","tau[24]",2.42322756112355,1.95571425,1.93767476499461,1.978986474234,0.153465353,6.1675527,1.00596241176124,679.904837778784,1757.31436519331
"575","tau[25]",2.81868905366934,2.34492915,1.66965903788776,1.329113835,0.9266419615,6.304507645,1.00290634175975,1371.60786268081,3715.30684120112
"576","tau[26]",2.5638773140331,2.0713523,1.97872388802472,1.947899651019,0.2111151865,6.40995473,1.00355534221298,766.398567418529,2077.87595525916
"577","tau[27]",2.41460558541589,1.93500825,1.98176938574446,2.038989987153,0.119470782,6.254853185,1.0071887995192,632.447328164988,1483.53215713017
"578","tau[28]",3.9890027907125,3.70089155,1.6642984522157,1.61206567284,1.7620665,7.145760375,1.00083160004432,2572.80540657795,5581.2834331364
"579","tau[29]",2.71675649042823,2.26084,1.8732225520465,1.82110878873,0.4383608835,6.33002219,1.00406137158439,1031.46195027309,3421.4684327906
"580","tau[30]",3.56761119571,3.2842009,1.51267018814006,1.36560514293,1.625839935,6.540517635,1.00111657385364,2358.02604774272,4698.27292749707
"581","tau[31]",2.32518538803313,1.7745307,1.97949430902336,1.91383934007,0.119850349,6.205031395,1.00715511250775,617.395458734033,1917.66371871825
"582","tau[32]",3.19402136637774,2.94935105,1.82860939369171,1.85348677122,0.597245064,6.605181525,1.00262839180398,1602.60577780689,3503.13761167761
"583","tau[33]",2.48975412592505,2.0292076,1.94803109486804,1.992097424793,0.175822935,6.30804007,1.00686097690244,719.330854871032,2222.47876992765
"584","tau[34]",5.567431208393,5.5442927,1.64888670031447,1.73241758109,2.879716765,8.32953644,1.00000219851415,8480.77475038743,6341.58130192581
"585","tau[35]",2.26536461138377,1.6967957,2.01955443599772,1.95472559331,0.08175213505,6.310298365,1.00610818128674,589.746683056472,1628.30885851413
"586","tau[36]",2.68890403605632,2.2691235,1.96566534402048,2.021991236853,0.2584218125,6.434526065,1.00445140479437,911.302285153507,2651.93779356786
"587","tau[37]",2.54940814566048,2.04923395,1.94640325249242,1.87093704735,0.2556161005,6.33061203,1.00472844145835,815.650475594495,2529.20063869625
"588","tau[38]",3.73747366934826,3.63855905,1.62801393147958,1.61916539946,1.15760534,6.51246628,1.00247737522464,3258.91532088351,4459.15164702708
"589","tau[39]",5.53785638082,5.4878227,1.44818120833782,1.4430153213,3.22173949,8.04949787,1.00021710642835,5507.0008368168,5170.2850480934
"590","tau[40]",2.5549934398318,2.11422035,1.90931443361238,1.884823086363,0.214818442,6.33255008,1.00439132325156,778.116485324413,2402.27695916166
"591","tau[41]",2.53217127340764,2.08073085,1.86294231917592,1.756541492013,0.2976951925,6.218740555,1.00384303364084,889.048904230481,2581.83733430001
"592","tau[42]",2.68008120365775,2.1936006,1.77613491796699,1.56198759612,0.552095394,6.24623669,1.00308912082108,1028.96066926504,2850.76667273595
"593","tau[43]",2.98831952075924,2.5605938,1.79144596503935,1.62258768504,0.7669540785,6.53415164,1.00235745288992,1396.87323101564,4279.75647065232
"594","tau[44]",2.27813816751252,1.7328067,1.92858855135185,1.791941502561,0.152685388,6.09808426499999,1.00788177794756,635.421455363993,1876.44654620893
"595","tau[45]",2.44445433800119,1.8959434,1.98120194226124,1.903861983219,0.173696012,6.3492765,1.00592656476496,722.943478173551,1910.77613399501
"596","tau[46]",2.2869738255462,1.7577074,1.96866310907808,1.935125117226,0.0924615553,6.118584735,1.00669435488483,609.068643448487,1628.52739522234
"597","tau[47]",2.58110515895586,2.0594457,1.91208230612411,1.769985486423,0.3220165445,6.365120715,1.00597806105066,828.924107964404,2906.20977966434
"598","tau[48]",2.43672786442608,1.9565791,1.95936382093789,1.969747244619,0.146354154,6.255808725,1.00677632906652,632.405883432361,1787.83305833809
"599","tau[49]",2.39188470499603,1.87772805,1.95330611737602,1.897287690039,0.1559075665,6.23210079,1.00477157584386,706.152954293884,2020.65142269602
"600","tau[50]",3.6537763437575,3.45433355,1.70043235351572,1.66855466022,1.21627159,6.84814136,1.00207812196788,2699.62668255945,5052.24914882038
"601","tau[51]",4.5124470467125,4.26168305,1.44477994250615,1.31802776763,2.57841892,7.35423598,1.00103662939962,4922.38849550423,5391.19409879271
"602","tau[52]",2.99720097132045,2.6084587,1.89328198258782,1.86077945823,0.535056343,6.668954095,1.0039495376901,1066.31216798106,2582.4983602106
"603","tau[53]",3.10303017624363,2.75263205,1.89784516626055,1.93415147898,0.5928141755,6.73817779,1.00389811210933,1192.55817992544,3753.9058234695
"604","tau[54]",4.46857964288913,4.3258769,1.53576612058816,1.46818927626,2.156692265,7.27527131,1.00144034359776,4495.89336871282,5581.75098534652
"605","tau[55]",2.242255739463,1.64847665,1.88901889407124,1.625356381236,0.171349678,6.05089618,1.00634215478424,700.779375159145,2812.24022621285
"606","tau[56]",3.23483650649868,2.902456,1.95671479269144,2.04630638835,0.5926686125,6.938778645,1.00175595964691,1480.06711672421,3531.40808494745
"607","tau[57]",2.5691448688526,2.0579284,1.96500051287026,1.869583715244,0.255906772,6.43792016,1.00456244817503,792.468887429905,2450.94457171991
"608","tau[58]",3.51428149750033,3.2212359,1.69146512336899,1.571133459,1.20988198,6.74872068,1.00154882223248,1976.10989412566,4566.54953864636
"609","tau[59]",4.38584316287375,4.10332165,1.5650370270653,1.50579431331,2.280758685,7.41649121,1.00095302289085,4248.87485351945,5738.80835920167
"610","tau[60]",2.9208759052783,2.55923095,2.00052836039664,2.06761750314,0.3280894955,6.750069245,1.00441068421426,930.248565406332,1912.4259517491
"611","tau[61]",5.03035610501863,5.0338801,1.89933004493166,1.97929316487,1.824885315,8.200779625,1.00098294206385,5659.9284959845,5267.54444412645
"612","tau[62]",3.86920542369988,3.770027,1.54669491938422,1.50447665256,1.510364855,6.594962275,1.00097310850969,4172.78580331301,4152.23057475891
"613","tau[63]",3.49156950008895,3.26110005,1.74069068249673,1.69680374997,1.031632095,6.752744055,1.00311147830612,1995.76761401496,4654.06717407189
"614","tau[64]",3.1467057125795,2.81976415,1.56668228561557,1.30773800472,1.14801125,6.318620125,1.00144251742131,2067.29150741248,3884.99379354858
"615","tau[65]",2.68347332565521,2.3362118,1.88709459460694,1.92326319045,0.251394629,6.31167069,1.00473472032365,926.539171419768,2945.5101916716
"616","tau[66]",2.80496240029197,2.41980725,1.95618849021304,2.0039681508,0.293999526,6.53397996,1.00536582377313,945.403001563536,2339.91054162459
"617","tau[67]",3.00435241506437,2.55326505,1.59820428785552,1.25645968917,1.17648171,6.30468226,1.00302111562359,1587.46147329298,3918.87481881638
"618","tau[68]",3.65659624108363,3.43653215,1.64000724665453,1.53488099793,1.26676302,6.802138975,1.00182759636047,2610.56350258627,4693.03879263774
"619","tau[69]",4.50549105027263,4.3789159,1.68159566054667,1.68802890774,1.951800165,7.521269145,1.00089248005355,3772.09889788985,5068.02841763823
"620","tau[70]",3.44826077988575,3.2106859,1.46894891999235,1.32389545365,1.47777648,6.26610145,1.00246396361537,2334.74943746498,4535.08772902738
"621","tau[71]",5.3372195951375,5.18866965,1.41231038541689,1.39838713392,3.242500765,7.941055115,1.00017479382916,6679.39395391903,5424.1799250042
"622","tau[72]",2.95230963369413,2.5683079,1.85289725294456,1.79998922586,0.6010070865,6.54477714499999,1.00396258113693,1286.23324006112,3519.85909608277
"623","tau[73]",2.8514225405693,2.4508795,1.89498930330709,1.85585225952,0.404346743,6.518075995,1.00258840831453,1068.22863167364,2825.28835729433
"624","tau[74]",2.57449031341235,2.02854725,1.90315613895913,1.698300820146,0.3178136295,6.42777466,1.00454440228398,913.417879482033,2424.54928965019
"625","tau[75]",4.51487710124375,4.3766908,1.40310389334536,1.32571838448,2.45297425,7.118339185,1.001163408668,5821.6966133141,5583.70360172901
"626","tau[76]",2.68860471093857,2.24254585,1.91516398892244,1.888968072726,0.3074432075,6.4176367,1.00310377504847,982.522453733989,3110.41534616626
"627","tau[77]",2.6945310477985,2.41558175,1.44118717533143,1.17112397598,0.88581492,5.588099835,1.0035698636589,1460.09899850424,2478.09149156602
"628","tau[78]",2.3815897643,2.1994417,1.2370365927079,1.11106051413,0.7520839905,4.594378545,1.00345423331683,1202.88945966798,1137.99070396403
"629","tau[79]",2.45341887760305,1.92312375,1.94482785792768,1.873071909807,0.1801620955,6.247456865,1.0059725788089,730.169093133795,2536.07170220484
"630","tau[80]",2.87121459812581,2.50045725,1.93734873594217,1.98815377551,0.377678663,6.550962725,1.00394194116058,1101.75659487819,3248.87241846422
"631","tau[81]",2.4208049426963,1.90919145,1.94753267487396,1.881909881145,0.1734444185,6.309417315,1.00578920432166,688.108919484676,2149.58008158941
"632","tau[82]",2.81803634907072,2.34048415,1.91693089502196,1.8353090574,0.4825871905,6.57663152,1.00364259299598,1057.29854384104,3081.99236737919
"633","tau[83]",3.6521677139804,3.5106871,1.91315513543233,2.0248943085,0.736620894,7.05056884,1.00105860039983,2466.3227495627,4129.57131691327
"634","tau[84]",3.23298133585841,2.8528797,1.76220324525418,1.62791889225,0.94376332,6.687828785,1.00213411865093,1729.2983554254,3816.51912135085
"635","tau[85]",3.521064753085,3.1520862,1.67846524154937,1.54247413383,1.378652765,6.79968816,1.00179292404904,2147.7952873084,5074.18525938392
"636","tau[86]",2.50158145051431,1.99576905,1.89466119689585,1.728180666114,0.258715304,6.273438745,1.00542603702395,789.820269760018,2119.04174774871
"637","tau[87]",2.6628268905597,2.24160055,1.98956973263517,2.030658234759,0.267163033,6.533813255,1.0038265517828,826.306069972424,2625.15731811129
"638","tau[88]",3.06616541467502,2.6933164,1.88573609953411,1.9047473697,0.6312020235,6.65664883,1.00226019541913,1289.2604656562,4176.03719387144
"639","tau[89]",2.89496454333637,2.54878345,2.01049491099264,2.15014865604,0.2944019755,6.686455325,1.00534958934551,975.484961367719,3070.02212119694
"640","tau[90]",3.15999346188863,2.87543465,1.78277121996225,1.72200468825,0.7354717305,6.59423973,1.00279240781567,1779.22386338092,3959.99666264824
"641","tau[91]",2.48436789024585,2.0198531,2.0199360881499,2.058966887964,0.1313660415,6.347068655,1.00522066232245,712.759777468546,1825.62288706011
"642","tau[92]",2.37881504614036,1.87068105,1.96132276945927,1.920825217836,0.1347543335,6.214362125,1.00547355072235,686.743352910343,1867.16754686062
"643","tau[93]",2.54421944792983,2.0709095,1.93127892210998,1.867142199216,0.2458236045,6.3451427,1.00483428824213,767.993324964908,2240.57624410466
"644","tau[94]",4.39456002404024,4.27038555,1.7192512278157,1.70848678623,1.779211145,7.484599755,1.00035766950318,4097.51490797346,4230.02914535541
"645","tau[95]",7.1942121049625,7.19800095,1.12447806993232,1.19459790765,5.32891679,9.028761775,1.00027631026138,5460.5962797999,5474.97599184576
"646","tau[96]",3.35363130843711,3.106803,1.97234154449135,2.06339164836,0.5442523935,6.99383076,1.00248209685749,1731.71427601447,3538.14899630385
"647","tau[97]",3.59839842779217,3.31059935,1.78167866656748,1.76464144731,1.12960741,6.98307683,1.00175389799406,2306.47633087823,4821.78539544596
"648","tau[98]",6.7094256115625,6.701454,1.11965459866588,1.14506350035,4.90451619,8.59322574,1.00037541731329,6823.21152509762,6377.8114975427
"649","tau[99]",2.47758872544296,2.06056755,1.98131060056024,2.046424685004,0.142024955,6.33577482,1.00603437639236,689.85373788499,1811.55799045032
"650","tau[100]",2.9862005462694,2.613368,1.82491551135658,1.76127750204,0.6286495225,6.544154205,1.00281744194656,1334.5646672354,3869.86698306816
"651","tau[101]",4.46829774026788,4.3758927,1.72010501763507,1.74135943821,1.771094865,7.506132455,1.00098362815957,4661.76659262783,4545.90912352331
"652","tau[102]",2.68772312548683,2.2977418,1.88049591365191,1.85765006028,0.2852179505,6.30127176,1.00381422694226,890.944554137231,2519.96218030506
"653","tau[103]",5.19610841839,5.08507035,1.68018150302787,1.75807130541,2.583886645,8.15782892,1.00004431308644,6846.53290139994,5270.52715285992
"654","tau[104]",2.99624417125893,2.6791427,1.82879890939329,1.78576605102,0.5467884785,6.57289085,1.00403463017595,1500.49188510881,4255.76856769811
"655","tau[105]",3.668953108854,3.38335465,1.78511526150724,1.79578753746,1.2947934,7.020555465,1.00233077174335,2416.94795106757,5058.44203831317
"656","tau[106]",2.33988923144255,1.8048936,1.98954270709271,1.980387805515,0.1191196395,6.239395235,1.00495434977614,645.242722025476,2026.12143618115
"657","tau[107]",2.79566181464667,2.4194328,1.90711834389781,1.91366676543,0.3758440285,6.463225845,1.00468754408519,981.8251542427,2595.82265448293
"658","tau[108]",4.4797320128275,4.3006965,1.65693110014402,1.64611061664,2.026266595,7.557668965,1.00163415222745,3555.98730458626,4726.96383306834
"659","tau[109]",4.67291668034587,4.64952975,1.73122279784652,1.75208056359,1.91273097,7.648103055,1.00093735522561,5371.34168238668,4898.67283347666
"660","tau[110]",3.22248928518861,2.9487194,2.02183537860462,2.17262301879,0.490750147,7.043037695,1.00287105241316,1238.65551614012,3173.72103495323
"661","tau[111]",2.76211599962611,2.46030955,1.79929555956682,1.78231529952,0.3699811465,6.26565479999999,1.00488063626017,1145.42757349646,3988.5384740204
"662","tau[112]",3.50271241735546,3.3327527,2.02622392902182,2.19497410335,0.531773877,7.113787375,1.00131123648082,2174.67334043755,3385.26927876913
"663","tau[113]",5.05027019431875,4.91943165,1.53940163163217,1.51054241394,2.703257225,7.84718647,1.00075699795555,6896.97306393546,5547.29373876767
"664","tau[114]",3.80997004284469,3.56643095,1.73553907803405,1.66440864345,1.32256456,7.062066055,1.00142387510951,2080.66890598053,4564.15771355562
"665","tau[115]",2.82213969868326,2.4539571,1.86775391981941,1.87074008394,0.4167180435,6.43701093,1.0045076879917,1006.51995154582,2592.6550676327
"666","tau[116]",2.81190305243504,2.4312456,1.94535180850054,2.00482309209,0.361006542,6.54660761,1.00296087940196,946.798370584036,2665.50611348964
"667","tau[117]",2.81706594317824,2.40570395,1.85601587960954,1.73873264166,0.4850367575,6.46233986,1.00466660831894,1106.17615394377,4026.32245911032
"668","tau[118]",2.53710308990556,2.09144085,1.9438160276634,1.983682832124,0.2129044,6.31985389,1.00646979065782,763.196940078232,2198.23798242418
"669","tau[119]",2.84129898175159,2.4685044,1.96397128161446,2.03424832842,0.323850246,6.60728992,1.00458620812845,967.185199155676,1966.60345498283
"670","tau[120]",4.6372177941575,4.49483105,1.61520044788061,1.6476600819,2.26311099,7.574417915,1.00116435936645,4448.93150045816,5451.45035399364
"671","tau[121]",2.13526417494324,1.5327403,1.99467108077417,1.898929143216,0.05476942455,6.050063185,1.00782209974033,526.849672270894,1988.51116832068
"672","tau[122]",2.36099928979729,1.8716969,1.94713908473218,1.90880517177,0.13813547,6.17611175,1.00574400011103,658.321977765408,1807.25503177158
"673","tau[123]",2.51665556543915,2.06750025,1.94971342045642,1.941269908599,0.1829274135,6.34857285499999,1.00410386824703,862.723861656483,2379.82075807129
"674","tau[124]",4.820504337745,4.68491605,1.59277745406833,1.60500997944,2.42743399,7.712505245,1.00073386734896,4585.08313542199,5177.72250796888
"675","tau[125]",3.07917935029068,2.6785452,1.77467443047671,1.64338863717,0.8069621185,6.53455439,1.0029063813677,1505.73879221925,3981.10288080401
"676","tau[126]",2.41044143847787,1.9275917,1.97349630323235,2.006950074528,0.1280304845,6.280018335,1.00748151159085,649.220876019509,1973.88033640708
"677","tau[127]",5.18920216292875,5.12849595,1.41966334270992,1.40925770538,2.97479239,7.64643555,1.00110965391761,5766.44437721781,5673.62237041098
"678","tau[128]",2.54507699401389,2.12236665,1.96529453293117,2.056634239254,0.165133474,6.253888105,1.00402463142449,803.410432770057,2217.1305695694
"679","tau[129]",3.35711993831261,3.0927737,1.9611121833897,2.02932090732,0.607230249,6.96183796,1.00199339072009,1829.67922763969,3300.01397398778
"680","tau[130]",2.62052528906821,2.2142901,1.79498397756985,1.63936204383,0.377103426,6.19175039,1.00426851459354,1102.5387188847,2844.53162737769
"681","tau[131]",2.57101103873536,2.0594521,1.97841822651351,1.890940479288,0.256920531,6.455821475,1.00365010524857,808.849396175461,2364.34638309601
"682","tau[132]",3.60367057163017,3.34304965,1.84103394936646,1.88317027647,1.034728225,7.009815185,1.00183606374739,1788.56547268356,2982.67759718072
"683","tau[133]",2.86447680105743,2.42088575,1.92041448102273,1.79999256171,0.493518003,6.601884065,1.00303414365617,1125.60983557913,3091.03377519177
"684","tau[134]",2.56240849655009,2.1317546,1.97737789878621,2.028244213548,0.1996936195,6.43982743499999,1.00497790264019,790.976699335597,2604.53758545644
"685","tau[135]",2.90611346796775,2.566689,1.92509056945697,1.96726156935,0.3626342615,6.62047799,1.0035349462439,1170.06801555323,2878.61552584883
"686","tau[136]",3.58433141493875,3.32717435,1.66885047827951,1.52783827728,1.28925775,6.76331299,1.00151080374331,2020.00174584092,4067.02807111804
"687","tau[137]",2.86810576323184,2.47863345,1.88994513197914,1.82638187802,0.48521725,6.565373225,1.0032698773382,1122.82708967247,3571.9281537829
"688","tau[138]",2.22773762267551,1.6677059,1.98024304042109,1.938095306175,0.07848968225,6.100994385,1.0063733862515,585.458060660019,1798.35807026488
"689","tau[139]",2.54063158164926,2.0826125,1.90644355410213,1.832089724934,0.2444889855,6.299071565,1.00437667888755,847.037891643384,2576.53928934992
"690","tau[140]",2.32199905284775,1.7800229,1.96607766635615,1.901383231692,0.114659595,6.21100547,1.00593090199661,676.998016183964,2000.7587935221
"691","tau[141]",3.673188640772,3.43517445,1.6640873283643,1.57449488385,1.35567942,6.81552371999999,1.0008557256627,2393.76468839347,4152.45482585712
"692","tau[142]",2.13916664526145,1.4702241,1.75959861387207,1.108465763979,0.4159286625,5.9657657,1.00413795356043,860.625744851331,2609.26308363228
"693","tau[143]",4.76792685068362,4.7231888,1.53044569079064,1.53018145245,2.30444931,7.347995635,1.00073921604501,6384.0297838769,4986.39250268007
"694","tau[144]",3.661411247642,3.439882,1.65535222567719,1.5870513939,1.368538865,6.80995574,1.0018419284697,2568.6865654741,5121.36869082192
"695","tau[145]",2.51240974169396,2.06249235,1.98425328405566,2.023571176956,0.168886856,6.39957702,1.00695674996893,714.480605504398,2248.49813832354
"696","tau[146]",5.0865894333775,5.017871,1.45669826747286,1.46196850905,2.806573935,7.604600685,1.00072873424874,6737.81079683444,5550.51433469509
"697","tau[147]",3.00688127427325,2.70447095,1.68452134428031,1.46722677234,0.8056422555,6.33665419,1.00348695521757,1378.57390421544,3616.79117314472
"698","tau[148]",3.32728817142887,3.0273852,1.88760504033935,1.92094588665,0.765136094,6.89392507,1.0012659305359,1721.88606646519,3891.38849783204
"699","tau[149]",5.2343349962125,5.1131089,1.28508000462695,1.22181258738,3.34661736,7.64725118999999,1.00048555694349,7290.71139562062,5761.1996911384
"700","tau[150]",2.69651683882774,2.1829663,1.8246770373315,1.55385783315,0.54437527,6.418634265,1.00471259613831,994.034145384578,2835.10343365803
"701","tau[151]",3.73381465236544,3.4924157,1.72354444886456,1.66440856932,1.2634162,7.00397149,1.00266872218991,2275.71971664098,3592.17614163242
"702","tau[152]",3.67875485044,3.3553935,1.51934402724861,1.34355243162,1.74700553,6.72472189,1.00043942467586,3232.2924776841,4876.26723609215
"703","tau[153]",3.99111237833211,3.7703901,1.72118698034107,1.69799872557,1.556393905,7.21294984,1.00179629463156,3041.84885113921,5119.85174960021
"704","tau[154]",2.79590422936457,2.39720035,1.88093279072465,1.8629654778,0.39627543,6.39388791999999,1.00505218977848,1032.34157104929,3938.92847221369
"705","tau[155]",2.60238714450595,2.1395936,1.95200731053343,1.965654623688,0.2327537715,6.3485917,1.00448468221739,896.470256795159,2981.36449050619
"706","tau[156]",2.84994705963698,2.5177656,1.94637932645854,2.04560608224,0.308010694,6.625749175,1.00218751160875,1272.49444289015,2915.97593532294
"707","tau[157]",3.97307048412025,3.8047381,1.8400230119535,1.94827450419,1.245799185,7.29057617,1.0009218178023,2663.74228118014,5294.08849524103
"708","tau[158]",2.67441459638837,2.20732635,1.89345583433067,1.790795245197,0.3446366395,6.386325155,1.00502808286571,910.681550495011,3116.28739494592
"709","tau[159]",6.6314460725625,6.6311409,1.2987074413339,1.37448814083,4.479064495,8.79161766,1.00023430921734,7810.96055538783,6105.66357875158
"710","tau[160]",2.93334809698176,2.5140103,1.89383404092447,1.86547018224,0.5462070065,6.60210223,1.00414873948396,1092.51876863793,3040.6649932631
"711","tau[161]",3.92068148827,3.79767725,1.99150221281271,2.15312742183,0.919685567,7.45151083,1.0018574392218,1917.07852491303,3324.85488419666
"712","tau[162]",2.64382367010025,2.15270045,1.8970157246526,1.777439280162,0.371999526,6.36417412999999,1.00356047780125,981.28718810612,2555.50408475726
"713","tau[163]",2.78301261067613,2.4213546,2.0023376927865,2.139371325294,0.2425747405,6.584807165,1.002995797108,856.098645892643,2246.8299432508
"714","tau[164]",2.89484852263774,2.58178965,1.8375732300466,1.81555215219,0.4241662615,6.39318894,1.00291180815376,1241.27540424197,3687.33414080598
"715","tau[165]",2.88276299838187,2.4903234,1.95810942890347,2.02462773702,0.35776165,6.563392015,1.00405370210115,1087.40511329557,2892.49205633042
"716","tau[166]",2.52462774642923,2.0297319,1.96957596832863,1.944344628261,0.204082138,6.396193385,1.00502539425057,798.900785432808,2284.9294202854
"717","tau[167]",2.66413925092644,2.2394267,1.94877587249382,1.967313252786,0.2500074115,6.505355055,1.00464513788545,999.28453279873,2778.01645569821
"718","tau[168]",2.28934070732253,1.70004085,1.95739783298806,1.798077324204,0.1522151735,6.205103385,1.00668090829401,669.62669843422,2671.26457800171
"719","tau[169]",3.974766719209,3.9000682,1.86051227845817,1.93362663858,1.060055585,7.196025715,1.00235494247057,2676.97602902746,4005.25468085943
"720","tau[170]",2.72957411436202,2.4204061,1.8330682877717,1.78849440567,0.368433513,6.25446419,1.00452497113229,1124.28186064424,2860.74332559671
"721","tau[171]",6.56112773456375,6.59417915,1.42112147657418,1.49795892057,4.194914865,8.850416285,1.00020624915543,6634.75015195884,5249.64214173592
"722","tau[172]",2.618711257559,2.1737116,1.9625126327549,1.970748926244,0.2344586065,6.381593205,1.00444770358949,792.046840328499,2152.68585258705
"723","tau[173]",2.16430308056116,1.6112833,1.99811732775869,1.971136996794,0.05849897085,6.143314525,1.00641834720497,555.896214294574,1674.97630730277
"724","tau[174]",4.38878681249625,4.18728875,1.57481098479206,1.51984780458,2.14067648,7.401779565,1.00064590691613,3825.70099682915,4785.02385010838
"725","tau[175]",2.45828348263204,1.9715228,1.97160085601178,1.964906748357,0.1660508175,6.341108165,1.00567065619466,734.26495878321,2357.25096612887
"726","tau[176]",2.74908365432333,2.36999535,1.93025588012974,1.9714628871,0.339795437,6.43588205,1.00470382467626,928.45166804438,2842.52174346227
"727","tau[177]",3.90260962290761,3.73526375,1.88908426244833,1.94719153902,1.065684495,7.303691235,1.0015396714645,2869.9057033547,4392.89331591508
"728","tau[178]",2.79244763617342,2.3808554,1.95444919115558,1.97458998702,0.3418486565,6.577644035,1.00408458860275,944.162039795601,2814.00415426224
"729","tau[179]",3.25492550388114,2.95665865,1.92043278667287,2.01607491414,0.6753954245,6.886870805,1.0020861211564,1486.09107875037,3685.64652973498
"730","tau[180]",2.4218002932295,1.90340095,1.96883376626148,1.916219439393,0.1591432255,6.26982242499999,1.00580637523238,710.81480277611,1897.94660380958
"731","tau[181]",3.3525743601925,3.11926655,1.95581865383086,2.02179107844,0.5037203425,6.96419875,1.00175902042422,1518.09759652584,2794.98807040331
"732","m[1]",1.27769044144729,0.988241125,1.12974918687842,0.682340519175,0.237535193,3.397475775,1.00132214871016,2888.56170213244,3519.78262327351
"733","m[2]",0.552145713183987,0.28397767,0.826830527633699,0.3155042993697,0.009972360645,2.009990115,1.00247305998783,1148.76961180796,3241.98551426935
"734","m[3]",1.3375247681167,0.767324465,1.58320872449697,0.909727355607,0.0249024019,4.750514995,1.00189494991095,2159.38643635722,5255.60341635675
"735","m[4]",2.25369205924375,1.8324727,1.3472409985859,0.7640275167,1.026676875,5.05187035,1.00066646603649,7881.61348155633,4789.82216227605
"736","m[5]",3.20084281943375,2.751979,1.68772803661334,1.38946521777,1.282322875,6.64992140999999,1.00091195735638,4786.20736880792,4973.6520256398
"737","m[6]",1.03470328347692,0.773484155,0.921293763837224,0.393159552261,0.342929744,2.640002785,1.0008576967419,4375.05543296831,4172.28445657105
"738","m[7]",0.616668712904934,0.32503916,0.891880916626303,0.3495636829524,0.0149183458,2.19194865999999,1.00321973791193,973.748253405276,2634.63822847029
"739","m[8]",0.804785869120019,0.58683546,0.811391517668297,0.436852700886,0.1010132515,2.11668831,1.00100518289523,2280.25516917,4890.40943053364
"740","m[9]",1.14885031127549,0.66998429,1.36898212780081,0.709939948431,0.03583195305,3.951989445,1.00222471625473,1728.24449047291,4952.9256721635
"741","m[10]",1.30504700493513,0.773383335,1.50265511597472,0.80752714896,0.0459464745,4.508263145,1.00291254173148,1966.99026196347,4765.02816334098
"742","m[11]",0.938360914768202,0.454965445,1.29242406283001,0.5450362015119,0.0163725395,3.66676246999999,1.00174109029353,1296.45903472026,4576.39462093414
"743","m[12]",1.18612627867151,0.72509553,1.38529652297882,0.756312718644,0.037755052,4.088370005,1.00050925076179,2860.28816389428,5248.4027767092
"744","m[13]",1.55216790101805,0.89506199,1.70969717379653,1.014906676455,0.05407598845,5.255018765,1.00160791115338,2410.99078941885,5067.08525197627
"745","m[14]",1.29569846785364,0.762889225,1.51264893028012,0.78926907822,0.04578518255,4.51406534,1.00047855720833,2108.13286914061,5002.99489958269
"746","m[15]",0.65258693228306,0.202446115,1.13129934353615,0.2678252451378,0.004643784925,3.043036715,1.00425114358641,921.680119278418,3950.6175993206
"747","m[16]",1.20068328941944,0.778290375,1.32836896334621,0.768713355543,0.04737962775,3.91191178,1.00127834417168,3086.23747189005,5023.16681470356
"748","m[17]",0.482941395354352,0.19448649,0.838367978212001,0.2450593935909,0.005058119515,2.015672005,1.00309194365469,863.237803006274,2476.84043755395
"749","m[18]",0.767396635381428,0.258615295,1.2622378404062,0.3394807234686,0.005287418315,3.439246945,1.00392959581338,943.344049292242,4122.87353049909
"750","m[19]",0.849114943896507,0.373517795,1.24439841271793,0.42569982756,0.01664696455,3.432316995,1.00204392478789,1095.52778813184,4592.37017568706
"751","m[20]",1.01109758528703,0.5181541,1.34109837896339,0.525575658405,0.0396420134,3.82938054999999,1.00464093815213,1243.80321376645,4188.60648364262
"752","m[21]",2.37751540094328,1.99395065,1.86519547343502,1.700527559325,0.2071678755,6.142208,1.0018614395293,2414.82969483751,3220.17901685172
"753","m[22]",0.740383123163478,0.338503215,1.12611927786272,0.4162046552244,0.00966069413000001,2.98219037,1.00214734152467,1108.3019387585,4826.7735027572
"754","m[23]",0.876178741153975,0.3538869,1.28650080784827,0.4585883389122,0.0096109828,3.529974545,1.00271595370619,1090.32690330965,4568.42623301263
"755","m[24]",0.539140893896236,0.163162425,1.00547619424057,0.2152548874245,0.003419411295,2.382390505,1.00484052858784,860.676141575345,2819.15501968659
"756","m[25]",1.77729988422282,1.26659055,1.66591235924536,1.187250749916,0.1998096075,5.35870350499999,1.00063554650869,2373.88820127262,5144.05758146061
"757","m[26]",0.637056710453868,0.25773562,1.05369060432422,0.3170661139464,0.007509406025,2.574553395,1.00360779383345,908.787075820835,3263.65098432533
"758","m[27]",0.453237304456998,0.146674535,0.869822623089963,0.1876237460958,0.003220995655,2.06476609999999,1.00501683452721,731.882235128296,2022.94817219061
"759","m[28]",1.21302294279189,0.761504465,1.28205386369054,0.52537131906,0.274525873,3.88250216,1.00095159781393,2906.33518064138,4858.64322127422
"760","m[29]",0.903514063023508,0.476901345,1.17620606534367,0.496725070422,0.0389874994,3.15931392999999,1.00255081291984,1241.98907935414,4232.95344219043
"761","m[30]",1.9875237383595,1.49359785,1.60324553939218,1.043251972119,0.4314525215,5.376071945,1.00014580387371,5270.07505153519,4585.63252795738
"762","m[31]",0.541606062948029,0.133080875,1.04843372740593,0.1793570131248,0.002623767545,2.563960835,1.0031987219688,770.876942595058,3699.10322239957
"763","m[32]",1.45386906586381,0.91414986,1.55874259773132,0.950202469041,0.05520859145,4.71927166499999,1.00098851465779,2683.44129358628,3810.83582487639
"764","m[33]",0.572739970280197,0.20435172,0.998163853903269,0.2676291394119,0.004230860625,2.40631811,1.00324370778394,890.917208402837,3409.6638997767
"765","m[34]",2.49618637399211,2.0316058,1.68077465416724,1.28946748014,0.6719437825,6.023752425,1.00036874783093,6353.2272401531,5985.7870526195
"766","m[35]",0.440280080012214,0.090379705,0.940184253512239,0.12189567165279,0.00182881174,2.23473357499999,1.00573423648997,672.027431122207,2485.82268805507
"767","m[36]",0.703200768950767,0.350513405,1.0324486260322,0.4120084064838,0.01255827985,2.54971121,1.00462129556654,1065.32382679408,4671.85165137416
"768","m[37]",0.776967234966428,0.300325105,1.20210282737807,0.3668752092201,0.01130927525,3.306126245,1.00358770882258,1040.61967286479,4730.3741002179
"769","m[38]",2.72755711190694,2.37256455,1.89772023604076,1.69658551125,0.236076454,6.50047239,1.00071583652867,4841.21333661964,3764.21866678431
"770","m[39]",2.74977408013375,2.2881078,1.67951126984063,1.28227953882,0.896635461,6.28381769,1.00158491502574,7324.82049192929,5386.84762113456
"771","m[40]",0.862512464455459,0.31790262,1.35062511210676,0.4188510495225,0.00625310656,3.73975617499999,1.00365408283915,1105.79424904475,4190.9120330378
"772","m[41]",0.940508186558313,0.346621975,1.41781687104373,0.4506272973048,0.00997345873,3.931593875,1.00341046729034,1091.13073624827,5074.3779325904
"773","m[42]",1.2737147917909,0.68061538,1.5145956612489,0.742411075266,0.05241068265,4.53995055,1.00392287871887,1433.04818161498,4657.13637048608
"774","m[43]",1.14393764733063,0.63182472,1.37785168584783,0.596936999274,0.0960820641,4.00211975499999,1.00201766507835,1621.73231640096,4771.24181168871
"775","m[44]",0.733577044972875,0.16459175,1.3284938300735,0.216858619551,0.003804665515,3.741849355,1.00357518632636,775.425216875399,4830.06178803818
"776","m[45]",0.63306140798819,0.212469095,1.10224784559339,0.2735687055864,0.00534365377,2.790893205,1.00350976770851,802.207870092965,3562.90073350957
"777","m[46]",0.484860887008151,0.100981405,1.0022321229847,0.13609270010049,0.001908641215,2.411690375,1.00337083671538,672.768047298174,2676.51518852802
"778","m[47]",0.851565620862709,0.353438965,1.24255992805241,0.4172860310472,0.0191245491,3.46034178499999,1.00302206106943,1108.57665406312,4986.67104665277
"779","m[48]",0.557826724827224,0.177538725,1.03380874995132,0.2266574854467,0.00495994188,2.51172519,1.0048691611333,724.80413607205,2817.56802350321
"780","m[49]",0.575963112645313,0.17907953,1.07471058949409,0.2276116919958,0.00462412924,2.64483704,1.00392583764524,798.602095191543,3758.63010945436
"781","m[50]",1.90646447152175,1.37105895,1.67641622368446,1.14863701113,0.258758679,5.37578553,1.00101834078145,4493.94169269406,4869.22833238528
"782","m[51]",2.04677075887,1.5097125,1.60164046181948,0.996590369187,0.5662634095,5.51980362,1.00131054052863,5337.28187285854,5524.11604026652
"783","m[52]",0.963656040442578,0.56231958,1.18178058977743,0.53076924327,0.05319909405,3.33524864499999,1.00198505160036,1587.90526674735,4084.03581956211
"784","m[53]",1.02108849681338,0.642206515,1.18501470160276,0.579374608932,0.0715114942,3.322389105,1.00168235142055,1751.74949105544,4785.5779277424
"785","m[54]",2.08849628438688,1.5468297,1.6580353857634,1.159461874032,0.4647704125,5.56887131,1.0002703760642,6414.69196245301,4998.54675510954
"786","m[55]",0.897316669078938,0.211961545,1.46390387112706,0.2928289753788,0.003962070475,4.030881695,1.00428644042521,820.676402029605,4727.52391286433
"787","m[56]",1.01642647849091,0.67003947,1.13904177078668,0.58823029734,0.06243607665,3.20784434999999,1.0011091001172,2091.05390412581,4541.46965387406
"788","m[57]",0.704086896025056,0.309714915,1.05305604876619,0.3731408599212,0.01225938775,2.775023045,1.00376549137387,1006.85595849236,3984.06969926868
"789","m[58]",1.56331055619433,1.02991325,1.54008590725273,0.842212420287,0.22653007,4.88872713999999,1.0017549186371,2963.38485588787,3488.60717841527
"790","m[59]",1.9863470481025,1.47592095,1.54982715753996,0.931161733761,0.58158512,5.42992306999999,1.00105072895718,4928.52628028587,4862.045827777
"791","m[60]",0.779719196038449,0.448780885,1.04226220200445,0.47553794547,0.0260094417,2.5858164,1.0023942896994,1198.09461964636,4186.44670088324
"792","m[61]",1.80684835848979,1.38157365,1.44815407906212,0.887690426574,0.4005170675,4.79040587,1.00009273311909,7659.00233233176,5441.66084765436
"793","m[62]",2.55783669958315,2.1386197,1.79388875695323,1.56455568171,0.394679595,6.134238725,1.00081177740093,4509.02662655908,3915.21849913095
"794","m[63]",1.87631010703043,1.36638695,1.70065395572756,1.208922292179,0.166496301,5.48937137,1.00129098442785,3624.16606601788,4143.89694151865
"795","m[64]",2.12037274424324,1.62758445,1.77811670836212,1.409468746077,0.2780536815,5.881036975,1.00167038481581,3375.05251462957,3975.80624066533
"796","m[65]",0.847908797036936,0.38299829,1.2299703760942,0.4935210042882,0.008767305755,3.313814985,1.0018922043459,1035.67103512606,4769.39417170029
"797","m[66]",0.76857071989396,0.370656085,1.14011644285986,0.4185498593325,0.0120920354,2.989212815,1.00189774317076,1176.12317064376,4819.07933218265
"798","m[67]",1.79777538160945,1.2534521,1.62980020513664,1.065312163146,0.295662973,5.32693564,1.00128910065029,2363.17979735894,3530.9719186214
"799","m[68]",1.617140797678,1.08985275,1.55666089054844,0.918276375618,0.216384161,4.940656095,1.00097331124093,3232.26715729566,4883.32415107826
"800","m[69]",2.35719396231427,1.8669849,1.69677268980178,1.311138459015,0.536022569,5.94860115499999,1.00068496679154,6299.05933121096,4753.91972557367
"801","m[70]",2.34142269161128,1.83497425,1.8001947991662,1.495003068363,0.391515959,6.046200965,1.00116053357669,4729.02114297456,3950.03906635415
"802","m[71]",2.00514184404,1.53970325,1.47173852544688,0.870710512707,0.6613697135,5.173218795,1.00017980993395,7215.70904624746,4715.25742079555
"803","m[72]",1.09827243907279,0.663008645,1.28594513259522,0.65051513877,0.0569811053,3.69079281,1.00293581613087,1734.22058495691,3974.19211179623
"804","m[73]",0.995452474726739,0.50640864,1.30938415591428,0.56924441826,0.0240211002,3.73654035999999,1.00189897607587,1338.55930470577,5302.32492932335
"805","m[74]",0.923988980166921,0.38425671,1.33706799382321,0.4567651293534,0.01587584195,3.81698094,1.00455496154922,1052.39098075835,5139.22218213218
"806","m[75]",2.47728807641988,1.9746097,1.71402159785364,1.32922258371,0.6621977335,6.08829364,1.00071249909174,6682.57616896471,5035.31170952765
"807","m[76]",0.867751036970681,0.399802615,1.24833252072898,0.4854708146841,0.01234201055,3.31962615,1.00259146426984,1116.50361781952,5086.20253131514
"808","m[77]",2.33901576487996,1.9273861,1.8355541421149,1.602473940249,0.205723739,6.1632429,1.00117805535756,3269.52416132977,3533.64426861859
"809","m[78]",3.36026417745249,3.20241365,2.01617603118948,1.88601160524,0.153156029,7.07797743499999,1.00165068915276,1827.85789186994,1116.83895065705
"810","m[79]",0.697103374935839,0.2243108,1.20526218595851,0.2926419980211,0.00566603696,3.16366602,1.00451525054928,952.482609533732,4380.45617905333
"811","m[80]",0.973655978265308,0.52723019,1.30208612985013,0.580038198453,0.0219597973,3.585433225,1.00257166127161,1419.25517120173,5262.86095081926
"812","m[81]",0.682986262046873,0.222367885,1.14945275313898,0.2943077962314,0.004936622525,3.04876488,1.00359972968327,922.724602615661,4747.63129936447
"813","m[82]",1.05594647873609,0.52791372,1.37958995757692,0.563053310463,0.0314221424,3.96088773499999,1.00169843221285,1233.49668643676,3633.94323454226
"814","m[83]",2.13139393658024,1.67147015,1.87582560143896,1.661397067722,0.0710863044,5.96553628,1.0010540197304,4072.49928829626,4889.79677196121
"815","m[84]",1.44317087595352,0.92289926,1.47419795386568,0.846600397377,0.1562818485,4.58320558,1.00096003564457,2477.45778163818,3951.39007942498
"816","m[85]",1.60373846380226,1.04171605,1.53506763303417,0.853533301845,0.2691956975,4.89224141499999,1.00196163200994,2444.1036339996,4439.5702170234
"817","m[86]",0.935684077184609,0.33226515,1.42272594074297,0.4267561177908,0.0101062366,3.992629405,1.00312687075236,1059.68569783119,5320.95374755213
"818","m[87]",0.650118176312964,0.3253245,0.916709592074773,0.3689881588491,0.0133953836,2.411352495,1.0039556524378,948.51761490543,3228.80467175193
"819","m[88]",1.17416708306081,0.672501445,1.38123801495685,0.639789825045,0.07194943025,4.03156757,1.00144623993108,1911.47727801765,4909.2004537371
"820","m[89]",0.67139614827052,0.33999133,1.00287360032893,0.3798002254305,0.0137172838,2.519068575,1.00340825863381,1173.76852950304,3122.24730204959
"821","m[90]",1.62577923182121,1.10937265,1.62935385978759,1.098157127571,0.0813901912,5.000893355,1.00206904585896,2659.41747909018,5185.42218104914
"822","m[91]",0.445393449320752,0.159727665,0.79634301589022,0.206825272311,0.00343182431,1.86206367,1.00293171935572,797.078397759714,2079.54051134035
"823","m[92]",0.562016492827758,0.16035033,1.04262633719089,0.213193009659,0.00278081058,2.71121347499999,1.00456607440058,785.980063127086,3339.52824933236
"824","m[93]",0.758947349736599,0.303999295,1.17004926217826,0.3740531696769,0.009480487725,3.136359305,1.00434995107983,995.266732210282,4517.25030906102
"825","m[94]",1.82822672997272,1.33361055,1.54925633839478,0.936949122165,0.369048643,5.05021347,1.00111965324265,4343.10981653528,3751.42304812945
"826","m[95]",3.583463039245,3.1840002,1.6375749313112,1.39551808053,1.65975725,6.89901202,1.00015728524753,4645.56840072126,5024.70448429723
"827","m[96]",1.31545598050232,0.84682681,1.46239668479917,0.84923913627,0.0437506562,4.38712511,1.00079244472575,2643.57432632845,5177.01730195687
"828","m[97]",1.2348954219001,0.86383569,1.24435587824162,0.593367232059,0.2489230325,3.565519745,1.00227123871674,3197.72294479929,3767.13293777473
"829","m[98]",3.53624320861875,3.12694625,1.72819919988916,1.50695355825,1.481272155,7.06671642,1.00102229585801,5315.0784662328,5495.87647742049
"830","m[99]",0.49086914774962,0.171349865,0.898492939512137,0.219388980384,0.004219474755,2.087928385,1.00480371218684,802.25539499959,2768.49939363569
"831","m[100]",1.15973654330276,0.704017535,1.34698155498873,0.683907953547,0.0586061556,3.90756118499999,1.00201019474237,1665.0278543956,5008.70581056444
"832","m[101]",1.94508678469586,1.47212895,1.54831954749144,0.996989551824,0.4270955335,5.210453575,1.00077741813895,6394.34895737677,5090.73971149271
"833","m[102]",0.947923597784944,0.404135665,1.36513037255119,0.5197818622038,0.01031949295,3.76368294,1.00095301198064,1283.72686310925,5025.95446005341
"834","m[103]",2.65459478554045,2.1998232,1.72956123856984,1.39750446801,0.7280187655,6.239984205,0.999992486054842,6107.68431691431,5298.62839786263
"835","m[104]",1.29405173484507,0.75919456,1.47929857538378,0.845937912393,0.0401588698,4.37399635999999,1.00145843904092,2272.22685859291,5105.69211192754
"836","m[105]",1.5971684716678,1.11202415,1.46912640783472,0.775905470382,0.321625025,4.736001645,1.00202974215051,3171.59185278579,4318.61339092907
"837","m[106]",0.526705277031214,0.129395945,1.04329078461251,0.1728939357012,0.00241614883,2.655515735,1.00521754111193,689.778727555362,2200.57498207035
"838","m[107]",0.82107924159458,0.433054195,1.13516200919453,0.444978727704,0.030669216,3.03739276,1.00215975078006,1327.99841844379,4668.06453775373
"839","m[108]",2.12309627708462,1.603653,1.63858315078266,1.083333040125,0.5229513945,5.62097094499999,1.00064920169056,5652.49746988493,4838.51460260641
"840","m[109]",2.75912805121656,2.33660635,1.80325587120401,1.52019443646,0.555158311,6.51355210499999,1.00005884079274,5296.7077531507,3445.6361446202
"841","m[110]",0.86667881217439,0.54935208,1.06318161150614,0.48399736455,0.0562563343,2.822433715,1.00208994802968,1605.03050004714,4000.13072480892
"842","m[111]",1.38641978819182,0.66104678,1.73651017986824,0.8758142675793,0.014456302,5.14984138,1.00260408989001,1782.40996161092,4722.01835128473
"843","m[112]",1.62992234022488,1.0827397,1.72168796910025,1.244333236902,0.0340993599,5.33254719,1.00122384460053,3512.27001877837,5734.39357092736
"844","m[113]",2.7307162602675,2.27488825,1.69301250502476,1.31051521104,0.884997822,6.28242278499999,1.00132697117257,5488.98899612376,5707.13889303082
"845","m[114]",1.57788264019822,1.0384972,1.53659705961419,0.864530494758,0.2411945285,4.899557055,1.00074226140908,3832.33633157867,4284.33845082162
"846","m[115]",0.83720950753086,0.427422865,1.13338972338653,0.452134822776,0.02661300055,3.147974145,1.00141793929483,1209.5457329249,4224.44271556677
"847","m[116]",0.700301362088469,0.399047405,0.880766363955852,0.421889189736,0.02083667235,2.402893325,1.00276837569497,1073.52459227192,4234.31173473594
"848","m[117]",1.20826467319498,0.675391215,1.4475552563149,0.723528748383,0.04827281685,4.2139287,1.00158254079818,1837.22581867966,4489.42974120785
"849","m[118]",0.653271534374869,0.25935834,1.07023018076883,0.3214565121222,0.007196874445,2.688427405,1.00485599998617,902.087982082306,3664.79637435702
"850","m[119]",0.850239505860989,0.4651245,1.11782387629367,0.508821781734,0.0206502581,3.047005125,1.0010219176641,1395.06098388479,4990.79523671839
"851","m[120]",1.76877051349212,1.3081321,1.43900565732859,0.793412389245,0.48686613,4.927632315,1.00080796274041,7631.13975525789,4808.09959622005
"852","m[121]",0.430794867058261,0.048816359,0.98873312457523,0.06642907218591,0.0009622635755,2.36435978,1.00486214140705,592.238191971725,2133.09581085247
"853","m[122]",0.608805372082234,0.168696665,1.12270802628813,0.2239900456416,0.0033188527,2.82253699,1.00322364681176,799.988036402735,3507.67413724317
"854","m[123]",0.703416351124292,0.2362029,1.17419273340366,0.3149749837416,0.00446746734,3.13752213,1.00290047597083,1028.7415692666,3922.82907200455
"855","m[124]",2.10401819556591,1.5735229,1.63254602568205,1.047276979077,0.555924707,5.604164105,1.00195457196215,5803.22526286124,4824.32990650981
"856","m[125]",1.2586339718709,0.73672682,1.43659173164812,0.699015499287,0.09839785165,4.356527135,1.00179864392672,2084.60188909907,5403.98607468676
"857","m[126]",0.490863704222873,0.151408505,0.949550189463325,0.1943505402531,0.003517351265,2.150909185,1.00442950141224,798.888526827536,2400.70162487836
"858","m[127]",2.5132667532325,2.01458485,1.72795672509609,1.38946217844,0.64514476,6.079736825,1.00013100444236,6230.65396925217,5291.99633972486
"859","m[128]",0.623523407002542,0.243776265,1.05902850160793,0.3128999879313,0.00589534918,2.5640828,1.00261263514994,992.449360955525,3556.64713989757
"860","m[129]",1.21302317369374,0.798170135,1.3705656673693,0.749299805667,0.049167625,4.01903162,1.00157302344485,1989.29638159611,5069.03452454365
"861","m[130]",1.298518986735,0.63268775,1.62783371002323,0.8122653784392,0.01472652285,4.734129065,1.00308861210839,1733.32818641215,4474.83498066898
"862","m[131]",0.718282466569359,0.267287015,1.17787738496625,0.3091913477982,0.01095466655,3.08531696,1.0023345283231,977.504611101829,4452.27487109357
"863","m[132]",1.40966965187262,0.93495053,1.40109083397607,0.753068396955,0.1896960385,4.34030199999999,1.00095612400636,3015.93175087652,4823.34780695187
"864","m[133]",1.19742230873823,0.6711228,1.45753060878917,0.73383021642,0.036227486,4.317716745,1.00239313615484,1769.10525959946,3917.99565487505
"865","m[134]",0.574278720053499,0.22761161,0.973065489938978,0.2747610984972,0.00731952114,2.394476675,1.00402355564958,839.725202193014,2706.74911703864
"866","m[135]",1.05751131210853,0.57154689,1.35284888608785,0.673958098926,0.0190671851,3.891855705,1.00166496146004,1619.21720764922,5767.47359118716
"867","m[136]",1.5037906373496,0.97627152,1.50441516584198,0.830642165409,0.216818847,4.71991505,1.00125990558146,3674.12569105513,4516.69552483652
"868","m[137]",1.24342502423151,0.656494335,1.53458815135346,0.734530085163,0.0352531319,4.60886418,1.00241790547916,1714.4719429199,5267.60978581694
"869","m[138]",0.435936723455069,0.082150794,0.962642047455232,0.11086123086108,0.00175976297,2.09911307,1.005324472399,633.524798154517,2463.73169050231
"870","m[139]",0.885203344404332,0.364286645,1.2906886559295,0.4718271288801,0.00948315319,3.67003875,1.0021264760854,1118.97273609366,4335.12157125822
"871","m[140]",0.56291654442419,0.14168149,1.06464866928097,0.1904010977106,0.00304559334,2.708873485,1.00556467111673,764.453025964394,3402.67047368989
"872","m[141]",1.80444549354243,1.2879223,1.57482009760028,0.992832534162,0.2898277695,5.16764872499999,1.00051871647924,4395.58045527168,4583.93605542993
"873","m[142]",1.9107616298851,1.34807955,1.9268792771164,1.739993415048,0.0429021446,5.78286943,1.00428299871768,1167.47639327662,4564.56188289568
"874","m[143]",2.54835391649665,2.0837814,1.75798008844004,1.40861195895,0.556905827,6.16186742,1.00088347617624,5732.1261157967,4479.66911214952
"875","m[144]",2.37435499861215,1.89285465,1.7890964914069,1.456665560196,0.391423417,6.00184357999999,1.00045794071514,5504.4541238699,4358.95164569208
"876","m[145]",0.540560169480089,0.19791902,0.940374947752556,0.2558831104431,0.004911263045,2.30746355,1.0041105042181,850.267482053792,2169.32935957294
"877","m[146]",2.81857650289125,2.3800776,1.73753311209768,1.48263180177,0.841653354,6.32108635,1.00079964260156,6965.6083244983,5833.11672164223
"878","m[147]",1.54962891871678,1.0088872,1.58725431461115,1.001158778697,0.1019527935,4.96017826499999,1.00368720064147,2002.95201499764,4323.68935168171
"879","m[148]",1.11232936197717,0.75598847,1.18812643425187,0.604276669878,0.1183207235,3.288665295,1.00160021001588,1928.56612062591,3635.85696732371
"880","m[149]",3.02651791705,2.6017021,1.70767323770129,1.45055441643,1.071021925,6.508662675,1.00132516994146,5757.35108243762,5781.22761779994
"881","m[150]",1.24724456184265,0.58913565,1.55684156593896,0.644185719219,0.0577988723,4.724328305,1.00354956031652,1304.02658946154,4248.42615235557
"882","m[151]",1.37426211193789,0.883199545,1.42528793966904,0.725998908243,0.2011224915,4.39381543,1.00217061405924,2868.12113515269,5043.88222861351
"883","m[152]",2.40119099785713,1.88690315,1.74559335555341,1.31384609433,0.5732429265,6.079598955,1.00035365980336,4296.71127156214,4901.33518208736
"884","m[153]",1.48426848775469,1.03866425,1.36504496699791,0.717577199094,0.3191049815,4.32605882,1.00113912702476,3894.61807310929,5101.89149708557
"885","m[154]",1.06205146254542,0.53071479,1.40563671916605,0.612338025684,0.0213107798,4.13593636499999,1.00380511576395,1448.47422897358,4559.10709261399
"886","m[155]",0.763137806326514,0.305140555,1.19512356544689,0.386081731056,0.00815475359,3.23582064,1.00301428804398,1049.30312953924,4080.02656497673
"887","m[156]",1.07061396598593,0.508023675,1.45542480621612,0.655604356008,0.0100117354,4.1909343,1.00104434666023,1932.37220461917,4225.38400373961
"888","m[157]",1.45538030078996,1.1779869,1.14707923767347,0.700495793844,0.3460914065,3.47492668499999,1.00108250763257,4022.80599635036,4122.35169006075
"889","m[158]",1.01065082403009,0.451788035,1.40346620871284,0.5457907203735,0.01648084635,3.960644595,1.00338089687382,1120.9079187125,4662.24869503003
"890","m[159]",2.50476346541125,2.0301831,1.56252631837605,1.07155078086,0.94473411,5.856351645,1.0006130365509,8283.44207239527,5902.84523756179
"891","m[160]",1.05232338692316,0.588940185,1.31225788405117,0.561090614931,0.0624883861,3.89557255499999,1.00290318872389,1418.40728851989,4357.70832278614
"892","m[161]",0.925509259800189,0.69618703,0.90467690017155,0.445987466505,0.1509749835,2.45426051499999,1.00113786740805,2409.85643094004,3516.97833319177
"893","m[162]",0.948093230097857,0.43775013,1.30892654536513,0.497370231225,0.0248571744,3.62227304999999,1.00099514022031,1344.53069729458,4249.71662987058
"894","m[163]",0.543580098892102,0.302355195,0.763101514445653,0.333439764504,0.01105961975,1.89052476999999,1.00445016744593,1048.92150291795,2152.19148804126
"895","m[164]",1.09988704470266,0.633110365,1.34902034038749,0.726084802674,0.02332687835,3.86028584,1.00252481411281,1748.10536167721,5141.39347582942
"896","m[165]",0.831636415870328,0.444963085,1.14369888042238,0.491562946329,0.0171255719,3.0870612,1.00326392407068,1298.78704393042,4592.96842719125
"897","m[166]",0.729755885324394,0.25445556,1.20262869290282,0.3247111897722,0.006505049435,3.26208508999999,1.00261870285999,835.168015815905,4340.16388503624
"898","m[167]",0.839016665473745,0.351021385,1.26423422155891,0.4481500476516,0.00892264551,3.35560231,1.00368120391296,1336.99208668981,4679.59784296491
"899","m[168]",0.665160754097054,0.158308075,1.23173576677555,0.2083811209053,0.00379490653,3.15708317499998,1.00394916065704,774.669313664172,4273.60221549499
"900","m[169]",1.69723509257245,1.1646334,1.62690573154603,1.044040055562,0.154470976,5.26190799,1.00035454652105,5022.41517013187,4428.2489929998
"901","m[170]",1.29448139033854,0.609091435,1.65102219392637,0.7954655470986,0.01398298115,4.85703989,1.00218233180214,1848.74881115775,4672.59004594769
"902","m[171]",3.664850441325,3.3341045,1.74390834548508,1.61014830039,1.438482545,7.04539483499999,1.00033607093828,6126.75308512528,5302.30960002277
"903","m[172]",0.699195542345824,0.29164431,1.10773076972424,0.3658952469438,0.00745026417,2.911366705,1.0021514636552,1034.6570452594,4009.56739915443
"904","m[173]",0.408209585775989,0.055890113,0.943908606486973,0.07669999414098,0.0009731581865,2.18843425999999,1.00616540133504,648.310896081954,1975.83127966001
"905","m[174]",2.06119573844494,1.55207085,1.61951739536825,1.086785511441,0.493762807,5.48494980999998,1.00027235008256,5835.77904911178,5186.09327612361
"906","m[175]",0.578251724198595,0.198212915,1.01383098844483,0.2603002369317,0.004451468965,2.477196855,1.00398155819285,832.291327129528,3185.55059534138
"907","m[176]",0.613336509959221,0.33150327,0.87258344181439,0.341587518825,0.0210148348,2.06803913,1.00169602868096,1109.61553188072,3244.70750907458
"908","m[177]",1.31285920735011,0.94891,1.25056173047836,0.683436701724,0.1886991095,3.752025275,1.00119058736951,4415.85234279256,5140.84798210601
"909","m[178]",0.738230279342401,0.37612299,1.06360954475707,0.4190772764913,0.014933344,2.74711903,1.00277863816481,1150.55324094916,4278.74983222972
"910","m[179]",1.14765859299224,0.801322945,1.17158426814582,0.669247396881,0.1007960685,3.49381051,1.0009267011643,2165.17073075715,4347.51546230458
"911","m[180]",0.59201480102221,0.17906391,1.06507007209601,0.2376174621345,0.00384423199,2.68588994,1.00262885694061,845.969481594282,4111.25512632887
"912","m[181]",1.36264071694578,0.86052969,1.52898136598081,0.897338957571,0.039662007,4.64356904999999,1.00102841835156,3260.50218549343,4626.06233579371
"913","bias[1]",0.0631278890201671,0.019849518,0.102891847150181,0.02729610612351,0.0003593985185,0.297345118999999,1.00018757197157,4232.16442241413,4074.50579368911
"914","bias[2]",0.47819612968125,0.50941346,0.172092506673475,0.190987657266,0.1600925165,0.7024495695,1.00054388242576,6056.14233994447,5756.52121998074
"915","bias[3]",0.35958682364775,0.373775765,0.116744575515013,0.126373102674,0.145575719,0.5225623695,1.00152531886783,6281.9682036633,6363.2350785705
"916","bias[4]",0.000767854444491812,0.000339998005,0.00139715805851625,0.0003741400337283,3.47961835e-05,0.002858045995,0.999895218287205,8519.64904565504,6198.99382721487
"917","bias[5]",0.0149538921543625,0.0095402656,0.0172763478405336,0.00862561646436,0.001706052925,0.0463442193,1.00095722233184,9222.77161094402,5631.87553250661
"918","bias[6]",0.0345528690241155,0.017901641,0.0488711874171518,0.01916702574255,0.00205993504,0.121471689,1.00034449209669,5917.49153859145,4768.49558713992
"919","bias[7]",0.57032039717275,0.618118955,0.218012895959459,0.240597988512,0.1615311105,0.842527207,1.00110101881136,6322.1534909729,6022.96255771778
"920","bias[8]",0.184897895751454,0.13947147,0.150755094990336,0.1373447296326,0.0156523573,0.4985166455,1.00061734442173,5630.43859137246,5053.71534178653
"921","bias[9]",0.510977763848525,0.534416365,0.194173538832883,0.230973431157,0.1602435255,0.7751390385,1.00037740109869,7095.2267099255,6408.57204903033
"922","bias[10]",0.471431742777131,0.48491791,0.238969270888436,0.307222837509,0.0763244802,0.8154618265,1.00058847020968,6429.98189927243,5866.1339112923
"923","bias[11]",0.592840017257,0.629905315,0.159541506826034,0.156468615051,0.2766836105,0.7848076415,1.00006799594292,6850.57728177766,6773.11884973573
"924","bias[12]",0.7604821265325,0.764374695,0.0464335076917756,0.044971364802,0.676826512,0.8307273495,1.00093712226768,9385.79828879049,6562.71038622714
"925","bias[13]",0.548006694902875,0.563345715,0.183233093629266,0.210926351475,0.222600862,0.811245015,1.00032483917483,7357.4760026982,6213.89249449376
"926","bias[14]",0.390261737799988,0.38175426,0.219436884798018,0.276943475319,0.0551981747,0.739151828,1.00013058344024,6439.87113623531,6033.16366747553
"927","bias[15]",0.85333828173125,0.853649025,0.0353301708904783,0.0348334571970001,0.794366295,0.91147117,0.999934235670087,11835.4413099132,6771.52965357489
"928","bias[16]",0.706567376865,0.72987707,0.115252849639968,0.112985965974,0.4850271315,0.8517512365,1.00033555850778,7383.77350996803,6753.95804557392
"929","bias[17]",0.45816014256125,0.461344215,0.0524967452440059,0.051209886147,0.365881041,0.538230068,1.00156547622634,11480.9352168853,6154.52325150894
"930","bias[18]",0.49189421806125,0.49743433,0.0596174316132132,0.057436428084,0.386116111,0.580959042,0.999935427849694,9561.72584644943,5970.85229828544
"931","bias[19]",0.380716771534,0.392070905,0.176346499006477,0.217069030143,0.08655174395,0.6381900265,1.00005254489457,6637.02916236794,6714.61439258401
"932","bias[20]",0.35281182945575,0.355246635,0.0805951340262369,0.087984644958,0.217245732,0.480075472,1.00078136342122,7835.25313198587,6357.99099972455
"933","bias[21]",0.0998870718133014,0.045296345,0.128872581819342,0.05756306369583,0.002063452085,0.4033730825,1.00167473138884,4540.21872987438,3999.11813832667
"934","bias[22]",0.412113432934625,0.43968611,0.123459410928,0.122898081012,0.173987425,0.5715168875,1.00032475318817,5733.3727799819,5023.00337545118
"935","bias[23]",0.38692487516,0.392865235,0.0629292115780343,0.0620381886809999,0.273440846,0.4804803725,1.00057738175384,8341.5448686911,6196.22752999847
"936","bias[24]",0.4573016126175,0.4648524,0.0654594317795113,0.059922800175,0.334695212,0.54937519,1.00192221743155,8455.01683853155,5187.05604784491
"937","bias[25]",0.237069891909193,0.162713255,0.22601310164275,0.1945693156743,0.004860847695,0.7155664365,1.00109923116479,7912.646347976,4935.32763043679
"938","bias[26]",0.49687193639125,0.49728513,0.0419061382118033,0.042832558629,0.427919064,0.565272748,0.999883289362595,15108.7689491886,5345.90594245375
"939","bias[27]",0.383278597922125,0.396983555,0.0811394013094794,0.074084654679,0.225329938,0.4929768105,1.00015083611981,7152.73142157324,4997.31510536267
"940","bias[28]",0.274376277166625,0.266191355,0.0911810273283984,0.091685103363,0.139077837,0.437451398,1.00069119224547,10962.4296555651,6381.97253867049
"941","bias[29]",0.261843169977874,0.209200245,0.208113706458201,0.2258911613826,0.0109751597,0.6519373405,0.999953547078253,6932.77896692739,6362.10055146628
"942","bias[30]",0.073645018434351,0.028976704,0.112101664210623,0.03814446052599,0.000825036776,0.3107378975,1.00044353056414,4935.61231260021,5139.08229911083
"943","bias[31]",0.3457361281475,0.34558203,0.0414831854059981,0.041069094885,0.279499057,0.4148462745,1.00122600655738,15168.0164441277,6131.58039486326
"944","bias[32]",0.6614064916925,0.667265145,0.0624360577579933,0.064552300218,0.5521403085,0.7547777975,1.00035754905334,9827.56208080081,6446.72330347373
"945","bias[33]",0.47415035176875,0.486152195,0.0727185048141815,0.0645908552310001,0.331399596,0.57337301,0.999970147862999,7542.29006912773,4787.69570565974
"946","bias[34]",0.537741627081962,0.544861365,0.266174662953997,0.33229906689,0.1017805925,0.946044097,1.00036985176176,10520.0994360678,5883.91558382734
"947","bias[35]",0.522170933325,0.527055595,0.0554128491859676,0.053463037845,0.4231898795,0.6051910145,1.00054660427978,12220.4942828806,6100.68407287702
"948","bias[36]",0.345246696182104,0.36115125,0.16610775631459,0.202029298527,0.0589691696,0.5787976525,1.00106542070729,6128.55802540159,5108.75334118522
"949","bias[37]",0.47727162165275,0.50191325,0.141634971564641,0.150745608552,0.2120395725,0.6641387255,1.00019675245271,7446.81098601318,6435.75987030323
"950","bias[38]",0.230790745535038,0.19024915,0.160364153588928,0.1487952312021,0.0397268536,0.5662377325,1.00090084585609,4694.38245097913,4507.85481630874
"951","bias[39]",0.0570965624788875,0.042680903,0.0495217266443941,0.0324864146649,0.0103312401,0.15600718,1.00005978920067,7104.04690595998,4702.0888775315
"952","bias[40]",0.379994627079875,0.39104462,0.0762948853828319,0.074791454577,0.240211875,0.487236846,1.00016421045536,7414.19593218129,5468.40365248358
"953","bias[41]",0.61334403727375,0.632708335,0.0940904938594593,0.084347026554,0.430850824,0.7331020485,1.0003084593667,7044.39000456286,5545.46181159896
"954","bias[42]",0.293807832235625,0.27681436,0.145276905840285,0.162535947987,0.08237329155,0.553983447,1.00017603307283,6517.73648967158,5880.33073420033
"955","bias[43]",0.323218535698375,0.31225722,0.118548437180275,0.125528784213,0.1437962215,0.53466977,1.00041429517963,9064.63236490205,5795.99997619228
"956","bias[44]",0.38542859099695,0.41606199,0.148705074695405,0.156222859275,0.100666986,0.579466104,1.00030432212536,4925.0505741033,4693.93924596153
"957","bias[45]",0.539401360534375,0.56133449,0.101424120576315,0.092331605919,0.3411416755,0.6692190345,1.00075245686752,6769.51966973194,5338.18156035105
"958","bias[46]",0.57557171392875,0.586623765,0.0712129157938907,0.0621714447690001,0.4383690755,0.671169351,1.00040926948495,8599.59779812975,5706.19746738288
"959","bias[47]",0.401018190436369,0.39971119,0.217701818973498,0.280384797483,0.0577797598,0.7275786235,1.00049178055566,6533.30870689212,5991.2644709879
"960","bias[48]",0.507371297727788,0.54467526,0.142537043413776,0.132543417006,0.2249780545,0.679819762,1.00075102731232,5882.31757271142,5756.34387697661
"961","bias[49]",0.463369127379,0.491480215,0.124759370410678,0.120074914092,0.219080816,0.6234510745,1.00032961191028,6647.36827270448,5800.6918687142
"962","bias[50]",0.268254840379275,0.24179373,0.15664816906149,0.164044552791,0.0582233446,0.568951514,1.00096240090301,7435.43869372173,4837.90512829945
"963","bias[51]",0.126669025445,0.1162418,0.0584922018403713,0.053908084713,0.050163081,0.237798305,1.00040967605087,13362.0771355178,5614.05148325929
"964","bias[52]",0.245323948862375,0.239507235,0.0938414827920608,0.104896937439,0.1019888255,0.4061369945,1.00068889445841,7431.70031852347,6122.51987697073
"965","bias[53]",0.172268398104375,0.124838615,0.149393457371386,0.1340644823217,0.00952405347,0.480818241,1.0007012397883,5809.93574651731,5646.27882223216
"966","bias[54]",0.29887855024625,0.294373885,0.0752663200110347,0.078272124945,0.182815565,0.429734155,1.00023273570424,12118.4654618101,5864.02074038479
"967","bias[55]",0.491355050956387,0.520243685,0.119795309141347,0.103880051751,0.2463248595,0.637223876,1.00132454417947,3284.67473126461,4082.32462736985
"968","bias[56]",0.281244867008096,0.24657424,0.201427828804346,0.2390595411939,0.0189580741,0.640003147,0.999985627372177,6728.06749218537,6071.34665563818
"969","bias[57]",0.283915976636725,0.29169511,0.135595778432617,0.165983882547,0.05955635015,0.484116534,1.00073433521552,5747.73325521464,5682.27408917344
"970","bias[58]",0.335865418540462,0.301163945,0.203857802058927,0.221905538211,0.063737387,0.732916179999999,1.00001102339617,8048.48005289298,4184.6978027708
"971","bias[59]",0.0393357187813125,0.028526059,0.0353934958963334,0.0231732833703,0.0064049562,0.106818057,1.00113395893551,10900.6409387273,5854.31602615297
"972","bias[60]",0.78227024314375,0.794144905,0.135843870763558,0.172451695395,0.557346415,0.9762093205,1.00032140223667,5841.01740210565,5518.24652333382
"973","bias[61]",0.0817919216665,0.0759983365,0.036130199806121,0.0348831724815,0.0339011667,0.1501383125,1.0001303512956,8321.30971893788,5435.1212455576
"974","bias[62]",0.43365501118375,0.430750055,0.062465381160726,0.06426262983,0.334466416,0.5403638105,0.9999670500623,8524.60903068703,6494.052964535
"975","bias[63]",0.262717821054712,0.214140005,0.195939381629163,0.1986349881264,0.02634611255,0.6501158965,1.0004391438013,6710.37958416546,5152.37252291041
"976","bias[64]",0.103455506856306,0.061573865,0.116825968196946,0.066385720443,0.00523403305,0.3590144325,1.00016813359045,6113.67987688181,4986.2255721288
"977","bias[65]",0.69985863873375,0.72530227,0.0988709160903653,0.07750091349,0.498828942,0.81383129,1.00123664261353,6431.31691665131,5709.10045916232
"978","bias[66]",0.42797685950375,0.434982775,0.0733086989700876,0.074572318884,0.297389313,0.5361664,1.00008339354007,8352.87433832567,6323.45349654491
"979","bias[67]",0.139689003679788,0.10885685,0.110787117586286,0.085366047186,0.02307570445,0.365353663,1.00023952953973,8065.49315997849,4465.83397418873
"980","bias[68]",0.58190565323525,0.590890665,0.197410778028142,0.221850600468,0.240784097,0.885244103,1.0006574742587,7667.11085417365,4728.73436158634
"981","bias[69]",0.0424472910574666,0.0153529065,0.0704835292031468,0.01920657861948,0.00088943744,0.182211832,1.00148523390032,4840.7014471055,4664.40497417956
"982","bias[70]",0.0878860852618327,0.034513418,0.128630829176117,0.04539332996016,0.0009319227135,0.3612778105,1.00044901979631,5167.34998213895,5354.68151869963
"983","bias[71]",0.0159866093168188,0.00967120895,0.0194778304149989,0.00913233059676,0.00159641193,0.0517163838,1.00078710868772,9869.46631811787,5421.17324684012
"984","bias[72]",0.349503954870419,0.316473895,0.231400464717681,0.281952409767,0.0314706378,0.747276559,1.00000578375027,6990.00889990172,5604.13011005195
"985","bias[73]",0.2813549428785,0.28143904,0.114766105353715,0.137557073535,0.09359521085,0.4607516345,1.00015100042581,6312.059549549,6287.98400081541
"986","bias[74]",0.530066633102625,0.55532924,0.177093879193478,0.199040028516,0.203657821,0.769496054,1.00020695081272,6687.58630445294,6290.87447669025
"987","bias[75]",0.170115911120875,0.15500359,0.0853256504481685,0.078510438069,0.06123574335,0.3314569245,1.00090336245545,8627.01146337209,5667.42918081184
"988","bias[76]",0.6302413593185,0.68073076,0.178394016055096,0.160323189726,0.263645611,0.82937248,1.00028034121992,6022.17413057497,5631.56097999495
"989","bias[77]",0.0681907236765776,0.0206159065,0.10881455200355,0.0280460899341,0.000532988404,0.3310339115,1.00032591356789,4494.23462506867,4310.52758366294
"990","bias[78]",0.0589338870181327,0.0049337554,0.121951952578993,0.0072721831894425,1.26618965e-05,0.3717841275,1.00187596471049,1261.06791304806,2953.24225017597
"991","bias[79]",0.44414374761345,0.478468475,0.14314136237823,0.138488442855,0.1632063985,0.6241511085,1.00013235540888,5917.9824190045,5264.88130839563
"992","bias[80]",0.290444263336975,0.29427397,0.139047101749641,0.17365085934,0.06304567025,0.498843102,1.00057292160397,6329.41074046752,6479.60764274909
"993","bias[81]",0.129934874251566,0.13315746,0.0717681823264776,0.0866392855335,0.01582044465,0.241992091,1.00091852517836,5840.29767095872,5350.85234234538
"994","bias[82]",0.550736706957625,0.578489985,0.22338850419621,0.263742864525,0.1500355945,0.854628105,0.999962194387681,6925.66893041586,5882.79047492955
"995","bias[83]",0.11218378291546,0.087164863,0.0872169566687,0.0886579292004,0.01021127205,0.274130029,1.00018009395167,4684.47194769246,6002.18374370665
"996","bias[84]",0.230812187241775,0.204694125,0.137416216516554,0.137746520163,0.05393712245,0.500680176,0.999959546407423,6784.99373988649,4742.89000954798
"997","bias[85]",0.168728405877737,0.144864725,0.104909105549024,0.0925400320509,0.04322304395,0.3773445085,0.999795864838266,9683.48852264032,4996.79526363694
"998","bias[86]",0.467154981506375,0.48920276,0.132498101061855,0.138548280591,0.2176654925,0.642061591,1.00002846615802,5886.00795429301,5809.96568683481
"999","bias[87]",0.428091107871216,0.452764165,0.208390473202115,0.257857639347,0.06923404485,0.713634448,1.00062802303645,5669.31272128596,5734.85881362663
"1000","bias[88]",0.401481518863969,0.385334835,0.244971772868349,0.307431809979,0.04019119155,0.802130564,0.999741662132973,7772.69822161924,6103.60091149489
"1001","bias[89]",0.63083824807375,0.62547738,0.0638008924606872,0.063422922255,0.53511354,0.7443716005,0.999993670183556,9321.06127758502,6623.59546259694
"1002","bias[90]",0.282113210182887,0.263926775,0.149483264838472,0.171179654247,0.06707188325,0.542863187,1.00054688441019,6734.91184240305,5731.18611151706
"1003","bias[91]",0.196513090073725,0.204122275,0.0627688969281563,0.062882484903,0.0818035839,0.288564976,1.00007521148195,7044.28334847008,4970.27891890058
"1004","bias[92]",0.4592857251825,0.470621665,0.0707367161698132,0.064077927522,0.3249052365,0.5558557225,1.00093948023681,8057.34596158049,5537.60469695986
"1005","bias[93]",0.3886948565594,0.40927764,0.149635678823948,0.173060717823,0.120401651,0.595156299,1.00058278943636,6747.45205821433,6439.43662349627
"1006","bias[94]",0.328718464841275,0.29256312,0.197722287566459,0.208187714994,0.0680742757,0.7104699435,1.0005020671731,7672.01999627337,4140.10217356372
"1007","bias[95]",0.204400054678375,0.202312435,0.039121867645659,0.038914506435,0.1441231595,0.272911958,1.00075816964271,12574.6663711537,6504.1916085918
"1008","bias[96]",0.46228742691875,0.48789108,0.18663847480263,0.222584769162,0.134542838,0.715506962,1.00031512222353,6766.17547578551,6805.30575296265
"1009","bias[97]",0.103454491965371,0.062280667,0.112205655453236,0.0657040187391,0.006526596985,0.344668803499999,1.00082654268449,5974.57553686293,4242.77678296441
"1010","bias[98]",0.29285405473625,0.291442755,0.0462397838086909,0.04665690309,0.219410396,0.371848671,1.00030105797016,12744.6522140425,6681.49478804361
"1011","bias[99]",0.69338233007125,0.711738565,0.0827877020814118,0.0642612510119999,0.532334901,0.789935016,1.00033429000422,7532.83755130326,4728.90955681538
"1012","bias[100]",0.42623618568345,0.42012483,0.238774893333547,0.301408695588,0.063572414,0.8087986045,1.00044044109027,7340.68999302573,6081.8797792363
"1013","bias[101]",0.237953013878,0.20591945,0.144640972300577,0.135429253428,0.05584989815,0.529482867499999,1.00025076667565,7683.48842218524,5349.38347657417
"1014","bias[102]",0.632868795415,0.654144205,0.0988173706828855,0.0877677776430001,0.4389099625,0.75588732,1.00099699954253,6900.38732411541,5472.00413579729
"1015","bias[103]",0.475819723534537,0.466607625,0.273191392679151,0.34243063638,0.0631758527,0.929898274,1.00069208577995,11496.6194059791,4932.13674989721
"1016","bias[104]",0.5962409968575,0.59495155,0.0509785017698396,0.052312303029,0.5148207215,0.6815605735,0.999752435953056,13203.7109909583,6350.42476087271
"1017","bias[105]",0.09153252037175,0.059354361,0.0933979655005418,0.0580469464554,0.008247598945,0.291898145,1.00048049534765,8012.56119890632,5012.58997701925
"1018","bias[106]",0.335532245873,0.34495582,0.0709564324155866,0.067119978093,0.203151822,0.4352363845,1.00049795410506,8211.25223672912,5041.62321586142
"1019","bias[107]",0.32109681807945,0.30533213,0.189006161776808,0.236342555862,0.04367417245,0.628781437,1.00056143573218,6576.42422519058,6389.85402087672
"1020","bias[108]",0.0526077738329514,0.018639819,0.0857401354232223,0.02479683963792,0.0006072399615,0.224104493,1.00026650907513,6179.14504495755,5474.74035166659
"1021","bias[109]",0.295941538279475,0.248717005,0.205136924337504,0.205586263491,0.04550063435,0.7106641715,1.0003617037686,5599.60179832323,3676.54064530515
"1022","bias[110]",0.146893061106426,0.112569465,0.123393854424821,0.1228708649238,0.00747413596,0.3917670805,0.99990843863689,5820.82463281156,6164.31089610586
"1023","bias[111]",0.7403353725775,0.767356465,0.101694701074528,0.08466468843,0.5360296425,0.8571854925,1.00013489702498,6356.46374159028,6317.45972759569
"1024","bias[112]",0.8417171403975,0.843519435,0.031107364679072,0.031024954317,0.7877085965,0.8895885025,1.00019087450471,14664.9010178096,6779.55110657984
"1025","bias[113]",0.55328830361,0.55375475,0.0444255953213042,0.044230138932,0.480624432,0.625256058,1.00024330433351,14836.5318663657,6139.41606084587
"1026","bias[114]",0.0792987603830875,0.060221702,0.0628411483650922,0.0460948093998,0.0142154951,0.208891067,1.00010383980744,7366.34016162556,4915.99795612054
"1027","bias[115]",0.491088583095,0.48525494,0.0564173634472095,0.051760983393,0.409344921,0.5947340055,1.00066638182379,4750.81525609039,5405.08958981751
"1028","bias[116]",0.394489274154803,0.39676879,0.227235257172331,0.300520818339,0.0411755149,0.7346651115,1.00172971592787,7295.02906255937,6006.91313423133
"1029","bias[117]",0.195802304467471,0.14939379,0.165739952575746,0.1677249456876,0.00808491503,0.522063517,0.999875377040667,6515.50527862281,6125.0748791009
"1030","bias[118]",0.409586581815413,0.43696385,0.171723133092926,0.19518688455,0.0974942986,0.6390459685,1.00044668696459,5962.73750741952,5350.25934219755
"1031","bias[119]",0.382439971431375,0.39796448,0.153339040209582,0.183400340571,0.116815161,0.5987451755,1.00049983182566,5981.11616252212,6332.57662274171
"1032","bias[120]",0.051742969760925,0.034017109,0.0538077224241759,0.030991039842,0.00611675256,0.1567223615,1.0001716192647,7967.09413483742,5457.29401020931
"1033","bias[121]",0.582327741945,0.583058115,0.0417892252744495,0.042950529111,0.512295662,0.6502639495,1.00087251408476,16221.6089099321,6197.58188133267
"1034","bias[122]",0.67521023663725,0.701825835,0.104989809762914,0.080723700414,0.459282651,0.794106758,1.00054576128341,5994.59002291681,4958.05083709881
"1035","bias[123]",0.68408088674875,0.68441534,0.0407562625259403,0.041060933172,0.616388087,0.7504028335,1.00026706845823,14161.6895866535,6204.0010579361
"1036","bias[124]",0.0440639154639038,0.030681412,0.043449509207299,0.0259030301817,0.006344215545,0.126300559,1.00073288643925,8427.75522446651,5240.86605642393
"1037","bias[125]",0.45644098965025,0.447294695,0.220155468359055,0.257460962304,0.1121500055,0.824589733,1.00045806072838,8244.32799762363,5878.68369281522
"1038","bias[126]",0.552294180733125,0.58838148,0.13084245785789,0.109124059842,0.2806868165,0.7040055965,0.999981889258779,5796.95777238928,4731.4279129682
"1039","bias[127]",0.0474561585095875,0.043757383,0.0221273761807727,0.0199344428535,0.0187215475,0.0893456223999999,1.00063294450801,10763.5371381887,5711.6723142729
"1040","bias[128]",0.100700411973325,0.102454785,0.0395367341161527,0.041006210406,0.03256065795,0.163345877,1.00024984523188,7509.83047328951,5679.28047558742
"1041","bias[129]",0.5336032146925,0.54631591,0.106470338341154,0.114768785061,0.34172027,0.6845777455,1.00032899862193,7454.88118019267,6165.42772568223
"1042","bias[130]",0.49796139678925,0.5244304,0.15013243196123,0.164468435544,0.2200625435,0.695426328,1.00146856179709,5446.93766102871,6357.45307931483
"1043","bias[131]",0.496225962559762,0.52599686,0.190894061734994,0.220275982899,0.151791915,0.753831053,1.00027904880128,6124.49342745204,6089.32997559004
"1044","bias[132]",0.294364266394977,0.246460095,0.219329259146187,0.231173033595,0.02489493255,0.7271279805,0.999930788951256,6951.48885338448,4972.32312651527
"1045","bias[133]",0.422258468827854,0.4248912,0.226604329570486,0.294886879035,0.06261888485,0.7574241325,1.00037853211608,6355.50214471544,6713.47522132164
"1046","bias[134]",0.351088059790096,0.371027125,0.146941524204073,0.168183823731,0.08722741905,0.5552704435,1.00037684958945,5977.56254338774,5933.11198942696
"1047","bias[135]",0.3490234348733,0.371363255,0.133317654773789,0.146988692739,0.105238142,0.5275250275,1.00045885492697,5700.83477419198,5989.85693746929
"1048","bias[136]",0.234519219951625,0.213104515,0.118865687339428,0.115921736364,0.0773737046,0.4655098555,1.00012003414845,8509.46421730315,4965.57576528595
"1049","bias[137]",0.353179251047052,0.342657125,0.219158961112843,0.283347099,0.0294809944,0.701529906,1.00118262095544,6469.16580747413,6037.73800244278
"1050","bias[138]",0.41706636949125,0.41670763,0.040013905235825,0.039569400507,0.352764786,0.4834207705,1.00071707805198,17197.2458121773,6029.91690659678
"1051","bias[139]",0.377269922620875,0.405369555,0.138245355178949,0.143522752002,0.1115175735,0.5568418435,1.00089838845585,5464.06964776162,5527.90046272103
"1052","bias[140]",0.58860259330375,0.589254905,0.0419011738207033,0.042097796895,0.519261035,0.6564799325,1.00086405766741,16608.8639211375,5641.27990094859
"1053","bias[141]",0.177543770776712,0.14496297,0.125418782013555,0.107505312684,0.03396583845,0.4405803665,1.0010658996873,8034.88853339671,5263.12506525644
"1054","bias[142]",0.200102742918531,0.1138148,0.210289025106858,0.15581259516669,0.00147133174,0.640127473,1.00101751360885,3433.82438975847,5655.9936143954
"1055","bias[143]",0.229105043618875,0.203519445,0.128764701253059,0.12070061577,0.06733867565,0.47939725,1.00062128031934,6676.70296575982,4611.76833741168
"1056","bias[144]",0.102858257751265,0.0448368385,0.140807111328389,0.05802955763304,0.00171576696,0.4246003295,1.00044652082809,3848.594798388,4913.19834353505
"1057","bias[145]",0.2521481109818,0.26340295,0.0738501658941471,0.069957711558,0.1101024615,0.3555438365,1.00122625721117,6237.48378294862,4724.29821140965
"1058","bias[146]",0.0369405449289375,0.030559554,0.0252387329503074,0.0198710335341,0.009549175305,0.0866627245,1.00042379912225,9266.85483116833,5416.1786216164
"1059","bias[147]",0.339208821767963,0.319893685,0.171249802774357,0.196342482294,0.0913112725,0.6438204605,1.00085242493855,7661.15022041751,5750.96195804073
"1060","bias[148]",0.257637036449784,0.211744705,0.19640857635147,0.2060764229118,0.02082569715,0.6437075315,1.00103203838538,6813.82362684892,4752.088907064
"1061","bias[149]",0.12722178470475,0.11801694,0.0541487720243224,0.0508462866513,0.055867788,0.2291769235,1.00161272768532,12928.3555932401,6234.3484780412
"1062","bias[150]",0.379594600455,0.38035547,0.0654691488209202,0.068829089721,0.272326162,0.4864010765,1.00060883679667,9783.20457317121,6276.73258370771
"1063","bias[151]",0.4099628857215,0.40550793,0.150008724269556,0.16340453661,0.1712196345,0.6694315675,1.00081193825683,8767.35171940431,5168.92959612336
"1064","bias[152]",0.0260674993660935,0.01481968,0.034278789402008,0.01480806580323,0.0020410506,0.0864852012,1.00092385963316,7701.80605536792,5233.18036951774
"1065","bias[153]",0.144515934600462,0.123115255,0.0912458484088742,0.079498235145,0.0371213578,0.3254842735,1.00126971651247,9655.06435002929,4847.84341169688
"1066","bias[154]",0.475539039965125,0.501310015,0.18649960008041,0.218301441393,0.142542295,0.727820676,1.00024690031859,6086.67525719615,6334.52740338232
"1067","bias[155]",0.63985273574375,0.63106856,0.0723796438376276,0.071437516857,0.53486961,0.775853886,1.00063752447557,8553.74269051792,6492.39185540186
"1068","bias[156]",0.78364219528125,0.785208175,0.0341010421586635,0.0344595306509999,0.725203446,0.836726843,1.00093564656897,12565.5237024285,6217.59077091604
"1069","bias[157]",0.0598910470727104,0.0226093915,0.0896789998278663,0.02974167372666,0.0007691973705,0.260680853,1.00112402104093,4394.60571866719,4031.13392424382
"1070","bias[158]",0.679908939712,0.72491542,0.161487585809283,0.146156998617,0.3539501165,0.8632282185,0.999902783938959,5820.99343461805,5995.0039841993
"1071","bias[159]",0.022660791213375,0.0170195425,0.0199132976478062,0.01262999163489,0.004376128305,0.0600519375,1.00015419013426,9084.33843319644,5879.56861293937
"1072","bias[160]",0.391261162958896,0.36674168,0.250773623448021,0.313661702592,0.03508011735,0.811381198,1.00038000425705,7116.86972129437,5630.8776572051
"1073","bias[161]",0.13846485077899,0.103941275,0.116715672876903,0.0995510865888,0.0135851321,0.3889996995,1.00062979317712,5937.14624405352,4774.08996978195
"1074","bias[162]",0.422429599283775,0.428828705,0.199423258982116,0.2482502505,0.0959024261,0.7201974445,1.00049967822583,6524.9024984374,6331.02858809956
"1075","bias[163]",0.239220394377002,0.24622859,0.12353185627899,0.151705666182,0.03541955685,0.4254892865,1.00057172162754,5626.91131341443,5406.64789833227
"1076","bias[164]",0.25801624158665,0.25177428,0.138128649128362,0.175347146478,0.0484610295,0.4764438625,1.00085422943199,6218.63488829577,6062.45068640385
"1077","bias[165]",0.351841297931012,0.364564575,0.14975496624844,0.179806355085,0.09276680515,0.5670000435,1.00042837469192,6470.15867551624,6375.15460698822
"1078","bias[166]",0.40950160663,0.43325408,0.13722363844508,0.146768237532,0.1539825315,0.592105682,0.999985619813926,5537.15985106927,5590.27702496995
"1079","bias[167]",0.6084152227875,0.608332595,0.0425112150780976,0.0418855108139999,0.5385060475,0.6788200095,1.00085483932616,13563.5546626804,6099.55873996963
"1080","bias[168]",0.550952701979875,0.57141594,0.101566469608105,0.09129065022,0.3497808615,0.6803646955,1.000258851725,7072.34468487588,6233.65305179085
"1081","bias[169]",0.383621068460875,0.377980005,0.164670892122892,0.194975569572,0.1270613275,0.6542809785,1.0001363064349,6373.28864693171,5290.16497934738
"1082","bias[170]",0.643935400722125,0.68680461,0.149833149545719,0.131809893243,0.341490668,0.815798532,1.00011555312148,6388.02022185759,6022.66623557213
"1083","bias[171]",0.96398605782875,0.9768939,0.0392905680000044,0.020024195751,0.889970429,0.994881302,1.0001021780211,6714.65178680197,5638.16080587153
"1084","bias[172]",0.200876049644025,0.20706323,0.0986362542091935,0.117189411255,0.0363241759,0.35057898,1.0001051717775,5985.80921818591,6144.31904218701
"1085","bias[173]",0.442792513015,0.44541251,0.0505331758625985,0.048958654416,0.35690973,0.5202535725,1.00067673038463,10477.9158030686,4685.2219833966
"1086","bias[174]",0.0706187768735313,0.0517589105,0.0631039657384993,0.0416359269648,0.01117591235,0.1935451195,1.00052507104477,7832.24284696801,4993.26212000071
"1087","bias[175]",0.6132775538925,0.621698095,0.0654002999931755,0.057223823244,0.492690425,0.7032822935,1.0002876131459,10103.9109772606,6087.22429444764
"1088","bias[176]",0.399511778461584,0.39650061,0.228720891127876,0.296491949208,0.0443356493,0.7501945405,1.00078414090664,7048.82645608362,5834.3681802789
"1089","bias[177]",0.135043400130591,0.0899793375,0.129034520341072,0.0960112716003,0.00814446211,0.4222033895,0.999834768959027,5854.53310302537,5289.93411846639
"1090","bias[178]",0.458784756381625,0.475591305,0.112177874644329,0.120195115887,0.251525351,0.615919435,1.00014061199555,7038.28744700473,6276.81567136292
"1091","bias[179]",0.308269010515936,0.254175255,0.238523102964944,0.2698983573048,0.0150760528,0.751700281,1.00045038940637,6654.81528653317,5165.58240162597
"1092","bias[180]",0.4872204383,0.496002355,0.0672024367273647,0.060072787404,0.3625032865,0.5807991915,1.00141794989579,8895.87564756102,5200.77769735175
"1093","bias[181]",0.30963270371075,0.31356325,0.0992756157556902,0.112959642411,0.144204916,0.463734226,1.00024938401293,5906.77232021691,5762.15394722822
"1094","mu_tau",2.96903063277875,2.87784735,1.00749246438062,0.98685369762,1.494746845,4.770089285,1.01375679418752,308.92686494083,725.526060520495
"1095","mu_m",0.80683860251375,0.694661495,0.453669755012032,0.35902923294,0.303626308,1.655150095,1.01288505416254,340.529743281347,1047.02987359429
"1096","mu_bias",0.2984885211625,0.29804817,0.030982901357152,0.031114206837,0.2483316485,0.350594576,1.00116894990214,1018.87733435067,2104.86916562317
"1097","log_lik[1]",-95.973172698,-95.823641,2.20633130185902,2.30934742710001,-99.8765729,-92.56685805,1.00008037736874,3543.21817173944,3548.30493734134
"1098","log_lik[2]",-91.6104497135,-91.3312725,0.829641337633726,0.520497123299998,-93.2673827,-90.9012414,1.0002694446554,5600.70980981193,6273.8095389013
"1099","log_lik[3]",-102.83697195125,-102.611655,0.693532740184588,0.386402625000017,-104.219846,-102.183653,1.00043013783588,3801.58949020405,5607.87894245764
"1100","log_lik[4]",-67.0775299045,-66.7720255,2.25345616274396,2.09715104339999,-71.2629989,-64.00275495,1.00027163081549,6577.89474713076,6558.72993958303
"1101","log_lik[5]",-77.32116656125,-76.947509,1.919333650488,1.75811674710001,-81.095267,-74.9989279,1.00025813208867,7828.94709114814,5918.71413935168
"1102","log_lik[6]",-92.880352607875,-92.6057375,1.94875593488135,1.92282767670001,-96.41339385,-90.2764936,1.00099501006352,3642.71755120726,4281.84429806311
"1103","log_lik[7]",-64.95335320825,-64.740991,0.84602093630119,0.656743615499992,-66.6319893,-64.04316295,1.00030649823409,7321.62133159974,6480.41123187513
"1104","log_lik[8]",-99.1921431395,-99.083312,1.2119987141181,1.27444073610002,-101.2338915,-97.4253131,1.00023096207379,3338.76004815023,4556.76865861415
"1105","log_lik[9]",-77.542000061875,-77.282026,0.742209915094945,0.428090371800006,-78.98772735,-76.92108115,1.000109134901,4585.71665747958,4899.02969086466
"1106","log_lik[10]",-67.7100505575,-67.438816,0.72276423935426,0.326754661800002,-69.15700255,-67.1669548,1.0006742038065,4103.92054422778,4848.27215939186
"1107","log_lik[11]",-79.451576125,-79.2025265,0.869345881854412,0.640214849400007,-81.1598293,-78.59438475,1.00120659004892,6832.39017857646,5623.30207852772
"1108","log_lik[12]",-73.34687835225,-73.1468045,0.765981041422804,0.514410308999996,-74.8985775,-72.58889175,1.00002300132225,3909.95483127873,5575.90315566033
"1109","log_lik[13]",-69.16720863975,-68.8958225,0.845453882399295,0.470108738400012,-70.78280635,-68.34045,1.00177837236684,3953.67071498112,5229.94966116476
"1110","log_lik[14]",-82.172470250125,-81.977413,0.759834037857214,0.491024517899994,-83.6218449,-81.4559705,1.00021968310702,3479.34971289138,4822.68226471478
"1111","log_lik[15]",-66.3093673655,-66.0216735,0.826643017138404,0.481747148399998,-67.9743476,-65.6228986,1.00009040606618,5859.91356098808,5620.95731002795
"1112","log_lik[16]",-64.411359631375,-64.149421,0.79784158889642,0.490920735899992,-66.04037155,-63.6719579,1.00117635013047,4389.97122113761,5287.45758502206
"1113","log_lik[17]",-103.5025641825,-103.21194,0.940231508939025,0.643937658000004,-105.3718015,-102.6281485,1.00144567456078,5837.11967136908,4617.19992348011
"1114","log_lik[18]",-102.983746695,-102.690515,0.912240516784956,0.622039656000006,-104.7961365,-102.1438385,0.999988280854085,5916.2260749851,5735.02610620958
"1115","log_lik[19]",-96.94024884525,-96.6678575,0.756658945591307,0.358155388500006,-98.3966168,-96.36273565,1.00071132999379,4548.76385291368,5619.17974943924
"1116","log_lik[20]",-101.9128048075,-101.69241,0.845644512862811,0.66948285599999,-103.473732,-101.054862,1.00115016515664,3333.50017122029,4972.80568022849
"1117","log_lik[21]",-97.04626015325,-96.839996,1.95232007394011,2.2617574497,-100.493832,-94.31629775,1.00164689940895,3295.84062361081,4009.63802212291
"1118","log_lik[22]",-101.878031155,-101.62979,0.779130139129371,0.519703191000001,-103.41113,-101.1695655,1.00065740322622,5626.91770055498,5986.92097633405
"1119","log_lik[23]",-102.47831406125,-102.212515,0.830022571980737,0.550074252000002,-104.1181585,-101.7428845,1.00090864183589,6506.59716687937,6341.34599576789
"1120","log_lik[24]",-101.4647536625,-101.1883,0.935125807697665,0.677429592000006,-103.335053,-100.5490435,1.00128604140136,6017.75520970655,5725.97115431701
"1121","log_lik[25]",-47.01434031325,-46.9980855,1.19883247908233,1.1819591133,-48.9874443,-45.121346,1.00037213497828,5341.98749088027,5351.0518011067
"1122","log_lik[26]",-100.404081508625,-100.10636,0.842587888264992,0.461685346499989,-102.084368,-99.72003665,1.00000044273732,3529.18065529425,4043.89066681614
"1123","log_lik[27]",-103.04499949,-102.776125,0.908686668137771,0.654301032000017,-104.8332175,-102.16665,1.00012011839055,6285.95679748576,5715.66554637593
"1124","log_lik[28]",-92.13668824375,-91.90774,1.15269393719059,1.0062206049,-94.39316395,-90.80285535,1.00062695065178,2896.29280994297,4409.51578513473
"1125","log_lik[29]",-90.326295658625,-90.248331,0.960382335962137,0.830252293500002,-91.9520393,-88.9527551,1.00056870496865,4927.63252043987,5686.73675933269
"1126","log_lik[30]",-54.120203102625,-53.922797,1.82376651968588,1.8213533436,-57.46804875,-51.51251625,1.00038897145268,5064.41474561176,4694.6670773742
"1127","log_lik[31]",-97.616670391125,-97.331206,0.992030874286848,0.754346880000012,-99.5706346,-96.6244248,1.00081937500388,4977.33455660028,5542.8070555073
"1128","log_lik[32]",-85.19586859125,-85.008042,0.801786160079393,0.601366281600024,-86.72719205,-84.3748154,1.00047797024375,3789.22323383309,5458.40880378191
"1129","log_lik[33]",-103.28342629625,-103.003355,0.959043943868399,0.737904846000007,-105.2086515,-102.3209725,0.999744545819343,6595.91313825907,5863.3756327508
"1130","log_lik[34]",-0.456739992094853,-0.223459355,0.6290747888622,0.2811873429477,-1.686363095,-0.00829172010000004,0.999930803849967,8063.87091000935,5476.18861855834
"1131","log_lik[35]",-102.612609925,-102.317945,1.04451139098708,0.793576476000001,-104.6568595,-101.570474,1.000294323618,5925.79491411057,5988.89122532844
"1132","log_lik[36]",-101.41756593875,-101.13384,0.741911177833048,0.32332540799999,-102.876139,-100.868722,1.00026963048567,4414.26655234575,4915.72851649984
"1133","log_lik[37]",-96.0026364435,-95.728033,0.809939433903584,0.517991529299993,-97.66623405,-95.3086117,1.00067479575787,6638.98969339473,6511.5146153986
"1134","log_lik[38]",-96.200523113625,-95.9362345,1.42422233575425,1.52421065159999,-98.64766195,-94.3137513,1.00028762166152,3621.34510128484,4659.71224999317
"1135","log_lik[39]",-85.306911012375,-84.939223,1.64865362958969,1.4281100022,-88.5525793,-83.43381655,0.999923329657497,6017.7657142178,5101.3320949628
"1136","log_lik[40]",-102.8029688875,-102.55729,0.840309807305266,0.624982617000003,-104.4353645,-101.9827875,1.00026848468824,5995.05909447891,5646.3773883898
"1137","log_lik[41]",-90.055757045625,-89.785397,0.87637587871553,0.630864832500005,-91.813005,-89.23332055,1.000692263501,6486.65168905161,5869.83328887939
"1138","log_lik[42]",-99.039997648,-98.8632765,0.846358748564242,0.718000199700002,-100.6218335,-98.02082855,1.00110535234249,3682.12566043171,4935.75114510945
"1139","log_lik[43]",-98.407604489125,-98.132248,0.939133451765796,0.700942145399993,-100.202674,-97.44827905,1.00048262312773,3192.48070293894,3713.484057287
"1140","log_lik[44]",-100.97321226125,-100.755475,0.809570045717132,0.614745263999998,-102.565087,-100.1552625,1.00005072482757,7538.75284004672,6340.29118632962
"1141","log_lik[45]",-97.51615277375,-97.24351,0.941613377742231,0.687181393500004,-99.4048981,-96.6063363,1.00035639181631,6892.946383589,5515.03526921789
"1142","log_lik[46]",-98.297297863875,-97.99553,1.06880927375456,0.838686063599999,-100.4173035,-97.20064575,1.00085324881068,6338.66479223302,5492.86708057864
"1143","log_lik[47]",-84.78347172025,-84.521444,0.721624176860834,0.343359040500007,-86.2258883,-84.247314,0.999929207848213,4965.39729554856,5795.91004401192
"1144","log_lik[48]",-95.749684699875,-95.504468,0.930235255082253,0.7651246407,-97.60153115,-94.75399735,1.00031226843385,6618.23530794392,6154.69575656426
"1145","log_lik[49]",-100.48294358875,-100.232965,0.888268207487194,0.657894854400004,-102.2275355,-99.59893885,0.999933811895836,7151.87587627896,6606.69019195334
"1146","log_lik[50]",-91.85658645475,-91.5851845,1.02785332721242,0.881230753199994,-93.8666208,-90.7183446,1.00131257271569,4182.91522706221,4538.8226517643
"1147","log_lik[51]",-90.406207792375,-90.0786685,1.08181684106488,0.809182323599989,-92.58694445,-89.3228065,0.999965845726179,3903.98706566802,4933.34311436071
"1148","log_lik[52]",-99.50054805275,-99.2961325,0.889212238516649,0.771069125400004,-101.178373,-98.49369565,1.0009262635783,2778.13043440928,3749.4189911495
"1149","log_lik[53]",-99.998031703625,-99.9027905,1.1885174785615,1.22143185570001,-101.9669625,-98.22380785,1.00075104014698,3415.49786569238,4892.71126769559
"1150","log_lik[54]",-97.07666803125,-96.7461465,1.07286656112428,0.777453201000003,-99.2068837,-96.04735055,1.00170683542985,3461.39220411896,3695.1122997563
"1151","log_lik[55]",-97.245682737375,-96.96561,0.967413250596692,0.697831650599999,-99.1536248,-96.3060632,1.00032668017454,7465.21339977008,5708.47888771289
"1152","log_lik[56]",-88.42371721025,-88.3509295,0.958653683221362,0.8402628087,-90.0697336,-86.98967,1.00064555939091,3637.89774650771,3825.86715596535
"1153","log_lik[57]",-102.8474038375,-102.58885,0.714227847706093,0.355905543000008,-104.2489835,-102.2604945,1.00093055537176,4576.3925591436,5253.86545744556
"1154","log_lik[58]",-60.719029544375,-60.483357,0.857974762445243,0.645830938199996,-62.38592425,-59.8025856,1.00048492688076,3687.46253016043,4385.68091812331
"1155","log_lik[59]",-88.06889257325,-87.6943445,1.39693735500046,1.1104147677,-90.8809366,-86.5577145,1.00093194754977,5651.97348323902,5402.71341345742
"1156","log_lik[60]",-99.062564907375,-99.161219,1.42808055056005,1.41352714859998,-101.182887,-96.60910235,1.00041543764426,4237.75217949495,5484.92222048406
"1157","log_lik[61]",-63.367570550375,-63.077362,1.47710802508021,1.3691477415,-66.30280545,-61.4835942,1.00056546160008,4035.04057489166,4213.36404941818
"1158","log_lik[62]",-94.556403656625,-94.2793055,1.27668679450975,1.1211502743,-97.1915176,-93.0486026,0.999791047337222,3579.46578077849,3942.28815606312
"1159","log_lik[63]",-85.483281269875,-85.299123,1.12337394701987,1.101164085,-87.464386,-84.01785785,1.00047560734016,4287.40003021985,4588.44470851451
"1160","log_lik[64]",-93.6531943265,-93.329471,1.5231696521603,1.4531681661,-96.66092775,-91.8094848,1.00097127935547,4457.30043783455,3953.00771459215
"1161","log_lik[65]",-77.055848171125,-76.7835725,0.994572332732578,0.755299450499977,-79.04382255,-76.04088655,1.00045805824477,5914.57825718236,5748.23254300129
"1162","log_lik[66]",-101.7250578425,-101.44297,0.821124540023909,0.476707791000006,-103.407764,-101.0109095,1.00081677540383,4349.36094717484,5424.482720824
"1163","log_lik[67]",-86.725947532,-86.3903365,1.20660177697804,0.939867583200002,-89.16117725,-85.47158,1.00047880116204,3924.14223268498,4130.80894025801
"1164","log_lik[68]",-33.508742900125,-33.2600235,0.811309985753484,0.559053618900007,-35.11515655,-32.7597741,1.00037576052131,3873.95797060091,5038.13481019215
"1165","log_lik[69]",-94.504540740625,-94.21996,2.14825243303316,2.1266125293,-98.5038605,-91.53049955,1.00094543004654,4802.81633123119,4544.8430597374
"1166","log_lik[70]",-65.007564430125,-64.811698,1.9081068711075,1.9572336336,-68.3747323,-62.18049225,1.00003174949758,4979.3402745395,4762.45536207787
"1167","log_lik[71]",-82.22673218425,-81.861266,1.68791462037733,1.47395644200001,-85.51969625,-80.15872715,1.0004133885486,6490.08658350777,6273.60858835274
"1168","log_lik[72]",-77.056330786875,-76.9069395,0.798467950096906,0.59559674369999,-78.56372855,-76.14433915,1.00034653438605,4054.8503267954,4724.52969431833
"1169","log_lik[73]",-102.03131246375,-101.85157,0.769979693391422,0.540985914000004,-103.533529,-101.2667505,1.00054682641581,3199.55808860753,4455.21619594016
"1170","log_lik[74]",-80.43493553325,-80.154017,0.824339017522404,0.527759639399992,-82.07090035,-79.7190461,1.00022762999013,6052.84064996629,5758.97832918099
"1171","log_lik[75]",-89.67893318975,-89.351607,1.14990996494893,0.864673076399997,-91.932066,-88.51773565,1.00006461119048,4968.99684781181,4984.96712389832
"1172","log_lik[76]",-69.93873496375,-69.7169845,0.951227090789393,0.790508976599993,-71.7960906,-68.894673,1.00081596016524,7117.3074422779,5995.17099991711
"1173","log_lik[77]",-97.646863059125,-97.358005,2.24694812005579,2.49038030009999,-101.7279625,-94.4888918,1.00063928864158,4351.95556901049,4293.8112479583
"1174","log_lik[78]",-93.96091470775,-93.5068905,3.47722160150664,3.7800488208,-99.9439771,-88.928164,1.0020054125599,1162.90343043271,2243.12016587221
"1175","log_lik[79]",-100.066793837875,-99.837416,0.864367018515698,0.665444994899998,-101.735514,-99.18377825,1.00067477586872,6794.45140102742,6177.1733010929
"1176","log_lik[80]",-102.68335287125,-102.501625,0.719720085122862,0.470028678000004,-104.100288,-101.9784105,1.00208906101236,3144.714657129,4758.64039461752
"1177","log_lik[81]",-78.87057917675,-78.6263905,0.727558861314434,0.335905269000001,-80.31384225,-78.18783285,1.00035780171021,3830.46880187308,5371.43289319099
"1178","log_lik[82]",-59.420985695125,-59.1867405,0.801310612366322,0.5422246263,-61.00056075,-58.66869345,1.00102940460543,6252.84867411622,5606.64628496382
"1179","log_lik[83]",-85.853541327625,-85.8600525,1.52023394943821,1.7562709101,-88.12260265,-83.4176652,1.00059588360715,3537.30412982741,3990.26283075389
"1180","log_lik[84]",-94.157325822375,-93.864839,1.04950066683616,0.870497470499998,-96.1761146,-93.04788435,1.00038463097639,2824.54576146193,3207.92241856758
"1181","log_lik[85]",-95.7910826545,-95.459946,1.13869386483288,0.863811685800002,-98.11759005,-94.67514185,0.9997504040415,3695.80180070183,4096.08551040253
"1182","log_lik[86]",-98.448260977125,-98.1953725,0.820450025433653,0.548449322400007,-100.1034225,-97.69093575,1.00113414373733,5982.06468361583,5784.26071489037
"1183","log_lik[87]",-88.883182803375,-88.625533,0.712860592938747,0.354990037500012,-90.3280362,-88.31902205,1.00037097848031,5870.64936083146,6251.54772466721
"1184","log_lik[88]",-65.7243935325,-65.510156,0.754097099505366,0.447746682599996,-67.18236615,-65.0170933,1.000708890807,4346.24149174017,4943.447932911
"1185","log_lik[89]",-101.201814065,-100.98293,0.786141413951963,0.512230887,-102.7386785,-100.373331,1.00024667435377,3841.86640072282,6072.98791645847
"1186","log_lik[90]",-100.438153265375,-100.250065,0.91526689404398,0.842471141400008,-102.023102,-99.34197575,1.0008757829995,3883.4814644472,4321.51945017065
"1187","log_lik[91]",-85.085851523,-84.837472,0.791540639834239,0.534658918499987,-86.68891475,-84.35698285,1.00021398512084,6570.49120482574,6234.12692822879
"1188","log_lik[92]",-103.48859896375,-103.217445,0.948342587572529,0.716859338999996,-105.325321,-102.537479,1.00052932630998,6070.44133716412,5302.39475318857
"1189","log_lik[93]",-100.91648224,-100.657035,0.752851632030532,0.447982416000011,-102.439335,-100.2924085,1.00050836964998,5724.2020579022,5290.90233080283
"1190","log_lik[94]",-58.185849299125,-57.9595915,0.985752722028014,0.833999565000001,-60.1148846,-56.98322255,1.00073725537124,3886.69607488273,4404.40779271738
"1191","log_lik[95]",-70.600077825125,-70.2640275,1.32417091567977,1.0715083785,-73.2283546,-69.19423295,0.999813530287324,7088.13006900712,6187.49459229703
"1192","log_lik[96]",-88.5291918185,-88.3018455,0.72191982763485,0.397281943799992,-89.95468135,-87.8589547,1.00095224423572,3587.11403843758,4547.12316206202
"1193","log_lik[97]",-95.834733583875,-95.5934035,1.53405599116095,1.44430221809999,-98.74358405,-93.75008765,1.00106440603993,3881.27504945042,3606.75072502987
"1194","log_lik[98]",-75.633427032375,-75.280312,1.22636855739992,0.924973383600009,-78.01371335,-74.38144035,1.00123037400417,5829.49332553656,6400.27921155291
"1195","log_lik[99]",-82.126273074375,-81.8329245,1.03805660343707,0.835413965399991,-84.16530385,-81.0475478,1.00054403475958,6011.5279879229,6004.03050099201
"1196","log_lik[100]",-65.792297497625,-65.5589575,0.707589549273416,0.398777145899999,-67.251925,-65.18737165,1.00034820215744,3558.19979686063,4525.85542747269
"1197","log_lik[101]",-87.636772800375,-87.360373,1.17561249475957,0.989036529600012,-90.03030195,-86.24607775,1.00011246421519,3922.63045223758,4465.79431010813
"1198","log_lik[102]",-86.29290051475,-86.0224385,0.899592251861701,0.647444748299988,-88.10398705,-85.42127915,1.00044099357711,6455.50327574897,5521.9853809737
"1199","log_lik[103]",-0.301401417183679,-0.0882798105,0.531220528966549,0.12755968127238,-1.336807005,-0.000412578535000001,0.999949395265053,7723.83353485196,6097.38679714706
"1200","log_lik[104]",-101.38556615375,-101.211695,0.822664087951618,0.688067247,-102.940618,-100.459244,1.00009381870458,3658.51167694439,5092.13750329598
"1201","log_lik[105]",-98.201445413,-97.840732,1.46142365304707,1.29750776820001,-101.1340775,-96.4715187,1.00111700116475,4868.36264513231,4650.72629888987
"1202","log_lik[106]",-100.0269021265,-99.7521255,0.965228687938663,0.700793885399999,-101.9057205,-99.0910118,1.00061666774295,5909.77540818501,5307.39266671029
"1203","log_lik[107]",-94.4911101705,-94.3362425,0.795909033615559,0.552045368699998,-96.0134184,-93.58708625,1.00128523068681,3506.1481050826,5199.06762537797
"1204","log_lik[108]",-76.971370069625,-76.7745455,2.11931946386209,2.1728007084,-80.6597735,-73.8299047,1.00027490301965,5369.37299289394,5318.82431072864
"1205","log_lik[109]",-63.218573875,-63.0523845,1.27190182857141,1.27293070799999,-65.54590395,-61.44010875,1.00061991591132,4665.99443759951,4279.98112157221
"1206","log_lik[110]",-99.60553650125,-99.5915985,1.26140403355367,1.2848960313,-101.5728955,-97.6016846,1.00036405491058,3444.58648393648,4203.6496497868
"1207","log_lik[111]",-64.935296926875,-64.675013,0.926618501215808,0.710783644199997,-66.8059247,-63.9952905,1.0000114104348,6090.40949565605,5789.66996615439
"1208","log_lik[112]",-60.574043373875,-60.401382,0.745297147353511,0.494760669900005,-62.06673005,-59.800243,1.00007695088334,4761.29305503452,4626.52731691984
"1209","log_lik[113]",-94.99300585425,-94.6325695,1.17098425657105,0.827566563600009,-97.30544925,-93.88856075,1.0000033919145,4415.73228644031,5056.11275168278
"1210","log_lik[114]",-88.558778981625,-88.1902835,1.39531203419336,1.17368768789999,-91.3924826,-86.94796815,1.00005111702853,3757.62649585896,4278.18952273393
"1211","log_lik[115]",-102.1398763075,-101.950935,0.805364409021953,0.626183522999994,-103.679939,-101.293154,1.0009897922273,3388.15948596397,5494.72889695265
"1212","log_lik[116]",-83.572226236,-83.3145585,0.724778366615286,0.338058004200002,-84.9869785,-82.9715638,1.00025142917063,4515.24327513637,5376.77838395901
"1213","log_lik[117]",-100.22098464725,-100.17236,1.11532737127033,1.1192154813,-102.0913425,-98.55813395,1.00011684793816,4529.13731551626,4365.05999361041
"1214","log_lik[118]",-98.43219142825,-98.1967735,0.773289881364481,0.509362797300003,-99.9223175,-97.7144787,1.00001706966333,6781.70311479463,5973.44695502989
"1215","log_lik[119]",-100.266870599375,-100.013305,0.716676886808937,0.372648544800011,-101.6748005,-99.655631,1.00040707641954,3846.28836152032,5343.37295584431
"1216","log_lik[120]",-94.984879763,-94.6685465,1.62895973438449,1.4530940361,-98.1158813,-92.90034755,1.00050873197056,4739.84073302479,4992.27979091229
"1217","log_lik[121]",-101.141843555125,-100.86014,1.06165236434754,0.838113780000011,-103.243009,-100.031414,1.00080036235364,5241.90638376143,5766.87413800171
"1218","log_lik[122]",-81.043570562625,-80.736658,1.12884578196601,0.895871428200006,-83.2683247,-79.8636227,1.00054497657465,6158.33495869622,5544.95762191095
"1219","log_lik[123]",-85.405733408375,-85.1443405,0.889377052523011,0.641360899199999,-87.2026099,-84.54390485,1.00030123723544,4683.58258028134,4455.94396292307
"1220","log_lik[124]",-91.33341850375,-90.9631855,1.62290812425455,1.37819234279999,-94.4905142,-89.41957335,1.000519387953,5758.56734234477,4871.24911493572
"1221","log_lik[125]",-56.687848175625,-56.4512365,0.774386719396915,0.480093308100002,-58.24726865,-56.0044207,1.00042383551759,3696.70823907187,4340.13254871112
"1222","log_lik[126]",-93.65107017275,-93.3986645,0.985640181290789,0.809335772700002,-95.5952581,-92.6036455,1.00043635750495,6795.59852073367,5661.9275874257
"1223","log_lik[127]",-52.83470924525,-52.4563435,1.32590906017801,1.0347050574,-55.4649675,-51.4984702,1.00058670989278,5921.31589568068,4957.47662165511
"1224","log_lik[128]",-59.215588128625,-58.949577,0.733637279506746,0.388229188200009,-60.7051345,-58.6340387,1.00046626792313,5150.52396774823,5241.78085140193
"1225","log_lik[129]",-93.126894532,-92.9478925,0.814935003592572,0.622324315200004,-94.6971022,-92.22637935,1.00081302850536,3577.48071977028,4460.5209540891
"1226","log_lik[130]",-89.74397421725,-89.4902325,0.829573515155308,0.540902147100005,-91.35657525,-88.93729085,1.00112243798231,5193.13863667137,4999.2123621433
"1227","log_lik[131]",-82.93660999775,-82.691914,0.827657151797307,0.583152540599995,-84.57452955,-82.1592066,1.00014515702795,6803.65183965409,6208.81355725472
"1228","log_lik[132]",-65.107079728125,-64.9719445,0.990328712832367,0.88339831440001,-66.87635585,-63.7790195,1.00076850108959,3759.99074950587,4386.64528770836
"1229","log_lik[133]",-80.06805935675,-79.833576,0.696515470120153,0.345430973999991,-81.471859,-79.4074059,1.00162517134687,4329.83699060657,5206.44853216269
"1230","log_lik[134]",-102.01459118625,-101.76428,0.763491386092883,0.454765310999994,-103.543716,-101.3602995,1.00003747779239,6126.40252066537,5709.67876913431
"1231","log_lik[135]",-101.52987986,-101.2783,0.680922568725902,0.325111940999999,-102.9242435,-100.989139,1.00101834579781,3850.1222508419,5182.43900553967
"1232","log_lik[136]",-96.7266699665,-96.437216,1.04118266494958,0.799732231200008,-98.8055755,-95.601554,1.0000669007201,3091.08989238195,4365.10239874568
"1233","log_lik[137]",-68.09367818075,-67.9387125,0.762063449405023,0.472967191200001,-69.53501185,-67.19651385,1.00054072291322,3411.77841056488,4306.92737007171
"1234","log_lik[138]",-101.99133470875,-101.703175,0.976907354182869,0.723353126999992,-103.981392,-101.022984,1.00016751294107,4937.14371946433,5394.82370297066
"1235","log_lik[139]",-102.85743032875,-102.60539,0.787321320201883,0.504462062999999,-104.4288235,-102.1473065,1.00056498306685,5808.65088684227,5453.13029936228
"1236","log_lik[140]",-100.567845188125,-100.279805,1.00168998777176,0.733086395999984,-102.5156085,-99.5946497,1.00094340265607,4304.31512294023,4814.85753966435
"1237","log_lik[141]",-97.134667141625,-96.787786,1.21162446233797,1.01366103299999,-99.62360135,-95.8321885,1.00092854849624,4115.64752878806,4260.73038459251
"1238","log_lik[142]",-87.5252009295,-88.0249585,1.9302318289004,1.90994684790001,-90.04065645,-84.2495457,1.00193102007406,2063.21081222892,5105.18246684947
"1239","log_lik[143]",-85.730326372625,-85.4585695,1.25544415497257,1.09450202189999,-88.1434906,-84.25941065,1.0003350535288,5347.67515763936,4716.77025948538
"1240","log_lik[144]",-77.516627902625,-77.35365,1.91483698896439,2.01321512700001,-80.96113395,-74.68204305,1.00046506860335,4028.3716969441,4731.92281058398
"1241","log_lik[145]",-94.058136982625,-93.823972,0.787870284578874,0.551631723299999,-95.63426655,-93.31079535,1.00064288574946,5902.90390520763,5631.19892384066
"1242","log_lik[146]",-69.53070543675,-69.141386,1.52105392053749,1.2914639493,-72.5378877,-67.84415,1.00088354032222,6091.54249318598,5258.05287013329
"1243","log_lik[147]",-89.93288395225,-89.7226115,0.87269176384083,0.708871090200001,-91.59520475,-88.9198022,1.00225013115142,3371.20971042063,4116.43443317716
"1244","log_lik[148]",-81.221072284625,-81.1197375,1.0187605024521,1.0071946731,-82.9238586,-79.73763615,1.00007319142787,4139.72735499057,4938.00501382951
"1245","log_lik[149]",-85.185086489875,-84.8405745,1.21300834823853,0.929507915700001,-87.58407415,-83.92799395,1.00065480633615,5285.78466066095,5736.47823910525
"1246","log_lik[150]",-101.40909515,-101.16402,0.915341897050163,0.735184274999987,-103.131441,-100.388088,1.00180279917305,2834.37762952058,4710.76931671232
"1247","log_lik[151]",-80.869256171625,-80.6308195,0.925396535717459,0.735595696500001,-82.74598255,-79.81314695,1.00158290472774,3010.5216199268,3993.40350578801
"1248","log_lik[152]",-92.588929995375,-92.168334,1.65673315024255,1.4312434773,-95.81862035,-90.7431499,1.00060539264786,7029.53473608945,5479.17512167147
"1249","log_lik[153]",-98.370748582,-98.0655985,1.21904290466251,1.01550168089999,-100.834936,-96.9628367,1.00231060821909,3834.09483184533,4576.38565710104
"1250","log_lik[154]",-86.894152968875,-86.6259405,0.762153516794548,0.417653609099998,-88.46938335,-86.2814693,1.00127940124779,4984.85802959271,5407.10318137571
"1251","log_lik[155]",-101.351820745,-101.068575,0.785276575082926,0.390791120999999,-102.912181,-100.7000855,1.0012625529775,4516.72202998957,4834.09422027607
"1252","log_lik[156]",-78.00467105375,-77.7466015,0.802306054521004,0.504231518700001,-79.5858671,-77.30536555,1.0003455987359,5001.43668662657,5020.91077196028
"1253","log_lik[157]",-96.14610393575,-95.983528,2.14470552221569,2.2289467704,-99.967681,-92.8980878,1.00061398523313,3426.51670076365,3842.41736627947
"1254","log_lik[158]",-61.518866044,-61.274928,0.951586588990767,0.770078007299999,-63.4166797,-60.5200176,1.0014522490932,7771.92102698149,6394.65227809475
"1255","log_lik[159]",-83.032559928625,-82.673334,1.76085300599209,1.609858971,-86.315175,-80.85542045,1.00017231744441,6829.41560535477,5678.63235432985
"1256","log_lik[160]",-62.310741001875,-62.1011375,0.756040613781736,0.425214869100002,-63.76063475,-61.5969115,1.00059562709409,4015.89113783566,4892.51718388776
"1257","log_lik[161]",-92.114140405625,-91.972159,1.48966316928434,1.61395687740001,-94.66443545,-89.94686845,1.00131046763134,2735.90342381556,3722.24585443653
"1258","log_lik[162]",-85.71194500925,-85.4567125,0.728348845601979,0.39039378419999,-87.1468759,-85.09511165,1.00017112355204,4221.76051201003,4778.38092736409
"1259","log_lik[163]",-100.8401128615,-100.65506,0.779141707348935,0.494432274000007,-102.3174935,-99.9465286,1.0012253005258,2733.26995819825,5127.38986984138
"1260","log_lik[164]",-102.452112225,-102.313735,0.739848625858339,0.530644779000008,-103.841965,-101.6395795,1.00043923979549,3540.67080327537,5105.52047054742
"1261","log_lik[165]",-101.80657919125,-101.54787,0.778178143110953,0.429590762999999,-103.334584,-101.0914925,1.00143699080118,3271.85951984834,4452.66466286713
"1262","log_lik[166]",-101.72447705875,-101.464045,0.82891758309764,0.523068692999995,-103.3078315,-100.9922025,1.00008776555382,6136.27696429589,5362.75159416601
"1263","log_lik[167]",-100.601354266,-100.32988,0.797850340319731,0.476448335999998,-102.1978775,-99.93510355,1.00089737182627,4914.20701329645,5288.3183813037
"1264","log_lik[168]",-96.373471693,-96.095525,0.962118770598562,0.736190960400005,-98.29846105,-95.3976402,1.00007624332969,7134.52772674103,6106.66249929166
"1265","log_lik[169]",-90.82049901875,-90.602346,0.91435471820189,0.768646557,-92.46988405,-89.84490015,1.00107273427209,3132.0234147984,3882.92049956902
"1266","log_lik[170]",-74.023814632375,-73.7916535,0.887958637931609,0.710986019099992,-75.76255305,-73.09180235,1.00080599969414,6667.4218683553,6036.31718653755
"1267","log_lik[171]",-57.154610501375,-56.7860645,2.69811160747645,2.6101699323,-62.09163035,-53.4604845,1.0006191508506,6533.86184668949,5705.74983886889
"1268","log_lik[172]",-69.936022701875,-69.6763575,0.732936049324797,0.355518584399984,-71.3762325,-69.3239908,1.00022845868902,3702.74146520968,5104.99561345449
"1269","log_lik[173]",-103.5660869225,-103.274175,1.05875111547797,0.846260667000006,-105.6632325,-102.4649305,1.00089157908684,4777.00262286215,5651.96034642385
"1270","log_lik[174]",-95.335234299625,-94.959167,1.4641799719442,1.20446498130001,-98.18452805,-93.72366995,1.00094791404669,4957.78699459677,4480.77450627203
"1271","log_lik[175]",-94.23434932175,-93.9476155,0.991189933042454,0.753357244500024,-96.19507455,-93.2410539,1.0002185454082,5837.29763598769,5512.97527159822
"1272","log_lik[176]",-80.13696961075,-79.870242,0.764554023301928,0.412027142100003,-81.645251,-79.46767675,1.00109721105412,3987.51546950325,5294.88568594039
"1273","log_lik[177]",-99.668797094875,-99.490447,1.50537155190506,1.5270275916,-102.323554,-97.50196435,1.00064580186269,3754.62142433284,3519.07408643788
"1274","log_lik[178]",-99.967954816875,-99.6965775,0.78000447721525,0.444246263999995,-101.545426,-99.29138575,1.00073036886046,4030.36917451873,5244.00359033346
"1275","log_lik[179]",-72.547221225,-72.486379,0.955478399561974,0.825966838200003,-74.19113115,-71.1513344,1.00065341996472,4434.80225588689,4661.68495431374
"1276","log_lik[180]",-103.16356123125,-102.894325,0.978981725309547,0.741129500999999,-105.059284,-102.1809945,1.00086366649401,5946.02082927612,5168.36126390231
"1277","log_lik[181]",-101.81726799125,-101.64176,0.838573842828608,0.610304877000011,-103.4121625,-100.9277675,1.00013877190054,2927.02687830424,4345.43329842819
